R_Ortalama,G_Ortalama,B_Ortalama,Parlaklik,Aci_Sinifi
116.86669921875,116.86669921875,116.86669921875,116.86669921875,dutch
99.976318359375,71.252685546875,66.653076171875,79.29402669270833,dutch
82.08203125,83.541748046875,90.176513671875,85.26676432291667,dutch
123.468505859375,123.468505859375,123.468505859375,123.468505859375,dutch
46.333984375,47.64892578125,55.7197265625,49.90087890625,dutch
110.1103515625,109.456298828125,106.16552734375,108.577392578125,dutch
102.24951171875,105.8642578125,89.017822265625,99.04386393229167,dutch
99.720947265625,108.50341796875,110.041259765625,106.08854166666667,dutch
159.135009765625,149.71533203125,150.38720703125,153.07918294270834,dutch
42.8095703125,42.8095703125,42.8095703125,42.8095703125,dutch
50.379638671875,32.6669921875,29.050048828125,37.365559895833336,dutch
59.039794921875,47.31982421875,36.3515625,47.570393880208336,dutch
50.284912109375,29.1513671875,26.16455078125,35.200276692708336,dutch
78.796875,78.796875,78.796875,78.796875,dutch
43.642333984375,34.62060546875,33.674560546875,37.3125,dutch
97.58544921875,96.142578125,96.224609375,96.65087890625,dutch
159.690185546875,145.010498046875,151.72412109375,152.1416015625,dutch
24.1015625,24.1015625,24.1015625,24.1015625,dutch
119.08251953125,119.08251953125,119.08251953125,119.08251953125,dutch
56.240478515625,60.778564453125,66.342041015625,61.120361328125,dutch
177.989501953125,171.43359375,157.18115234375,168.86808268229166,dutch
128.778564453125,141.592529296875,117.25146484375,129.20751953125,dutch
82.87646484375,82.874267578125,82.890380859375,82.88037109375,dutch
105.023681640625,109.24853515625,124.74462890625,113.005615234375,dutch
111.97802734375,113.077392578125,95.50830078125,106.85457356770833,dutch
57.482177734375,62.410400390625,57.68408203125,59.192220052083336,dutch
47.060302734375,30.69287109375,22.718505859375,33.490559895833336,dutch
147.78857421875,135.3525390625,114.617431640625,132.586181640625,dutch
21.857666015625,40.40673828125,38.931884765625,33.732096354166664,dutch
180.884765625,181.06640625,178.48193359375,180.14436848958334,dutch
123.6787109375,123.6787109375,123.6787109375,123.6787109375,dutch
34.218017578125,34.796142578125,40.89208984375,36.635416666666664,dutch
63.500244140625,42.32568359375,35.15576171875,46.993896484375,dutch
140.28173828125,128.431884765625,126.69970703125,131.804443359375,dutch
119.40966796875,119.40966796875,119.40966796875,119.40966796875,dutch
106.941650390625,96.12548828125,89.421875,97.496337890625,dutch
56.23779296875,55.909423828125,49.74560546875,53.964274088541664,dutch
66.768310546875,63.27783203125,61.7822265625,63.942789713541664,dutch
45.27001953125,45.296875,45.26318359375,45.276692708333336,dutch
101.4560546875,80.502685546875,59.90380859375,80.620849609375,dutch
68.235595703125,69.451416015625,66.208251953125,67.965087890625,dutch
70.937255859375,53.427978515625,41.604248046875,55.323160807291664,dutch
117.092529296875,129.51513671875,112.102294921875,119.56998697916667,dutch
42.658203125,30.6875,28.661865234375,34.002522786458336,dutch
91.5859375,91.16357421875,94.47705078125,92.40885416666667,dutch
39.445068359375,39.445068359375,39.445068359375,39.445068359375,dutch
44.4345703125,37.554931640625,30.557373046875,37.515625,dutch
116.059326171875,91.44873046875,70.311279296875,92.6064453125,dutch
22.796875,27.054931640625,33.538330078125,27.796712239583332,dutch
64.322265625,64.322265625,64.322265625,64.322265625,dutch
89.239990234375,89.983154296875,94.21142578125,91.14485677083333,dutch
45.797607421875,49.050537109375,57.638427734375,50.828857421875,dutch
178.536376953125,176.206787109375,170.604248046875,175.11580403645834,dutch
79.210205078125,79.210205078125,79.210205078125,79.210205078125,dutch
114.396484375,109.297119140625,112.70068359375,112.13142903645833,dutch
81.128662109375,80.5205078125,75.4990234375,79.04939778645833,dutch
138.68701171875,133.93408203125,114.3623046875,128.99446614583334,dutch
150.540283203125,134.254150390625,121.905517578125,135.566650390625,dutch
119.890869140625,119.890869140625,119.890869140625,119.890869140625,dutch
60.4990234375,50.961181640625,50.4013671875,53.953857421875,dutch
90.72412109375,88.779296875,78.8525390625,86.11865234375,dutch
47.70654296875,48.36181640625,48.05859375,48.042317708333336,dutch
61.595458984375,60.446533203125,59.35546875,60.4658203125,dutch
146.292236328125,144.57421875,139.232666015625,143.36637369791666,dutch
117.266845703125,117.266845703125,117.266845703125,117.266845703125,dutch
97.34228515625,97.207275390625,101.02099609375,98.52351888020833,dutch
122.7529296875,92.93359375,69.44873046875,95.04508463541667,dutch
68.963623046875,68.44189453125,76.452392578125,71.28597005208333,dutch
81.163330078125,47.318603515625,22.61181640625,50.364583333333336,dutch
112.39697265625,97.22412109375,81.68408203125,97.10172526041667,dutch
41.4580078125,39.50439453125,37.6328125,39.53173828125,dutch
37.699462890625,9.614501953125,7.008544921875,18.107503255208332,dutch
94.5830078125,79.607421875,129.775634765625,101.322021484375,dutch
123.943603515625,130.998291015625,126.353515625,127.09847005208333,dutch
74.264892578125,55.842529296875,51.890869140625,60.666097005208336,dutch
137.86181640625,114.784423828125,123.864013671875,125.50341796875,dutch
24.67919921875,21.973876953125,17.80859375,21.487223307291668,dutch
151.439453125,151.439453125,151.439453125,151.439453125,dutch
115.837158203125,111.30224609375,109.426025390625,112.1884765625,dutch
121.57373046875,121.57373046875,121.57373046875,121.57373046875,dutch
107.590087890625,106.033203125,105.1484375,106.25724283854167,dutch
136.47216796875,134.590576171875,122.9482421875,131.33699544270834,dutch
169.9873046875,160.4794921875,152.885498046875,161.117431640625,dutch
72.845703125,63.681640625,57.242919921875,64.590087890625,dutch
117.298583984375,117.298583984375,117.298583984375,117.298583984375,dutch
122.268310546875,106.80078125,114.349853515625,114.47298177083333,dutch
119.855224609375,122.399658203125,112.9248046875,118.39322916666667,dutch
70.456787109375,44.059814453125,38.115478515625,50.877360026041664,dutch
116.6123046875,116.6123046875,116.6123046875,116.6123046875,dutch
58.005615234375,45.958740234375,38.354736328125,47.439697265625,dutch
108.989501953125,108.989501953125,108.989501953125,108.989501953125,dutch
107.528076171875,107.528076171875,107.528076171875,107.528076171875,dutch
115.940673828125,115.940673828125,115.940673828125,115.940673828125,dutch
55.878662109375,44.96337890625,51.31005859375,50.717366536458336,dutch
17.380126953125,18.931884765625,17.75390625,18.02197265625,dutch
130.83837890625,132.2373046875,132.733154296875,131.936279296875,dutch
119.61328125,125.0498046875,123.97265625,122.87858072916667,dutch
118.3212890625,118.3212890625,118.3212890625,118.3212890625,dutch
109.32568359375,98.488525390625,96.56982421875,101.46134440104167,dutch
169.973876953125,133.73828125,98.6318359375,134.11466471354166,dutch
19.814697265625,15.00732421875,15.9697265625,16.930582682291668,dutch
61.5517578125,61.5517578125,61.5517578125,61.5517578125,dutch
162.6826171875,158.779541015625,143.868408203125,155.11018880208334,dutch
112.912841796875,109.953369140625,110.4130859375,111.09309895833333,dutch
64.957763671875,62.642578125,59.1728515625,62.257731119791664,dutch
62.150146484375,43.256591796875,29.98291015625,45.1298828125,dutch
40.438720703125,47.47265625,51.216796875,46.376057942708336,dutch
114.826416015625,117.9599609375,109.721435546875,114.16927083333333,dutch
117.291748046875,117.291748046875,117.291748046875,117.291748046875,dutch
54.23193359375,36.49853515625,23.3603515625,38.0302734375,dutch
60.36083984375,56.67041015625,58.06640625,58.365885416666664,dutch
85.47998046875,72.765869140625,66.505126953125,74.9169921875,dutch
79.466064453125,79.466064453125,79.466064453125,79.466064453125,dutch
62.435302734375,71.156005859375,66.48388671875,66.69173177083333,dutch
120.837890625,114.12841796875,108.72216796875,114.56282552083333,dutch
104.01953125,110.93896484375,113.41748046875,109.45865885416667,dutch
84.49609375,87.234130859375,92.48828125,88.07283528645833,dutch
45.657470703125,37.253662109375,38.040771484375,40.317301432291664,dutch
59.923095703125,55.5087890625,55.6640625,57.031982421875,dutch
141.822021484375,141.093505859375,141.339111328125,141.418212890625,dutch
59.52099609375,46.370361328125,43.89404296875,49.928466796875,dutch
96.64599609375,88.7822265625,79.26123046875,88.22981770833333,dutch
79.6123046875,79.30419921875,78.458984375,79.12516276041667,dutch
50.380859375,53.201904296875,37.394775390625,46.992513020833336,dutch
131.281982421875,130.293701171875,140.248046875,133.94124348958334,dutch
82.724609375,84.234130859375,82.6689453125,83.209228515625,dutch
129.310791015625,126.0625,128.706787109375,128.02669270833334,dutch
94.848876953125,90.826904296875,103.371337890625,96.34903971354167,dutch
119.27880859375,117.369384765625,111.880859375,116.17635091145833,dutch
45.74462890625,38.212158203125,28.983642578125,37.646809895833336,dutch
35.65185546875,40.19384765625,45.784912109375,40.543538411458336,dutch
59.12109375,42.38720703125,29.6943359375,43.734212239583336,dutch
115.05224609375,74.352783203125,44.047607421875,77.81754557291667,dutch
97.264892578125,97.264892578125,97.264892578125,97.264892578125,dutch
121.479248046875,122.167236328125,77.2548828125,106.96712239583333,dutch
70.664306640625,70.664306640625,70.664306640625,70.664306640625,dutch
44.624267578125,36.401611328125,26.394287109375,35.806722005208336,dutch
66.2509765625,66.304931640625,65.737548828125,66.09781901041667,dutch
31.755126953125,31.75634765625,31.792236328125,31.767903645833332,dutch
134.25634765625,131.7841796875,127.73681640625,131.25911458333334,dutch
115.0966796875,77.81787109375,71.77099609375,88.228515625,dutch
40.952880859375,30.300537109375,29.511962890625,33.588460286458336,dutch
75.652587890625,71.76708984375,69.433837890625,72.28450520833333,dutch
188.545654296875,171.87060546875,154.28076171875,171.565673828125,dutch
46.2587890625,55.13916015625,56.78515625,52.727701822916664,dutch
115.225830078125,115.225830078125,115.225830078125,115.225830078125,dutch
120.3427734375,120.3427734375,120.3427734375,120.3427734375,dutch
153.33056640625,153.33056640625,153.33056640625,153.33056640625,dutch
147.016845703125,125.148681640625,113.2724609375,128.47932942708334,dutch
23.548583984375,30.338623046875,27.802490234375,27.229899088541668,dutch
132.12060546875,127.2490234375,111.35302734375,123.57421875,dutch
36.8857421875,36.8857421875,36.8857421875,36.8857421875,dutch
167.48974609375,163.326171875,166.00048828125,165.60546875,dutch
101.93798828125,85.210205078125,89.83349609375,92.32722981770833,dutch
107.51318359375,107.51318359375,107.51318359375,107.51318359375,dutch
96.138671875,84.971435546875,75.218994140625,85.44303385416667,dutch
73.966796875,70.6416015625,67.958984375,70.85579427083333,dutch
71.052490234375,80.43115234375,85.248046875,78.91056315104167,dutch
116.28662109375,116.28662109375,116.28662109375,116.28662109375,dutch
68.488037109375,68.488037109375,68.488037109375,68.488037109375,dutch
109.338134765625,125.0361328125,133.873779296875,122.74934895833333,dutch
82.502197265625,132.66650390625,113.55615234375,109.574951171875,dutch
26.1962890625,18.06591796875,15.7158203125,19.99267578125,dutch
42.970458984375,41.107666015625,30.84326171875,38.30712890625,dutch
66.741455078125,66.629638671875,66.6298828125,66.6669921875,dutch
45.316650390625,45.62451171875,45.163330078125,45.3681640625,dutch
63.3525390625,63.3525390625,63.3525390625,63.3525390625,dutch
126.55078125,124.10791015625,121.06298828125,123.9072265625,dutch
37.793212890625,56.71728515625,66.79248046875,53.767659505208336,dutch
42.772705078125,11.354248046875,7.7568359375,20.6279296875,dutch
141.074462890625,141.074462890625,141.074462890625,141.074462890625,dutch
88.264404296875,88.264404296875,88.264404296875,88.264404296875,dutch
187.60986328125,196.480712890625,198.698974609375,194.26318359375,dutch
66.40625,62.872314453125,72.3740234375,67.217529296875,dutch
109.915771484375,110.86474609375,106.1142578125,108.96492513020833,dutch
57.067626953125,44.2783203125,45.88671875,49.077555338541664,dutch
72.072509765625,72.072509765625,72.072509765625,72.072509765625,dutch
79.84130859375,80.105712890625,53.057373046875,71.00146484375,dutch
152.158203125,157.59130859375,158.979736328125,156.24308268229166,dutch
123.978759765625,123.978759765625,123.978759765625,123.978759765625,dutch
136.37890625,138.03759765625,119.4365234375,131.28434244791666,dutch
89.669677734375,81.01611328125,82.105224609375,84.263671875,dutch
69.22802734375,69.22802734375,69.22802734375,69.22802734375,dutch
105.270751953125,101.09716796875,98.587158203125,101.65169270833333,dutch
48.518310546875,29.107666015625,26.0390625,34.555013020833336,dutch
86.90576171875,116.3173828125,108.79833984375,104.00716145833333,dutch
100.706298828125,88.061767578125,78.90771484375,89.22526041666667,dutch
16.6298828125,21.845703125,13.83642578125,17.437337239583332,dutch
187.272216796875,188.87939453125,179.72412109375,185.29191080729166,dutch
45.78076171875,28.021728515625,23.748046875,32.516845703125,dutch
122.779541015625,122.779541015625,122.779541015625,122.779541015625,dutch
148.37939453125,167.898681640625,192.233154296875,169.50374348958334,dutch
95.458251953125,85.846435546875,73.581298828125,84.96199544270833,dutch
125.16064453125,110.4462890625,99.8369140625,111.81461588541667,dutch
129.280517578125,109.778564453125,81.555419921875,106.87150065104167,dutch
58.3427734375,54.363525390625,44.693603515625,52.466634114583336,dutch
18.163330078125,32.583251953125,22.11279296875,24.286458333333332,dutch
40.0771484375,30.040771484375,29.107666015625,33.0751953125,dutch
54.730712890625,30.670654296875,46.4111328125,43.9375,dutch
92.677978515625,91.931884765625,94.12109375,92.91031901041667,dutch
33.90673828125,33.071044921875,31.90087890625,32.959554036458336,dutch
86.0380859375,90.3427734375,106.433349609375,94.27140299479167,dutch
108.4580078125,110.52587890625,121.445556640625,113.47648111979167,dutch
46.150146484375,26.41064453125,21.847900390625,31.469563802083332,dutch
143.9326171875,143.9326171875,143.9326171875,143.9326171875,dutch
44.517822265625,30.46044921875,30.360595703125,35.112955729166664,dutch
174.271240234375,164.830810546875,158.6904296875,165.93082682291666,dutch
130.84228515625,114.852294921875,84.960693359375,110.21842447916667,dutch
47.90185546875,40.41796875,41.109130859375,43.142985026041664,dutch
47.7060546875,28.649169921875,24.755859375,33.703694661458336,dutch
120.3076171875,120.3076171875,120.3076171875,120.3076171875,dutch
134.668212890625,100.36328125,115.7041015625,116.911865234375,dutch
127.6416015625,114.536865234375,92.523193359375,111.56722005208333,dutch
117.843505859375,117.843505859375,117.843505859375,117.843505859375,dutch
117.97509765625,132.804443359375,135.51318359375,128.76424153645834,dutch
124.62255859375,124.62255859375,124.62255859375,124.62255859375,dutch
142.35546875,128.920654296875,111.034423828125,127.43684895833333,dutch
105.895263671875,98.554931640625,85.79248046875,96.74755859375,dutch
76.22607421875,78.76611328125,89.501953125,81.498046875,dutch
27.05224609375,27.05224609375,27.05224609375,27.05224609375,dutch
115.894775390625,115.894775390625,115.894775390625,115.894775390625,dutch
41.630615234375,51.19873046875,56.146728515625,49.65869140625,dutch
38.91796875,29.22119140625,27.664794921875,31.934651692708332,dutch
92.23779296875,84.955810546875,75.8740234375,84.35587565104167,dutch
68.901123046875,71.85595703125,83.383544921875,74.71354166666667,dutch
122.637451171875,86.483154296875,60.8564453125,89.99235026041667,dutch
89.26806640625,89.26806640625,89.26806640625,89.26806640625,dutch
86.198974609375,70.6953125,52.093505859375,69.66259765625,dutch
47.551025390625,27.612548828125,21.88134765625,32.348307291666664,dutch
133.640869140625,133.747314453125,131.025634765625,132.80460611979166,dutch
134.64501953125,121.370361328125,119.01806640625,125.01114908854167,dutch
135.384765625,145.558837890625,158.60546875,146.516357421875,dutch
11.558349609375,11.558349609375,11.558349609375,11.558349609375,dutch
135.34765625,132.046875,138.886962890625,135.42716471354166,dutch
84.448486328125,84.448486328125,84.448486328125,84.448486328125,dutch
48.677001953125,37.509521484375,37.58447265625,41.256998697916664,dutch
35.199951171875,35.199951171875,35.199951171875,35.199951171875,dutch
36.988525390625,9.675048828125,6.41162109375,17.691731770833332,dutch
81.584228515625,81.584228515625,81.584228515625,81.584228515625,dutch
124.44873046875,124.44873046875,124.44873046875,124.44873046875,dutch
77.73681640625,57.038330078125,48.360595703125,61.045247395833336,dutch
82.7060546875,84.8408203125,78.747802734375,82.09822591145833,dutch
85.21923828125,85.92333984375,90.106689453125,87.08308919270833,dutch
101.486083984375,109.535888671875,103.4736328125,104.83186848958333,dutch
47.65673828125,47.28515625,46.66015625,47.20068359375,dutch
97.046630859375,96.849853515625,101.694580078125,98.53035481770833,dutch
64.061767578125,60.77099609375,55.23291015625,60.021891276041664,dutch
132.02783203125,133.751220703125,139.1298828125,134.96964518229166,dutch
93.986572265625,82.90478515625,89.34375,88.74503580729167,dutch
33.1728515625,33.1728515625,33.1728515625,33.1728515625,dutch
50.506591796875,48.52587890625,52.1416015625,50.391357421875,dutch
75.441162109375,71.320068359375,68.210693359375,71.65730794270833,dutch
127.306640625,127.306640625,127.306640625,127.306640625,dutch
119.451904296875,119.451904296875,119.451904296875,119.451904296875,dutch
76.6630859375,76.31005859375,71.626708984375,74.86661783854167,dutch
69.627197265625,50.640869140625,37.6103515625,52.626139322916664,dutch
47.44384765625,47.44384765625,47.44384765625,47.44384765625,dutch
128.339599609375,128.339599609375,128.339599609375,128.339599609375,dutch
173.695556640625,163.2197265625,149.34130859375,162.08553059895834,dutch
58.564208984375,71.7294921875,74.947509765625,68.41373697916667,dutch
15.734130859375,16.52001953125,27.323486328125,19.859212239583332,dutch
66.89990234375,47.805908203125,34.0224609375,49.576090494791664,dutch
114.87548828125,117.078125,117.4521484375,116.46858723958333,dutch
125.48095703125,125.48095703125,125.48095703125,125.48095703125,dutch
121.38232421875,121.38232421875,121.38232421875,121.38232421875,dutch
106.879150390625,105.373046875,106.183349609375,106.14518229166667,dutch
156.47265625,126.271240234375,96.783935546875,126.50927734375,dutch
85.353515625,81.8447265625,83.0712890625,83.42317708333333,dutch
99.68115234375,103.30029296875,138.58203125,113.8544921875,dutch
31.053466796875,25.665283203125,22.744140625,26.487630208333332,dutch
121.209228515625,121.209228515625,121.209228515625,121.209228515625,dutch
35.804931640625,29.94384765625,26.712646484375,30.820475260416668,dutch
117.729248046875,117.729248046875,117.729248046875,117.729248046875,dutch
25.688232421875,35.779052734375,30.845947265625,30.771077473958332,dutch
16.76171875,20.52734375,29.322998046875,22.204020182291668,dutch
142.50048828125,142.50048828125,142.50048828125,142.50048828125,dutch
69.30419921875,70.35791015625,68.76806640625,69.47672526041667,dutch
133.779541015625,132.625244140625,128.031005859375,131.47859700520834,dutch
154.695068359375,166.361572265625,175.509033203125,165.52189127604166,dutch
59.407470703125,56.434814453125,49.44384765625,55.095377604166664,dutch
137.2119140625,131.471435546875,129.470947265625,132.71809895833334,dutch
55.976318359375,55.976318359375,55.976318359375,55.976318359375,dutch
62.24560546875,55.670166015625,43.722900390625,53.879557291666664,dutch
57.13427734375,57.13427734375,57.13427734375,57.13427734375,dutch
106.724853515625,106.74365234375,106.736328125,106.73494466145833,dutch
23.929443359375,23.929443359375,23.929443359375,23.929443359375,dutch
77.209228515625,61.98388671875,34.353515625,57.848876953125,dutch
17.2216796875,40.4111328125,84.995849609375,47.542887369791664,dutch
85.210205078125,86.232177734375,84.76708984375,85.40315755208333,dutch
44.384765625,44.275390625,41.6865234375,43.448893229166664,dutch
95.300048828125,79.650634765625,85.2001953125,86.71695963541667,dutch
74.655517578125,71.516357421875,73.73828125,73.30338541666667,dutch
30.695068359375,21.94482421875,22.437744140625,25.02587890625,dutch
143.83935546875,132.98583984375,100.395263671875,125.74015299479167,dutch
123.972900390625,123.972900390625,123.972900390625,123.972900390625,dutch
94.2978515625,72.9111328125,65.540283203125,77.58308919270833,dutch
129.82080078125,130.739013671875,129.400390625,129.98673502604166,dutch
39.327392578125,42.9677734375,37.735595703125,40.01025390625,dutch
123.470458984375,121.837158203125,119.5849609375,121.630859375,dutch
34.997314453125,23.362060546875,21.143310546875,26.500895182291668,dutch
48.37158203125,29.30078125,24.930908203125,34.201090494791664,dutch
84.358642578125,82.783935546875,82.63330078125,83.25862630208333,dutch
143.1240234375,141.44677734375,143.792724609375,142.787841796875,dutch
56.205810546875,56.205810546875,56.205810546875,56.205810546875,dutch
144.687744140625,127.555419921875,114.379638671875,128.874267578125,dutch
47.889404296875,47.889404296875,47.889404296875,47.889404296875,dutch
136.153564453125,103.568359375,71.713134765625,103.81168619791667,dutch
53.114501953125,53.114501953125,53.114501953125,53.114501953125,dutch
52.06396484375,52.06396484375,52.06396484375,52.06396484375,dutch
67.5625,68.8701171875,61.092529296875,65.84171549479167,dutch
172.594970703125,172.594970703125,172.594970703125,172.594970703125,dutch
95.62744140625,95.62744140625,95.62744140625,95.62744140625,dutch
30.989013671875,23.2998046875,24.50634765625,26.265055338541668,dutch
102.53466796875,99.261474609375,98.511962890625,100.10270182291667,dutch
75.487548828125,101.2177734375,140.96044921875,105.88859049479167,dutch
156.7138671875,160.863037109375,181.54345703125,166.37345377604166,dutch
102.607421875,87.2919921875,63.562744140625,84.48738606770833,dutch
177.708251953125,155.27734375,124.75927734375,152.58162434895834,dutch
85.2216796875,56.24267578125,30.411865234375,57.292073567708336,dutch
92.9580078125,95.94970703125,98.335205078125,95.74763997395833,dutch
123.28173828125,123.28173828125,123.28173828125,123.28173828125,dutch
105.94140625,117.071044921875,87.705810546875,103.57275390625,dutch
125.365478515625,136.84765625,128.05078125,130.08797200520834,dutch
70.839111328125,59.310791015625,53.34326171875,61.164388020833336,dutch
66.663818359375,58.63671875,66.60791015625,63.969482421875,dutch
134.866943359375,132.80810546875,130.00830078125,132.56111653645834,dutch
124.11962890625,132.724609375,133.336181640625,130.06013997395834,dutch
31.718017578125,13.79931640625,30.052001953125,25.189778645833332,dutch
80.462646484375,85.35400390625,104.741455078125,90.18603515625,dutch
43.8759765625,26.788818359375,23.207275390625,31.290690104166668,dutch
110.92236328125,119.41650390625,131.95361328125,120.76416015625,dutch
45.09375,45.09375,45.09375,45.09375,dutch
121.98291015625,121.98291015625,121.98291015625,121.98291015625,dutch
92.572021484375,113.281982421875,137.064453125,114.30615234375,dutch
172.230224609375,171.39208984375,170.0634765625,171.22859700520834,dutch
160.115478515625,158.3212890625,156.46044921875,158.299072265625,dutch
48.71533203125,29.489990234375,25.303955078125,34.503092447916664,dutch
57.25537109375,64.87255859375,39.789306640625,53.972412109375,dutch
68.010498046875,68.035888671875,75.14599609375,70.3974609375,dutch
101.799072265625,103.27880859375,123.124755859375,109.40087890625,dutch
78.187744140625,91.047119140625,128.787109375,99.34065755208333,dutch
138.53125,138.53125,138.53125,138.53125,dutch
158.119140625,145.99609375,158.5634765625,154.22623697916666,dutch
187.99169921875,185.32421875,164.44140625,179.25244140625,dutch
94.3408203125,94.3408203125,94.3408203125,94.3408203125,dutch
139.091552734375,139.091552734375,139.091552734375,139.091552734375,dutch
137.8134765625,135.161865234375,131.93408203125,134.96980794270834,dutch
69.5048828125,69.5048828125,69.5048828125,69.5048828125,dutch
140.2265625,153.0751953125,163.214599609375,152.172119140625,dutch
105.439208984375,109.6318359375,100.568115234375,105.21305338541667,dutch
84.792724609375,84.01025390625,84.130126953125,84.31103515625,dutch
143.236328125,134.929931640625,121.241455078125,133.13590494791666,dutch
60.2705078125,60.2705078125,60.2705078125,60.2705078125,dutch
31.546142578125,31.463134765625,34.408447265625,32.472574869791664,dutch
66.7353515625,77.40966796875,73.18701171875,72.44401041666667,dutch
75.5986328125,73.384765625,86.677001953125,78.553466796875,dutch
57.37890625,55.037109375,77.0751953125,63.163736979166664,dutch
39.84326171875,39.8623046875,39.873046875,39.859537760416664,dutch
111.004150390625,102.748291015625,89.87939453125,101.21061197916667,dutch
89.622802734375,92.704345703125,97.8037109375,93.376953125,dutch
74.664794921875,75.855712890625,68.443115234375,72.98787434895833,dutch
74.592529296875,66.005859375,66.578125,69.058837890625,dutch
70.675048828125,72.447998046875,75.834716796875,72.98592122395833,dutch
89.485107421875,72.205078125,44.025390625,68.57185872395833,dutch
75.521484375,71.666015625,63.8740234375,70.35384114583333,dutch
75.411376953125,75.4736328125,75.45068359375,75.44523111979167,dutch
42.82666015625,34.53076171875,34.24267578125,37.200032552083336,dutch
105.889404296875,78.1611328125,68.2080078125,84.086181640625,dutch
119.180419921875,101.436767578125,89.661865234375,103.42635091145833,dutch
124.548828125,133.501708984375,115.453369140625,124.50130208333333,dutch
56.991943359375,56.991943359375,56.991943359375,56.991943359375,dutch
146.446533203125,137.285400390625,121.268310546875,135.00008138020834,dutch
182.224365234375,185.754150390625,177.3017578125,181.76009114583334,dutch
118.070068359375,118.070068359375,118.070068359375,118.070068359375,dutch
25.702880859375,25.702880859375,25.702880859375,25.702880859375,dutch
51.621337890625,79.400634765625,103.335205078125,78.11905924479167,dutch
90.416748046875,90.417724609375,90.42578125,90.42008463541667,dutch
86.031005859375,104.243896484375,103.763916015625,98.012939453125,dutch
140.43115234375,132.462646484375,128.170166015625,133.68798828125,dutch
163.684326171875,163.684326171875,163.684326171875,163.684326171875,dutch
95.078369140625,112.080078125,100.94482421875,102.70109049479167,dutch
40.355224609375,10.8623046875,7.427978515625,19.548502604166668,dutch
76.829833984375,76.829833984375,76.829833984375,76.829833984375,dutch
42.670654296875,36.48681640625,35.211669921875,38.123046875,dutch
85.532958984375,80.45849609375,67.720458984375,77.90397135416667,dutch
119.619873046875,110.018310546875,118.76611328125,116.134765625,dutch
69.773193359375,69.4248046875,69.678466796875,69.62548828125,dutch
79.542724609375,67.839111328125,68.236083984375,71.87263997395833,dutch
42.33935546875,40.412353515625,36.657958984375,39.80322265625,dutch
61.638427734375,42.04443359375,35.377197265625,46.353352864583336,dutch
39.06494140625,9.384521484375,7.2236328125,18.557698567708332,dutch
127.864501953125,127.864501953125,127.864501953125,127.864501953125,dutch
175.585205078125,160.421142578125,159.9482421875,165.31819661458334,dutch
117.455078125,117.455078125,117.455078125,117.455078125,dutch
142.728759765625,133.094970703125,130.184326171875,135.33601888020834,dutch
24.716796875,24.716796875,24.716796875,24.716796875,dutch
97.48388671875,97.48388671875,97.48388671875,97.48388671875,dutch
22.052734375,36.37451171875,39.0048828125,32.477376302083336,dutch
25.4052734375,42.177734375,36.523681640625,34.702229817708336,dutch
121.691162109375,121.691162109375,121.691162109375,121.691162109375,dutch
142.234130859375,120.870849609375,109.401611328125,124.16886393229167,dutch
140.401611328125,139.1982421875,130.767578125,136.78914388020834,dutch
63.05224609375,84.831298828125,119.09228515625,88.991943359375,dutch
92.7568359375,80.996826171875,84.20166015625,85.985107421875,dutch
72.498291015625,70.321044921875,76.1748046875,72.998046875,dutch
63.636962890625,43.87109375,40.703125,49.403727213541664,dutch
103.23583984375,80.489990234375,78.403564453125,87.37646484375,dutch
83.753662109375,92.373291015625,153.577880859375,109.901611328125,dutch
126.36279296875,100.751953125,113.162353515625,113.42569986979167,dutch
87.275146484375,87.275146484375,87.275146484375,87.275146484375,dutch
35.998779296875,43.361328125,48.952392578125,42.770833333333336,dutch
79.664306640625,78.735595703125,75.3828125,77.92757161458333,dutch
108.192626953125,126.295654296875,147.448974609375,127.31241861979167,dutch
112.232177734375,103.347900390625,85.098876953125,100.226318359375,dutch
60.249755859375,30.00927734375,24.993896484375,38.417643229166664,dutch
72.529296875,72.529296875,72.529296875,72.529296875,dutch
99.6591796875,98.853515625,98.5087890625,99.00716145833333,dutch
139.0087890625,116.411865234375,95.9033203125,117.10799153645833,dutch
76.155029296875,76.155029296875,76.155029296875,76.155029296875,dutch
72.764892578125,63.59814453125,57.178955078125,64.51399739583333,dutch
115.312744140625,100.768798828125,110.9541015625,109.01188151041667,dutch
131.8486328125,136.287109375,134.243408203125,134.12638346354166,dutch
149.39990234375,151.13134765625,148.025390625,149.51888020833334,dutch
143.37841796875,118.52978515625,96.536865234375,119.481689453125,dutch
99.17138671875,98.501220703125,100.737548828125,99.47005208333333,dutch
64.01904296875,46.3310546875,35.77197265625,48.707356770833336,dutch
96.109130859375,96.109130859375,96.109130859375,96.109130859375,dutch
54.0625,45.917236328125,41.948974609375,47.3095703125,dutch
42.345703125,42.345703125,42.345703125,42.345703125,dutch
24.8916015625,10.27197265625,8.589111328125,14.584228515625,dutch
39.820068359375,37.365478515625,34.6884765625,37.291341145833336,dutch
224.7958984375,215.614013671875,205.7734375,215.39444986979166,dutch
155.3779296875,155.3779296875,155.3779296875,155.3779296875,dutch
75.689697265625,75.849609375,77.7216796875,76.42032877604167,dutch
46.87939453125,11.899169921875,7.0947265625,21.957763671875,dutch
124.993408203125,120.913330078125,112.735595703125,119.54744466145833,dutch
142.871337890625,142.871337890625,142.871337890625,142.871337890625,dutch
103.57421875,107.228515625,79.849853515625,96.88419596354167,dutch
123.2724609375,113.0859375,119.77978515625,118.71272786458333,dutch
146.732666015625,142.90380859375,139.9365234375,143.19099934895834,dutch
37.05908203125,34.052490234375,31.620361328125,34.243977864583336,dutch
35.595458984375,34.834716796875,40.9560546875,37.128743489583336,dutch
63.703369140625,60.968017578125,62.1171875,62.262858072916664,dutch
64.65625,66.570556640625,69.8388671875,67.02189127604167,dutch
102.872802734375,107.01220703125,104.18798828125,104.69099934895833,dutch
81.34033203125,81.34033203125,81.34033203125,81.34033203125,dutch
66.329345703125,64.803466796875,70.390625,67.17447916666667,dutch
53.909423828125,70.92333984375,101.027587890625,75.28678385416667,dutch
134.59326171875,134.59326171875,134.59326171875,134.59326171875,dutch
132.186279296875,124.81494140625,111.000732421875,122.66731770833333,dutch
83.3427734375,61.994140625,50.54541015625,65.29410807291667,dutch
75.9052734375,53.115966796875,38.0888671875,55.703369140625,dutch
79.6953125,60.126953125,49.570068359375,63.130777994791664,dutch
76.206787109375,65.28759765625,68.359619140625,69.95133463541667,dutch
19.701904296875,19.700927734375,19.593505859375,19.665445963541668,dutch
37.665771484375,27.326904296875,28.349609375,31.114095052083332,dutch
46.19580078125,50.883544921875,62.736572265625,53.27197265625,dutch
52.301025390625,49.208984375,45.080322265625,48.863444010416664,dutch
56.466796875,56.466796875,56.466796875,56.466796875,dutch
81.8505859375,76.43701171875,71.310302734375,76.53263346354167,dutch
114.326171875,123.498046875,108.956787109375,115.59366861979167,dutch
57.26123046875,57.26123046875,57.26123046875,57.26123046875,dutch
60.6337890625,56.626708984375,44.385986328125,53.882161458333336,dutch
81.722900390625,74.854736328125,67.462890625,74.68017578125,dutch
41.315673828125,27.67626953125,16.236328125,28.409423828125,dutch
29.637939453125,25.266357421875,19.708740234375,24.871012369791668,dutch
39.5380859375,39.060791015625,38.701171875,39.100016276041664,dutch
57.158447265625,64.4501953125,50.626953125,57.411865234375,dutch
95.29248046875,101.762939453125,99.3076171875,98.78767903645833,dutch
34.975830078125,29.2314453125,28.82080078125,31.009358723958332,dutch
40.1044921875,34.753173828125,36.366943359375,37.074869791666664,dutch
48.103759765625,40.010009765625,32.7919921875,40.301920572916664,dutch
108.09765625,86.608642578125,66.328857421875,87.01171875,dutch
53.236328125,53.238525390625,52.848388671875,53.107747395833336,dutch
32.68359375,33.786865234375,34.96875,33.813069661458336,dutch
21.412109375,21.427978515625,21.280517578125,21.37353515625,dutch
87.664306640625,61.55126953125,36.39501953125,61.870198567708336,dutch
148.160888671875,154.10498046875,157.48046875,153.248779296875,dutch
59.66943359375,67.29638671875,60.05810546875,62.34130859375,dutch
37.035400390625,32.83935546875,27.473388671875,32.449381510416664,dutch
83.21044921875,83.21142578125,83.053955078125,83.15861002604167,dutch
110.4423828125,135.920166015625,147.47607421875,131.279541015625,dutch
75.822998046875,70.6083984375,68.686767578125,71.7060546875,dutch
31.616943359375,35.056884765625,39.44140625,35.371744791666664,dutch
84.915771484375,69.495849609375,63.777587890625,72.729736328125,dutch
17.615234375,3.575927734375,2.212890625,7.801350911458333,dutch
89.881591796875,89.881591796875,89.881591796875,89.881591796875,dutch
77.46875,66.875244140625,57.61328125,67.319091796875,dutch
63.27685546875,32.791015625,25.267822265625,40.445231119791664,dutch
69.793701171875,79.661865234375,80.526123046875,76.66056315104167,dutch
24.820556640625,20.66552734375,22.6533203125,22.713134765625,dutch
48.721435546875,43.3837890625,32.59619140625,41.567138671875,dutch
68.6484375,64.767333984375,44.085205078125,59.1669921875,dutch
60.000732421875,46.66455078125,40.9208984375,49.195393880208336,dutch
59.22509765625,55.082275390625,52.119140625,55.475504557291664,dutch
25.720458984375,20.793701171875,21.21142578125,22.5751953125,dutch
103.22509765625,86.131591796875,98.47314453125,95.94327799479167,dutch
55.851806640625,48.5146484375,41.98779296875,48.784749348958336,dutch
82.526611328125,72.529541015625,64.1123046875,73.05615234375,dutch
48.608642578125,21.973876953125,7.5263671875,26.036295572916668,dutch
87.36865234375,87.36962890625,85.974609375,86.904296875,dutch
52.858154296875,45.657470703125,40.444580078125,46.320068359375,dutch
27.42724609375,29.5048828125,18.399658203125,25.110595703125,dutch
55.00830078125,74.575439453125,84.3701171875,71.31795247395833,dutch
59.863525390625,67.95263671875,61.478759765625,63.098307291666664,dutch
44.415283203125,49.0546875,55.7666015625,49.745524088541664,dutch
29.56640625,25.934326171875,23.905029296875,26.468587239583332,dutch
95.182373046875,81.788818359375,74.527099609375,83.832763671875,dutch
53.952880859375,53.952880859375,53.952880859375,53.952880859375,dutch
69.205322265625,79.869140625,82.402099609375,77.15885416666667,dutch
83.819580078125,83.819580078125,83.819580078125,83.819580078125,dutch
22.967041015625,22.97265625,22.95751953125,22.965738932291668,dutch
76.0146484375,42.046630859375,23.828369140625,47.296549479166664,dutch
93.580078125,67.72998046875,51.056640625,70.78889973958333,dutch
58.654052734375,49.6416015625,43.060302734375,50.451985677083336,dutch
88.632080078125,83.566650390625,66.23779296875,79.47884114583333,dutch
159.308349609375,154.698486328125,159.173095703125,157.72664388020834,dutch
111.0478515625,119.060546875,125.176513671875,118.42830403645833,dutch
46.68310546875,52.9775390625,54.921630859375,51.527425130208336,dutch
95.57421875,84.072998046875,68.474365234375,82.70719401041667,dutch
78.70166015625,96.14599609375,91.17529296875,88.67431640625,dutch
62.9755859375,61.1328125,58.49267578125,60.867024739583336,dutch
39.784423828125,39.78515625,39.39990234375,39.656494140625,dutch
62.86328125,74.48876953125,76.984130859375,71.44539388020833,dutch
48.4892578125,23.9296875,14.953369140625,29.124104817708332,dutch
81.34033203125,72.3837890625,60.545654296875,71.42325846354167,dutch
41.32421875,50.1640625,56.396728515625,49.295003255208336,dutch
68.56005859375,49.861572265625,42.08154296875,53.501057942708336,dutch
53.6748046875,44.693359375,31.49365234375,43.287272135416664,dutch
45.855224609375,42.97509765625,47.064697265625,45.29833984375,dutch
54.342041015625,57.56591796875,61.49462890625,57.800862630208336,dutch
24.4951171875,17.803466796875,20.87841796875,21.059000651041668,dutch
62.48876953125,45.827392578125,30.57177734375,46.295979817708336,dutch
18.10205078125,18.1025390625,18.045166015625,18.083251953125,dutch
58.305908203125,57.044921875,54.48681640625,56.612548828125,dutch
51.689453125,48.84765625,37.434326171875,45.990478515625,dutch
75.0205078125,75.02099609375,73.997802734375,74.67976888020833,dutch
54.055419921875,24.24267578125,14.51611328125,30.938069661458332,dutch
68.468994140625,49.961669921875,32.85546875,50.4287109375,dutch
59.343505859375,49.80859375,42.543212890625,50.565104166666664,dutch
54.6025390625,51.693603515625,49.2275390625,51.841227213541664,dutch
32.20361328125,26.2373046875,49.362548828125,35.934488932291664,dutch
47.784423828125,32.87255859375,18.203857421875,32.95361328125,dutch
56.580810546875,49.5830078125,43.801513671875,49.988444010416664,dutch
26.2646484375,21.043701171875,24.24560546875,23.851318359375,dutch
42.364501953125,38.064453125,39.788330078125,40.072428385416664,dutch
34.83837890625,25.55322265625,31.840576171875,30.744059244791668,dutch
44.900146484375,38.0693359375,34.382568359375,39.117350260416664,dutch
83.65283203125,61.974609375,49.526123046875,65.05118815104167,dutch
84.746826171875,82.490966796875,64.521728515625,77.253173828125,dutch
40.7666015625,35.8232421875,32.72802734375,36.439290364583336,dutch
19.58984375,28.682373046875,32.2001953125,26.824137369791668,dutch
59.599609375,54.1865234375,48.53955078125,54.108561197916664,dutch
36.288818359375,30.52734375,20.638427734375,29.151529947916668,dutch
29.628173828125,36.5986328125,42.749755859375,36.325520833333336,dutch
58.80029296875,67.407470703125,73.99658203125,66.73478190104167,dutch
77.708740234375,79.99169921875,82.53955078125,80.07999674479167,dutch
48.303466796875,40.718994140625,36.7744140625,41.932291666666664,dutch
51.252685546875,23.909423828125,13.85205078125,29.67138671875,dutch
47.423095703125,46.868896484375,33.833251953125,42.708414713541664,dutch
48.63671875,43.61865234375,38.6162109375,43.623860677083336,dutch
48.161376953125,48.161376953125,48.161376953125,48.161376953125,dutch
73.12890625,57.927734375,46.9189453125,59.3251953125,dutch
53.19921875,44.49462890625,44.11279296875,47.268880208333336,dutch
28.205322265625,40.634033203125,45.8046875,38.214680989583336,dutch
65.727294921875,77.371826171875,86.395263671875,76.49812825520833,dutch
54.8388671875,41.20263671875,30.585205078125,42.208902994791664,dutch
15.90283203125,17.8125,23.16015625,18.95849609375,dutch
22.862548828125,22.862548828125,22.862548828125,22.862548828125,dutch
168.4150390625,163.6904296875,162.8837890625,164.99641927083334,dutch
108.624267578125,107.682861328125,62.471923828125,92.92635091145833,dutch
73.9853515625,81.119140625,60.23876953125,71.78108723958333,dutch
31.003662109375,29.706298828125,37.812744140625,32.840901692708336,dutch
76.12451171875,60.383056640625,48.09033203125,61.532633463541664,dutch
56.8916015625,56.893798828125,56.206787109375,56.6640625,dutch
39.62060546875,33.652587890625,31.880615234375,35.05126953125,dutch
48.45751953125,42.097412109375,32.6298828125,41.061604817708336,dutch
56.171142578125,51.683837890625,51.42626953125,53.09375,dutch
41.30126953125,32.7236328125,23.1474609375,32.390787760416664,dutch
13.09521484375,4.62890625,7.207763671875,8.310628255208334,dutch
92.80126953125,97.310546875,89.7919921875,93.30126953125,dutch
82.09326171875,86.19140625,79.541259765625,82.608642578125,dutch
101.114501953125,110.478271484375,106.53173828125,106.04150390625,dutch
55.539306640625,57.48193359375,55.161865234375,56.06103515625,dutch
89.45654296875,119.3583984375,128.37939453125,112.39811197916667,dutch
69.08984375,71.265869140625,70.930419921875,70.4287109375,dutch
54.50390625,56.28857421875,56.58251953125,55.791666666666664,dutch
95.646728515625,93.41552734375,78.341064453125,89.13444010416667,dutch
49.069091796875,42.7177734375,42.204833984375,44.663899739583336,dutch
62.696044921875,62.696044921875,62.696044921875,62.696044921875,dutch
82.88134765625,74.480224609375,62.338623046875,73.2333984375,dutch
66.314208984375,59.07470703125,57.96875,61.119222005208336,dutch
65.999755859375,66.68359375,64.6865234375,65.78995768229167,dutch
89.502197265625,63.160888671875,39.0908203125,63.91796875,dutch
93.1767578125,102.396484375,90.81005859375,95.46110026041667,dutch
131.714599609375,99.33447265625,58.005126953125,96.35139973958333,dutch
89.399658203125,77.353271484375,72.295166015625,79.68269856770833,dutch
21.291015625,23.8125,20.660400390625,21.921305338541668,dutch
57.839599609375,82.08740234375,93.16357421875,77.69685872395833,dutch
34.2265625,29.989013671875,28.302734375,30.839436848958332,dutch
114.473388671875,126.2119140625,138.326171875,126.337158203125,dutch
102.15087890625,87.78125,78.56689453125,89.49967447916667,dutch
11.255615234375,14.99462890625,14.16845703125,13.472900390625,dutch
64.843505859375,86.9423828125,96.873779296875,82.88655598958333,dutch
106.016357421875,81.476318359375,61.07470703125,82.85579427083333,dutch
90.725830078125,109.21337890625,110.413330078125,103.45084635416667,dutch
72.654052734375,54.76220703125,43.1953125,56.870524088541664,dutch
81.560546875,66.9482421875,52.676025390625,67.06160481770833,dutch
79.514892578125,79.514892578125,79.514892578125,79.514892578125,dutch
47.44775390625,50.476318359375,53.2197265625,50.381266276041664,dutch
26.562255859375,31.12060546875,34.37646484375,30.686442057291668,dutch
50.7294921875,59.38720703125,51.93701171875,54.017903645833336,dutch
7.851318359375,28.070068359375,43.60009765625,26.507161458333332,dutch
56.9794921875,39.818115234375,22.71875,39.838785807291664,dutch
57.0185546875,37.01171875,22.51025390625,38.846842447916664,dutch
45.989990234375,58.50634765625,62.296875,55.597737630208336,dutch
49.29541015625,49.29638671875,48.99658203125,49.196126302083336,dutch
30.9951171875,29.29541015625,32.111572265625,30.800699869791668,dutch
47.3193359375,43.2939453125,40.679443359375,43.764241536458336,dutch
36.45947265625,36.45947265625,36.45947265625,36.45947265625,dutch
80.2265625,46.800048828125,21.61328125,49.546630859375,dutch
24.228759765625,28.81494140625,35.3896484375,29.477783203125,dutch
84.61083984375,96.072509765625,91.006103515625,90.56315104166667,dutch
74.1923828125,69.9638671875,57.1572265625,67.1044921875,dutch
81.180908203125,71.653564453125,59.273681640625,70.70271809895833,dutch
175.7783203125,169.673828125,165.21484375,170.22233072916666,dutch
86.4814453125,77.65576171875,74.165283203125,79.43416341145833,dutch
97.40185546875,97.40185546875,97.40185546875,97.40185546875,dutch
35.664794921875,30.947998046875,30.015625,32.20947265625,dutch
112.121337890625,109.402587890625,88.46337890625,103.3291015625,dutch
155.541259765625,142.138671875,108.015869140625,135.23193359375,dutch
90.78759765625,90.4833984375,82.066650390625,87.77921549479167,dutch
65.701416015625,56.74755859375,46.322265625,56.257080078125,dutch
56.661865234375,55.447021484375,53.397705078125,55.168863932291664,dutch
36.97607421875,54.255126953125,71.509765625,54.246988932291664,dutch
79.881591796875,79.881591796875,79.80712890625,79.85677083333333,dutch
71.4150390625,72.75244140625,59.44873046875,67.8720703125,dutch
178.467041015625,190.972900390625,190.60498046875,186.681640625,dutch
31.864501953125,29.88818359375,33.889892578125,31.880859375,dutch
11.2353515625,13.995849609375,25.9599609375,17.063720703125,dutch
41.643798828125,41.646240234375,41.388427734375,41.559488932291664,dutch
96.333251953125,122.31103515625,137.294189453125,118.64615885416667,dutch
95.80322265625,96.286865234375,95.975341796875,96.02180989583333,dutch
61.49267578125,74.765869140625,82.39111328125,72.88321940104167,dutch
120.231689453125,92.694580078125,69.71533203125,94.2138671875,dutch
93.234130859375,89.84912109375,77.48583984375,86.85636393229167,dutch
143.98193359375,155.081787109375,166.507080078125,155.19026692708334,dutch
49.58251953125,42.560546875,39.152099609375,43.765055338541664,dutch
87.822021484375,60.53466796875,35.475830078125,61.277506510416664,dutch
29.22314453125,28.44677734375,36.972900390625,31.547607421875,dutch
120.82666015625,112.73876953125,110.302490234375,114.62263997395833,dutch
64.577880859375,52.18212890625,41.332275390625,52.697428385416664,dutch
97.866455078125,90.9375,94.876953125,94.560302734375,dutch
17.900634765625,19.62353515625,27.151611328125,21.55859375,dutch
60.439453125,27.901611328125,18.049560546875,35.463541666666664,dutch
31.817138671875,26.819091796875,24.89111328125,27.842447916666668,dutch
22.549072265625,17.44677734375,20.8818359375,20.292561848958332,dutch
71.132568359375,40.417724609375,24.454345703125,45.334879557291664,dutch
72.86572265625,72.86572265625,72.86572265625,72.86572265625,dutch
71.941650390625,66.2744140625,60.363037109375,66.19303385416667,dutch
96.943359375,98.625732421875,90.34716796875,95.305419921875,dutch
77.432861328125,92.68212890625,94.31640625,88.143798828125,dutch
117.3623046875,91.677734375,3.307861328125,70.78263346354167,dutch
40.286865234375,40.44873046875,36.943359375,39.226318359375,dutch
89.2763671875,94.309814453125,91.36669921875,91.65096028645833,dutch
104.500244140625,67.974609375,44.23193359375,72.235595703125,dutch
55.271484375,63.008056640625,63.831787109375,60.703776041666664,dutch
46.322509765625,46.396484375,46.354736328125,46.35791015625,dutch
105.37744140625,80.5654296875,60.34423828125,82.095703125,dutch
44.123779296875,30.482666015625,21.2490234375,31.951822916666668,dutch
79.091552734375,79.091552734375,79.091552734375,79.091552734375,dutch
70.3544921875,61.697509765625,51.306640625,61.119547526041664,dutch
37.9912109375,30.5419921875,25.059814453125,31.197672526041668,dutch
22.7490234375,20.09814453125,19.15478515625,20.667317708333332,dutch
143.09912109375,41.937255859375,38.434326171875,74.490234375,dutch
30.9765625,27.05615234375,26.492431640625,28.175048828125,dutch
28.87744140625,28.87744140625,28.87744140625,28.87744140625,dutch
95.85107421875,95.85107421875,95.85107421875,95.85107421875,dutch
107.00927734375,107.00927734375,107.00927734375,107.00927734375,dutch
151.9326171875,126.17333984375,95.407470703125,124.50447591145833,dutch
42.488037109375,38.86181640625,38.555419921875,39.968424479166664,dutch
75.0703125,70.813720703125,67.701904296875,71.1953125,dutch
105.202392578125,114.095947265625,120.362060546875,113.22013346354167,dutch
68.887939453125,62.1875,59.3466796875,63.474039713541664,dutch
33.130859375,32.9814453125,40.685302734375,35.599202473958336,dutch
18.941162109375,18.9482421875,18.943603515625,18.9443359375,dutch
67.640869140625,45.512939453125,27.39501953125,46.849609375,dutch
114.119873046875,109.906494140625,114.494140625,112.84016927083333,dutch
83.2255859375,73.526611328125,70.629150390625,75.79378255208333,dutch
10.59814453125,10.72509765625,14.589111328125,11.970784505208334,dutch
53.61865234375,39.07373046875,25.924072265625,39.538818359375,dutch
21.13525390625,19.039794921875,19.09716796875,19.757405598958332,dutch
66.91015625,66.914306640625,66.00537109375,66.60994466145833,dutch
51.001220703125,51.001220703125,51.001220703125,51.001220703125,dutch
24.8681640625,23.012451171875,25.66015625,24.513590494791668,dutch
69.934326171875,52.467529296875,35.8681640625,52.756673177083336,dutch
170.1279296875,165.27294921875,159.004150390625,164.80167643229166,dutch
52.647216796875,52.647216796875,52.647216796875,52.647216796875,dutch
47.166748046875,50.62255859375,54.695556640625,50.828287760416664,dutch
40.97119140625,46.348388671875,48.908203125,45.409261067708336,dutch
47.572021484375,65.0615234375,72.885986328125,61.83984375,dutch
72.643310546875,67.9794921875,63.19970703125,67.94083658854167,dutch
106.509521484375,92.778076171875,68.883544921875,89.390380859375,dutch
97.248779296875,65.588623046875,47.207275390625,70.014892578125,dutch
54.10400390625,60.874267578125,89.955322265625,68.31119791666667,dutch
106.05712890625,129.634033203125,141.23095703125,125.64070638020833,dutch
56.894287109375,56.894287109375,56.894287109375,56.894287109375,dutch
32.962890625,46.839599609375,57.412353515625,45.73828125,dutch
72.597900390625,76.73779296875,71.042724609375,73.45947265625,dutch
44.488037109375,42.5712890625,35.327392578125,40.795572916666664,dutch
89.69091796875,77.091064453125,71.4990234375,79.427001953125,dutch
69.54541015625,61.738037109375,57.083984375,62.789143880208336,dutch
61.123046875,34.6416015625,23.500732421875,39.755126953125,dutch
63.45166015625,83.76220703125,65.081298828125,70.76505533854167,dutch
96.396728515625,96.396728515625,96.396728515625,96.396728515625,dutch
57.931884765625,50.2431640625,39.2783203125,49.151123046875,dutch
109.309814453125,77.095947265625,63.228271484375,83.21134440104167,dutch
31.962158203125,32.864013671875,31.962158203125,32.262776692708336,dutch
85.55224609375,85.55224609375,85.55224609375,85.55224609375,dutch
24.962890625,15.578369140625,14.12939453125,18.223551432291668,dutch
85.3984375,68.21337890625,54.05224609375,69.22135416666667,dutch
47.0947265625,40.771728515625,28.9658203125,38.944091796875,dutch
13.3984375,12.396484375,18.739990234375,14.844970703125,dutch
69.47509765625,95.11572265625,114.412109375,93.0009765625,dutch
38.49755859375,26.39697265625,22.389404296875,29.094645182291668,dutch
101.950927734375,101.950927734375,101.950927734375,101.950927734375,dutch
59.41455078125,48.7802734375,46.7119140625,51.635579427083336,dutch
83.76220703125,77.658447265625,78.792724609375,80.07112630208333,dutch
36.39111328125,37.146240234375,44.15283203125,39.230061848958336,dutch
124.3173828125,124.3173828125,124.3173828125,124.3173828125,dutch
56.4482421875,69.678466796875,72.088134765625,66.07161458333333,dutch
138.82080078125,119.4609375,104.280029296875,120.85392252604167,dutch
54.50390625,43.604248046875,29.969482421875,42.692545572916664,dutch
108.75830078125,111.614990234375,102.62548828125,107.666259765625,dutch
69.21435546875,50.18505859375,34.154541015625,51.184651692708336,dutch
30.527587890625,35.85400390625,41.345947265625,35.9091796875,dutch
85.771484375,78.608154296875,75.7578125,80.04581705729167,dutch
62.720703125,60.08935546875,51.287841796875,58.032633463541664,dutch
132.537109375,124.579833984375,111.604736328125,122.9072265625,dutch
68.800537109375,55.31982421875,39.8525390625,54.657633463541664,dutch
40.17236328125,34.108642578125,30.293212890625,34.858072916666664,dutch
107.860595703125,94.088623046875,91.096923828125,97.68204752604167,dutch
23.18505859375,18.95703125,23.307373046875,21.816487630208332,dutch
28.81640625,19.0458984375,16.7705078125,21.544270833333332,dutch
65.857666015625,74.037109375,65.36767578125,68.42081705729167,dutch
23.4482421875,19.39697265625,18.903564453125,20.582926432291668,dutch
74.14453125,34.61328125,19.950927734375,42.902913411458336,dutch
25.34326171875,20.448486328125,23.896240234375,23.229329427083332,dutch
23.29150390625,14.490478515625,17.95947265625,18.580485026041668,dutch
68.17236328125,62.891357421875,63.270263671875,64.77799479166667,dutch
26.451904296875,20.4052734375,24.58251953125,23.813232421875,dutch
76.81982421875,76.81982421875,76.81982421875,76.81982421875,dutch
53.3642578125,53.36572265625,52.90380859375,53.211263020833336,dutch
57.136474609375,57.136474609375,57.136474609375,57.136474609375,dutch
76.034912109375,76.034912109375,76.034912109375,76.034912109375,dutch
71.574951171875,66.62158203125,61.656982421875,66.61783854166667,dutch
96.53515625,68.029052734375,64.953369140625,76.505859375,dutch
105.595458984375,102.894287109375,93.0791015625,100.52294921875,dutch
62.791748046875,47.840087890625,41.44140625,50.691080729166664,dutch
64.777099609375,47.31982421875,35.3466796875,49.147867838541664,dutch
91.16796875,91.16796875,91.16796875,91.16796875,dutch
36.935791015625,56.757080078125,62.89111328125,52.194661458333336,dutch
48.610107421875,53.275146484375,62.271240234375,54.718831380208336,dutch
43.11767578125,46.957763671875,49.541259765625,46.538899739583336,dutch
17.513671875,22.34326171875,37.459228515625,25.772054036458332,dutch
68.09521484375,50.0927734375,33.8876953125,50.69189453125,dutch
28.36767578125,28.3701171875,28.10986328125,28.282552083333332,dutch
41.22021484375,37.679443359375,35.82568359375,38.241780598958336,dutch
115.091552734375,106.889404296875,99.80224609375,107.26106770833333,dutch
29.48193359375,29.483642578125,29.26708984375,29.410888671875,dutch
23.46337890625,23.46484375,23.464111328125,23.464111328125,dutch
45.233154296875,57.6220703125,58.671142578125,53.842122395833336,dutch
55.84765625,48.6220703125,45.767578125,50.0791015625,dutch
62.952880859375,53.72412109375,46.9619140625,54.546305338541664,dutch
85.994384765625,85.99609375,84.57275390625,85.52107747395833,dutch
97.578125,91.608154296875,87.421875,92.20271809895833,dutch
67.654052734375,50.05078125,48.2900390625,55.331624348958336,dutch
61.58642578125,61.5869140625,61.0361328125,61.403157552083336,dutch
90.757080078125,101.006591796875,113.784423828125,101.849365234375,dutch
105.26220703125,96.19287109375,83.273681640625,94.90958658854167,dutch
18.8603515625,19.560546875,24.286865234375,20.902587890625,dutch
37.738037109375,32.56884765625,29.387939453125,33.231608072916664,dutch
64.65966796875,32.741943359375,23.78662109375,40.396077473958336,dutch
38.342041015625,27.133544921875,27.026611328125,30.834065755208332,dutch
43.14501953125,24.183837890625,17.855224609375,28.394694010416668,dutch
52.9140625,51.8564453125,51.90478515625,52.22509765625,dutch
84.4189453125,84.91064453125,75.296875,81.54215494791667,dutch
120.22607421875,100.83251953125,92.932861328125,104.663818359375,dutch
127.767578125,110.139404296875,88.846435546875,108.91780598958333,dutch
61.12744140625,43.653076171875,31.6611328125,45.480550130208336,dutch
88.124267578125,77.007080078125,63.77685546875,76.302734375,dutch
46.89892578125,41.579833984375,38.386474609375,42.288411458333336,dutch
104.4521484375,104.4521484375,104.4521484375,104.4521484375,dutch
82.301025390625,103.758544921875,108.867919921875,98.30916341145833,dutch
62.876708984375,31.97509765625,18.847412109375,37.899739583333336,dutch
76.09814453125,40.74560546875,25.979248046875,47.607666015625,dutch
125.212158203125,118.81787109375,115.23828125,119.756103515625,dutch
78.42919921875,78.42919921875,78.42919921875,78.42919921875,dutch
54.38134765625,62.006103515625,62.185546875,59.524332682291664,dutch
187.68994140625,179.8564453125,162.34326171875,176.6298828125,dutch
50.381103515625,26.521484375,11.98486328125,29.629150390625,dutch
37.443603515625,30.86962890625,29.5849609375,32.632731119791664,dutch
166.91943359375,161.35302734375,156.070556640625,161.44767252604166,dutch
78.4228515625,53.019287109375,35.876708984375,55.77294921875,dutch
53.0185546875,49.325439453125,42.89794921875,48.413981119791664,dutch
93.560302734375,111.120849609375,117.631103515625,107.43741861979167,dutch
15.1484375,31.7470703125,50.152587890625,32.349365234375,dutch
42.386962890625,39.4189453125,41.62353515625,41.143147786458336,dutch
72.2158203125,38.56689453125,21.467041015625,44.083251953125,dutch
53.434326171875,50.114013671875,51.041259765625,51.529866536458336,dutch
53.548583984375,53.550048828125,53.171630859375,53.423421223958336,dutch
67.5224609375,59.246826171875,56.740966796875,61.170084635416664,dutch
37.507080078125,35.974365234375,32.948974609375,35.476806640625,dutch
8.1904296875,8.593505859375,19.56640625,12.116780598958334,dutch
163.186767578125,157.860107421875,153.10302734375,158.04996744791666,dutch
70.8974609375,48.0595703125,29.17236328125,49.37646484375,dutch
29.623291015625,27.84033203125,28.36962890625,28.611083984375,dutch
76.02099609375,78.8759765625,62.41015625,72.43570963541667,dutch
60.6650390625,60.6650390625,60.6650390625,60.6650390625,dutch
49.9326171875,44.10791015625,39.409423828125,44.483317057291664,dutch
86.133544921875,88.76513671875,90.61572265625,88.50480143229167,dutch
66.286376953125,53.473876953125,37.3330078125,52.364420572916664,dutch
45.3076171875,45.3076171875,45.3076171875,45.3076171875,dutch
69.76806640625,69.76806640625,69.76806640625,69.76806640625,dutch
45.21533203125,39.8720703125,36.5595703125,40.548990885416664,dutch
56.849609375,56.849609375,56.848388671875,56.849202473958336,dutch
98.84814453125,95.368896484375,88.003662109375,94.07356770833333,dutch
67.486572265625,53.642333984375,49.196533203125,56.775146484375,dutch
68.34716796875,56.9482421875,55.500244140625,60.265218098958336,dutch
56.59912109375,43.25927734375,27.966796875,42.6083984375,dutch
19.150390625,19.150146484375,19.082275390625,19.127604166666668,dutch
31.1826171875,27.61962890625,25.295166015625,28.032470703125,dutch
98.063232421875,88.11767578125,79.889892578125,88.69026692708333,dutch
48.560791015625,29.734375,23.923583984375,34.072916666666664,dutch
34.2470703125,25.1416015625,20.695068359375,26.694580078125,dutch
29.565185546875,28.48486328125,31.10791015625,29.719319661458332,dutch
26.475341796875,24.166259765625,28.903076171875,26.514892578125,dutch
62.8212890625,54.263427734375,46.895751953125,54.66015625,dutch
48.64306640625,48.969970703125,44.105224609375,47.239420572916664,dutch
39.863037109375,44.276611328125,48.62109375,44.253580729166664,dutch
49.936279296875,47.20361328125,44.901123046875,47.347005208333336,dutch
133.8515625,131.901123046875,113.25732421875,126.336669921875,dutch
72.574462890625,62.87939453125,59.5810546875,65.01163736979167,dutch
82.773681640625,77.12646484375,56.640625,72.18025716145833,dutch
76.20654296875,71.033935546875,46.554931640625,64.59847005208333,dutch
159.0810546875,150.135498046875,104.54736328125,137.92130533854166,dutch
127.728515625,127.32861328125,120.66455078125,125.24055989583333,dutch
58.0888671875,25.3876953125,15.39111328125,32.955891927083336,dutch
77.703369140625,57.1337890625,40.995849609375,58.611002604166664,dutch
161.947265625,161.131591796875,164.99169921875,162.690185546875,dutch
60.88427734375,58.234130859375,55.396484375,58.171630859375,dutch
117.242919921875,88.88330078125,72.960693359375,93.02897135416667,dutch
62.13720703125,40.15478515625,28.07470703125,43.45556640625,dutch
86.85498046875,99.30322265625,89.81494140625,91.99104817708333,dutch
20.485107421875,17.47900390625,17.1240234375,18.362711588541668,dutch
71.14111328125,88.6953125,88.283935546875,82.706787109375,dutch
92.328369140625,93.837646484375,73.5302734375,86.5654296875,dutch
62.084716796875,62.084716796875,62.084716796875,62.084716796875,dutch
72.030517578125,66.95751953125,67.40380859375,68.79728190104167,dutch
46.135009765625,70.2705078125,82.28857421875,66.23136393229167,dutch
12.0615234375,12.2314453125,16.10693359375,13.466634114583334,dutch
49.0283203125,39.894287109375,34.294921875,41.072509765625,dutch
20.454345703125,16.478515625,15.207275390625,17.380045572916668,dutch
91.197021484375,87.07470703125,80.09130859375,86.12101236979167,dutch
60.41259765625,57.1416015625,39.61376953125,52.389322916666664,dutch
70.3271484375,70.330810546875,69.18701171875,69.94832356770833,dutch
74.183349609375,74.183349609375,74.183349609375,74.183349609375,dutch
107.375732421875,107.375732421875,107.375732421875,107.375732421875,dutch
49.27978515625,49.27978515625,49.27978515625,49.27978515625,dutch
56.160888671875,49.92919921875,38.91259765625,48.334228515625,dutch
22.0439453125,16.843994140625,19.93505859375,19.607666015625,dutch
91.1220703125,46.230224609375,28.24267578125,55.198323567708336,dutch
80.795166015625,71.913818359375,59.494140625,70.734375,dutch
5.46875,10.389892578125,15.341796875,10.400146484375,dutch
75.80126953125,75.80126953125,75.80126953125,75.80126953125,dutch
24.803955078125,27.908447265625,31.49609375,28.069498697916668,dutch
78.12451171875,73.99072265625,60.523193359375,70.87947591145833,dutch
46.549560546875,46.549560546875,46.549560546875,46.549560546875,dutch
51.01513671875,47.489501953125,43.70068359375,47.401774088541664,dutch
59.70556640625,69.618896484375,71.7275390625,67.017333984375,dutch
88.96923828125,91.881591796875,84.08056640625,88.31046549479167,dutch
62.315185546875,51.37158203125,43.882568359375,52.523111979166664,dutch
51.38720703125,51.3876953125,51.3935546875,51.389485677083336,dutch
104.758056640625,104.758056640625,104.758056640625,104.758056640625,dutch
59.68359375,33.1865234375,17.98681640625,36.952311197916664,dutch
103.625,103.17236328125,97.730224609375,101.50919596354167,dutch
82.067626953125,73.775146484375,72.607666015625,76.150146484375,dutch
77.273193359375,77.273193359375,77.273193359375,77.273193359375,dutch
76.507568359375,79.58203125,83.334228515625,79.80794270833333,dutch
85.26171875,85.260498046875,85.262939453125,85.26171875,dutch
39.63720703125,39.63818359375,39.523193359375,39.599527994791664,dutch
156.047119140625,145.95458984375,127.21484375,143.07218424479166,dutch
53.444091796875,53.444091796875,53.444091796875,53.444091796875,dutch
61.583984375,34.56201171875,20.24755859375,38.7978515625,dutch
44.80908203125,44.80908203125,44.80908203125,44.80908203125,dutch
25.107177734375,26.660400390625,23.6044921875,25.1240234375,dutch
34.86083984375,29.2607421875,30.744384765625,31.621988932291668,dutch
56.6640625,56.6640625,56.6640625,56.6640625,dutch
134.67333984375,135.79150390625,136.546875,135.67057291666666,dutch
85.067626953125,81.043701171875,78.800537109375,81.63728841145833,dutch
43.28173828125,29.821533203125,24.090576171875,32.39794921875,dutch
52.251953125,50.46728515625,39.42529296875,47.381510416666664,dutch
74.76806640625,72.890380859375,69.48974609375,72.38273111979167,dutch
24.333740234375,24.613037109375,29.422607421875,26.123128255208332,dutch
95.69384765625,101.513916015625,108.498046875,101.90193684895833,dutch
162.100830078125,151.07861328125,131.319580078125,148.16634114583334,dutch
131.8828125,97.731689453125,73.849853515625,101.15478515625,dutch
30.150634765625,22.21484375,31.089599609375,27.818359375,dutch
65.6181640625,41.592529296875,24.267578125,43.826090494791664,dutch
21.057861328125,21.057861328125,21.057861328125,21.057861328125,dutch
71.8076171875,67.269775390625,61.410400390625,66.82926432291667,dutch
35.943359375,36.941162109375,44.23291015625,39.039143880208336,dutch
23.898681640625,22.822509765625,29.54248046875,25.421223958333332,dutch
43.983642578125,37.824462890625,36.97314453125,39.59375,dutch
20.6015625,19.470703125,21.882568359375,20.651611328125,dutch
57.99560546875,53.666748046875,57.80517578125,56.489176432291664,dutch
37.578125,37.578125,37.578125,37.578125,dutch
84.1630859375,76.8076171875,63.678466796875,74.883056640625,dutch
52.069580078125,26.214111328125,16.1357421875,31.47314453125,dutch
65.217041015625,57.348876953125,49.6923828125,57.41943359375,dutch
160.277587890625,163.533203125,159.367431640625,161.05940755208334,dutch
14.16162109375,14.16748046875,13.44873046875,13.925944010416666,dutch
56.702880859375,39.06591796875,24.80078125,40.189860026041664,dutch
100.784912109375,80.65869140625,50.424072265625,77.28922526041667,dutch
54.697509765625,67.82080078125,76.488525390625,66.33561197916667,dutch
59.61962890625,59.38818359375,61.86767578125,60.291829427083336,dutch
31.09521484375,18.076416015625,10.070556640625,19.747395833333332,dutch
70.483154296875,61.095703125,49.84521484375,60.474690755208336,dutch
87.437744140625,72.34326171875,63.8037109375,74.52823893229167,dutch
29.650146484375,23.710205078125,21.598876953125,24.986409505208332,dutch
103.81005859375,85.85205078125,76.3076171875,88.65657552083333,dutch
58.375244140625,54.09912109375,51.557373046875,54.67724609375,dutch
107.64794921875,79.458984375,53.275390625,80.12744140625,dutch
62.98974609375,50.13525390625,35.487060546875,49.537353515625,dutch
53.597900390625,50.5615234375,46.48046875,50.213297526041664,dutch
32.155029296875,30.60498046875,32.3310546875,31.697021484375,dutch
22.09912109375,16.416748046875,16.51708984375,18.344319661458332,dutch
59.397216796875,81.553955078125,92.90625,77.95247395833333,dutch
50.627685546875,50.627685546875,50.627685546875,50.627685546875,dutch
53.280029296875,27.2939453125,17.1689453125,32.580973307291664,dutch
97.395751953125,97.940673828125,97.08154296875,97.47265625,dutch
42.041748046875,52.03857421875,53.85986328125,49.313395182291664,dutch
113.61669921875,113.1328125,101.543212890625,109.430908203125,dutch
103.4130859375,100.291015625,88.069580078125,97.25789388020833,dutch
160.791015625,154.529296875,153.49365234375,156.27132161458334,dutch
130.98828125,126.406494140625,108.657470703125,122.01741536458333,dutch
115.2294921875,104.69189453125,86.354248046875,102.09187825520833,dutch
79.3232421875,74.45166015625,67.85693359375,73.87727864583333,dutch
18.420166015625,32.404052734375,39.551025390625,30.125081380208332,dutch
95.822021484375,63.429443359375,35.6591796875,64.97021484375,dutch
47.74072265625,47.74072265625,47.74072265625,47.74072265625,dutch
17.657470703125,17.657470703125,17.657470703125,17.657470703125,dutch
96.2822265625,95.589111328125,83.43212890625,91.767822265625,dutch
148.4912109375,146.4765625,130.996337890625,141.988037109375,dutch
24.44384765625,21.762451171875,23.201171875,23.135823567708332,dutch
66.202880859375,90.111083984375,99.122314453125,85.14542643229167,dutch
70.100830078125,76.8564453125,82.85546875,76.604248046875,dutch
60.880615234375,45.923095703125,40.53173828125,49.11181640625,dutch
23.619140625,25.7216796875,31.435546875,26.925455729166668,dutch
70.2431640625,37.899169921875,21.606689453125,43.249674479166664,dutch
24.84814453125,23.987548828125,25.54638671875,24.794026692708332,dutch
12.73095703125,11.36279296875,19.21875,14.4375,dutch
4.312255859375,6.626708984375,6.8720703125,5.93701171875,dutch
49.260498046875,49.281494140625,49.264892578125,49.268961588541664,dutch
129.924072265625,88.05908203125,56.429443359375,91.47086588541667,dutch
167.167236328125,159.2626953125,158.489990234375,161.63997395833334,dutch
38.214599609375,32.460205078125,29.6669921875,33.447265625,dutch
87.712158203125,82.31298828125,77.123046875,82.38273111979167,dutch
42.341552734375,36.093505859375,28.09619140625,35.510416666666664,dutch
38.018798828125,32.284912109375,29.48486328125,33.262858072916664,dutch
72.69287109375,41.332763671875,26.357421875,46.794352213541664,dutch
104.861572265625,54.218505859375,59.433349609375,72.83780924479167,dutch
42.05859375,38.226318359375,33.063720703125,37.782877604166664,dutch
75.559814453125,75.562744140625,74.6103515625,75.24430338541667,dutch
44.5927734375,48.588134765625,48.337890625,47.172932942708336,dutch
86.37451171875,74.615478515625,77.81689453125,79.602294921875,dutch
45.71435546875,63.887451171875,62.57421875,57.392008463541664,dutch
31.2802734375,17.55322265625,24.171630859375,24.335042317708332,dutch
96.9951171875,110.102294921875,129.725341796875,112.27425130208333,dutch
44.689208984375,43.661376953125,44.435302734375,44.261962890625,dutch
106.894287109375,106.894287109375,106.894287109375,106.894287109375,dutch
55.66943359375,45.104248046875,37.594970703125,46.122884114583336,dutch
120.906494140625,97.3857421875,73.722412109375,97.33821614583333,dutch
63.293212890625,82.244140625,87.5302734375,77.689208984375,dutch
17.376953125,35.5693359375,50.747802734375,34.564697265625,dutch
26.712890625,29.118408203125,35.06298828125,30.298095703125,high
55.325439453125,68.960693359375,52.71484375,59.000325520833336,high
88.66845703125,81.391357421875,81.098876953125,83.71956380208333,high
40.731201171875,40.73291015625,40.5166015625,40.660237630208336,high
35.955810546875,52.813720703125,70.613525390625,53.127685546875,high
96.942138671875,95.6435546875,71.935546875,88.17374674479167,high
39.302001953125,45.789794921875,47.737548828125,44.276448567708336,high
82.931640625,61.80322265625,44.775390625,63.170084635416664,high
50.95263671875,36.865478515625,22.8173828125,36.878499348958336,high
67.32421875,65.677734375,56.1142578125,63.038736979166664,high
42.583984375,42.583984375,42.583984375,42.583984375,high
112.8779296875,112.879150390625,112.8271484375,112.86140950520833,high
56.7119140625,56.71240234375,56.22265625,56.548990885416664,high
31.9931640625,31.9931640625,31.9931640625,31.9931640625,high
129.8447265625,129.8447265625,129.8447265625,129.8447265625,high
33.27392578125,29.4443359375,24.984619140625,29.234293619791668,high
67.450927734375,67.450927734375,67.450927734375,67.450927734375,high
33.511474609375,34.80517578125,43.53466796875,37.283772786458336,high
70.892578125,64.18115234375,62.60791015625,65.89388020833333,high
95.809814453125,83.15185546875,69.3046875,82.75545247395833,high
60.909912109375,63.96630859375,72.74951171875,65.875244140625,high
44.872802734375,44.872802734375,44.872802734375,44.872802734375,high
74.3076171875,71.12109375,67.6220703125,71.01692708333333,high
107.752197265625,107.752197265625,107.752197265625,107.752197265625,high
101.834716796875,79.970947265625,60.8779296875,80.89453125,high
102.29931640625,102.29931640625,102.29931640625,102.29931640625,high
28.36767578125,23.4677734375,24.763671875,25.533040364583332,high
48.1669921875,30.52490234375,24.76416015625,34.4853515625,high
61.320556640625,54.544921875,52.7734375,56.212972005208336,high
50.55712890625,46.506591796875,41.645263671875,46.236328125,high
79.1171875,54.813232421875,35.065673828125,56.33203125,high
43.8857421875,36.014892578125,31.346923828125,37.08251953125,high
25.2822265625,26.935302734375,34.32421875,28.847249348958332,high
43.240478515625,39.44873046875,42.496826171875,41.728678385416664,high
88.653076171875,84.25390625,75.40234375,82.769775390625,high
32.693603515625,21.83935546875,28.963623046875,27.832194010416668,high
87.461669921875,86.943603515625,69.448974609375,81.28474934895833,high
59.948974609375,53.98193359375,53.3583984375,55.763102213541664,high
116.55859375,121.78515625,113.1982421875,117.1806640625,high
44.08447265625,31.9775390625,28.66796875,34.909993489583336,high
82.43017578125,75.98486328125,60.26611328125,72.89371744791667,high
80.191650390625,83.87353515625,71.1259765625,78.39705403645833,high
145.101318359375,141.3271484375,137.710205078125,141.37955729166666,high
140.17041015625,164.734375,183.502685546875,162.802490234375,high
47.222900390625,41.023193359375,47.02734375,45.091145833333336,high
4.005859375,4.548583984375,3.382568359375,3.97900390625,high
91.34521484375,81.802490234375,58.22412109375,77.12394205729167,high
53.001220703125,75.831298828125,94.13623046875,74.32291666666667,high
76.589111328125,65.86083984375,56.273681640625,66.2412109375,high
107.1826171875,107.342529296875,95.305419921875,103.27685546875,high
22.3701171875,20.052001953125,23.92431640625,22.115478515625,high
58.174072265625,55.790283203125,51.790283203125,55.251546223958336,high
50.616943359375,30.98681640625,21.342041015625,34.315266927083336,high
59.928955078125,58.1337890625,51.631103515625,56.564615885416664,high
49.2880859375,35.004638671875,25.365234375,36.552652994791664,high
105.986083984375,105.654052734375,96.388671875,102.67626953125,high
67.825927734375,48.576904296875,43.656982421875,53.353271484375,high
69.943115234375,52.734619140625,42.179443359375,54.952392578125,high
71.97802734375,61.734619140625,58.726318359375,64.14632161458333,high
40.2255859375,40.2255859375,40.064453125,40.171875,high
13.343505859375,14.39306640625,20.9892578125,16.241943359375,high
93.706787109375,92.373291015625,73.889892578125,86.65665690104167,high
105.21875,99.23583984375,93.132080078125,99.195556640625,high
59.758544921875,45.35791015625,35.631591796875,46.916015625,high
95.567138671875,90.258544921875,84.981689453125,90.26912434895833,high
55.10986328125,38.48583984375,28.563232421875,40.719645182291664,high
57.7509765625,61.451416015625,65.447509765625,61.549967447916664,high
73.139404296875,72.639404296875,71.42529296875,72.4013671875,high
78.30712890625,78.30712890625,78.30712890625,78.30712890625,high
40.88623046875,41.290771484375,40.333984375,40.836995442708336,high
93.926513671875,99.666015625,92.55419921875,95.38224283854167,high
122.08056640625,141.138671875,138.61962890625,133.9462890625,high
56.51611328125,41.96826171875,34.737548828125,44.407307942708336,high
140.0458984375,134.83935546875,132.349853515625,135.74503580729166,high
31.8115234375,21.36474609375,19.470458984375,24.215576171875,high
50.55126953125,46.023681640625,35.55517578125,44.043375651041664,high
36.7744140625,27.177490234375,26.307861328125,30.086588541666668,high
30.36328125,33.80712890625,38.961181640625,34.377197265625,high
51.0009765625,51.0009765625,51.0009765625,51.0009765625,high
57.232421875,57.232421875,57.232421875,57.232421875,high
25.258056640625,24.978515625,28.901123046875,26.379231770833332,high
34.721923828125,29.72314453125,27.58447265625,30.676513671875,high
39.776611328125,35.78369140625,32.0869140625,35.882405598958336,high
27.4814453125,27.4814453125,27.4814453125,27.4814453125,high
52.7041015625,75.536865234375,93.384033203125,73.875,high
34.730224609375,28.037841796875,27.0078125,29.92529296875,high
53.669921875,57.556396484375,63.10107421875,58.109130859375,high
84.885498046875,84.885498046875,84.885498046875,84.885498046875,high
103.615478515625,103.615478515625,103.615478515625,103.615478515625,high
97.921875,66.1328125,55.5810546875,73.2119140625,high
111.5771484375,111.5771484375,111.5771484375,111.5771484375,high
29.700927734375,28.101806640625,30.538818359375,29.447184244791668,high
21.506591796875,29.115966796875,35.667236328125,28.763264973958332,high
120.441162109375,107.88427734375,97.011474609375,108.44563802083333,high
109.648681640625,101.510009765625,88.977294921875,100.04532877604167,high
94.33447265625,56.92333984375,39.053466796875,63.437093098958336,high
80.480224609375,77.08154296875,78.8564453125,78.80607096354167,high
69.595703125,69.595703125,69.595703125,69.595703125,high
49.269287109375,49.269287109375,49.269287109375,49.269287109375,high
100.697021484375,126.606201171875,124.297119140625,117.20011393229167,high
73.548828125,73.548828125,73.548828125,73.548828125,high
45.564453125,39.58056640625,37.13134765625,40.7587890625,high
118.325439453125,78.89013671875,64.538330078125,87.25130208333333,high
69.228515625,69.228515625,69.228515625,69.228515625,high
86.94580078125,86.94580078125,86.94580078125,86.94580078125,high
20.576171875,15.6865234375,14.428955078125,16.897216796875,high
50.673095703125,44.151123046875,47.077392578125,47.300537109375,high
142.456298828125,118.906494140625,115.6552734375,125.67268880208333,high
88.910888671875,73.0380859375,53.452392578125,71.80045572916667,high
81.820068359375,60.972412109375,43.753662109375,62.182047526041664,high
66.861572265625,71.055908203125,73.0380859375,70.31852213541667,high
74.7861328125,74.7861328125,74.7861328125,74.7861328125,high
41.878662109375,41.880126953125,41.87451171875,41.877766927083336,high
33.09619140625,33.09619140625,33.09619140625,33.09619140625,high
131.16796875,134.900146484375,139.412841796875,135.16031901041666,high
82.792236328125,76.43701171875,64.39453125,74.541259765625,high
16.606201171875,16.606201171875,16.606201171875,16.606201171875,high
54.748046875,54.748046875,54.748046875,54.748046875,high
60.65380859375,78.225341796875,46.0732421875,61.650797526041664,high
56.130859375,65.203857421875,67.37353515625,62.902750651041664,high
66.152099609375,50.592041015625,40.018798828125,52.254313151041664,high
60.828125,49.363037109375,45.3203125,51.837158203125,high
66.129638671875,53.57421875,47.1083984375,55.604085286458336,high
75.563720703125,62.566162109375,50.22314453125,62.784342447916664,high
25.837890625,38.30322265625,52.9365234375,39.02587890625,high
92.1416015625,80.702392578125,70.518798828125,81.12093098958333,high
48.228759765625,34.93798828125,40.450927734375,41.205891927083336,high
47.73193359375,35.170654296875,34.958984375,39.287190755208336,high
122.661376953125,117.955810546875,99.0771484375,113.2314453125,high
48.82568359375,54.22265625,41.58056640625,48.209635416666664,high
74.252685546875,62.251953125,52.4462890625,62.983642578125,high
44.866943359375,52.142578125,39.802734375,45.604085286458336,high
137.857177734375,164.160400390625,188.165283203125,163.394287109375,high
75.70849609375,75.70849609375,75.70849609375,75.70849609375,high
49.15478515625,49.15478515625,49.15478515625,49.15478515625,high
75.143798828125,64.651611328125,54.7275390625,64.84098307291667,high
58.839111328125,58.839111328125,58.839111328125,58.839111328125,high
13.7734375,14.90625,14.2265625,14.302083333333334,high
47.615478515625,47.04296875,45.984619140625,46.881022135416664,high
23.1533203125,25.847412109375,36.525390625,28.508707682291668,high
65.7158203125,72.791015625,48.982177734375,62.496337890625,high
58.044921875,42.498046875,35.649658203125,45.397542317708336,high
66.68115234375,53.470947265625,51.60595703125,57.252685546875,high
122.300537109375,122.300537109375,122.300537109375,122.300537109375,high
79.2529296875,79.56787109375,82.31640625,80.37906901041667,high
34.802490234375,34.802490234375,34.802490234375,34.802490234375,high
113.94384765625,113.94384765625,113.94384765625,113.94384765625,high
42.61767578125,40.354736328125,48.132568359375,43.70166015625,high
76.620361328125,49.015625,33.6220703125,53.086018880208336,high
85.7041015625,75.499267578125,68.8515625,76.68497721354167,high
28.840576171875,24.52587890625,25.789794921875,26.385416666666668,high
27.271240234375,27.271240234375,27.271240234375,27.271240234375,high
89.807373046875,93.312255859375,81.0693359375,88.06298828125,high
45.738525390625,42.783203125,42.54541015625,43.689046223958336,high
109.365234375,63.05029296875,37.10595703125,69.84049479166667,high
45.9765625,41.322509765625,43.545166015625,43.61474609375,high
57.0380859375,57.04150390625,56.294677734375,56.791422526041664,high
26.464599609375,66.921142578125,27.464599609375,40.283447265625,high
21.929443359375,27.197509765625,36.03076171875,28.385904947916668,high
30.837158203125,30.06298828125,28.6435546875,29.847900390625,high
92.556396484375,97.681884765625,98.18115234375,96.13981119791667,high
73.9375,71.267578125,63.22802734375,69.47770182291667,high
89.721435546875,85.94091796875,69.51123046875,81.72452799479167,high
125.8125,125.8125,125.8125,125.8125,high
39.814453125,40.555419921875,44.02978515625,41.466552734375,high
35.76025390625,34.44775390625,35.136474609375,35.114827473958336,high
42.5078125,41.4443359375,39.203857421875,41.052001953125,high
56.33837890625,48.1201171875,40.209228515625,48.222574869791664,high
61.000244140625,57.813232421875,61.566162109375,60.126546223958336,high
106.01708984375,104.573486328125,105.523681640625,105.37141927083333,high
49.491455078125,49.491455078125,49.491455078125,49.491455078125,high
55.41357421875,55.41357421875,54.94580078125,55.257649739583336,high
93.080810546875,64.934326171875,37.38427734375,65.13313802083333,high
81.7412109375,57.139404296875,96.83154296875,78.57071940104167,high
24.599365234375,27.208251953125,29.397216796875,27.068277994791668,high
64.832275390625,68.5244140625,64.795654296875,66.05078125,high
63.410888671875,70.554931640625,54.358642578125,62.774820963541664,high
147.0849609375,137.595458984375,128.70947265625,137.796630859375,high
61.6005859375,65.302978515625,68.275634765625,65.05973307291667,high
140.204833984375,135.251953125,126.433349609375,133.96337890625,high
29.919677734375,29.919677734375,29.919677734375,29.919677734375,high
50.8173828125,46.838134765625,43.265625,46.973714192708336,high
129.994873046875,102.206787109375,79.782958984375,103.994873046875,high
50.646240234375,38.58447265625,34.25341796875,41.161376953125,high
46.992919921875,37.948974609375,31.487060546875,38.809651692708336,high
15.74609375,8.89501953125,7.822265625,10.821126302083334,high
69.27880859375,69.27880859375,69.27880859375,69.27880859375,high
74.576904296875,76.363037109375,75.712646484375,75.55086263020833,high
101.880859375,91.10888671875,74.09716796875,89.02897135416667,high
47.167724609375,41.771240234375,41.546142578125,43.495035807291664,high
58.824951171875,58.824951171875,58.824951171875,58.824951171875,high
42.521484375,31.86865234375,30.938720703125,35.109619140625,high
47.3876953125,47.3876953125,47.3876953125,47.3876953125,high
52.5078125,58.1044921875,58.610595703125,56.407633463541664,high
82.097412109375,38.463134765625,42.3642578125,54.308268229166664,high
67.35009765625,54.396240234375,85.42236328125,69.05623372395833,high
19.546875,28.4814453125,36.632568359375,28.220296223958332,high
104.4736328125,83.87841796875,70.607177734375,86.31974283854167,high
92.685302734375,94.169189453125,88.59033203125,91.81494140625,high
26.65966796875,30.178466796875,37.6572265625,31.498453776041668,high
74.376708984375,66.780517578125,58.337158203125,66.49812825520833,high
70.1337890625,59.29541015625,38.54541015625,55.991536458333336,high
137.6005859375,138.655517578125,122.799560546875,133.0185546875,high
49.278564453125,49.278564453125,49.278564453125,49.278564453125,high
69.330810546875,69.330810546875,69.330810546875,69.330810546875,high
39.198974609375,46.79248046875,53.5703125,46.520589192708336,high
59.950439453125,60.262451171875,60.164306640625,60.125732421875,high
36.844482421875,33.469970703125,33.642822265625,34.652425130208336,high
123.7626953125,163.143798828125,171.7265625,152.877685546875,high
80.37744140625,73.19091796875,60.384765625,71.31770833333333,high
57.676025390625,53.679931640625,57.57275390625,56.3095703125,high
67.490966796875,67.490966796875,67.490966796875,67.490966796875,high
38.09765625,37.086181640625,35.117431640625,36.76708984375,high
61.85498046875,61.85498046875,61.85498046875,61.85498046875,high
52.3291015625,46.653564453125,36.338623046875,45.107096354166664,high
87.09423828125,104.468994140625,94.353759765625,95.3056640625,high
30.67529296875,35.7294921875,36.687255859375,34.364013671875,high
66.765625,46.06689453125,48.5439453125,53.792154947916664,high
80.135009765625,58.006591796875,61.190673828125,66.444091796875,high
18.314208984375,134.9814453125,176.612548828125,109.96940104166667,high
78.800048828125,57.955810546875,43.000244140625,59.918701171875,high
45.369140625,39.668212890625,35.164794921875,40.0673828125,high
51.299072265625,22.68310546875,10.921630859375,28.30126953125,high
127.98876953125,127.91357421875,127.196533203125,127.69962565104167,high
40.875732421875,40.875732421875,40.87109375,40.874186197916664,high
46.050048828125,46.053466796875,46.04443359375,46.04931640625,high
114.417724609375,127.432373046875,132.8447265625,124.89827473958333,high
28.523193359375,21.494384765625,31.34228515625,27.119954427083332,high
74.02490234375,61.457763671875,71.50830078125,68.99698893229167,high
81.47900390625,81.3916015625,76.06494140625,79.64518229166667,high
58.9140625,52.806884765625,58.90185546875,56.874267578125,high
81.798583984375,69.529296875,60.52099609375,70.61629231770833,high
39.55029296875,45.75048828125,47.822265625,44.374348958333336,high
87.835693359375,96.7666015625,104.33544921875,96.31258138020833,high
48.8544921875,34.777099609375,27.95849609375,37.196695963541664,high
72.16455078125,69.103759765625,54.818359375,65.36222330729167,high
77.536376953125,77.8505859375,80.2978515625,78.56160481770833,high
60.160400390625,61.28955078125,69.55029296875,63.666748046875,high
117.95556640625,95.509521484375,84.55419921875,99.33976236979167,high
32.02880859375,32.46923828125,34.57958984375,33.02587890625,high
31.8564453125,25.75634765625,27.029052734375,28.213948567708332,high
51.8759765625,51.877197265625,51.877685546875,51.876953125,high
97.054931640625,97.054931640625,97.054931640625,97.054931640625,high
158.23583984375,157.333740234375,156.748779296875,157.439453125,high
128.411865234375,117.45703125,89.919921875,111.92960611979167,high
92.423583984375,81.180419921875,66.720458984375,80.108154296875,high
80.4130859375,75.061279296875,62.343505859375,72.60595703125,high
16.14697265625,20.831298828125,27.43359375,21.470621744791668,high
9.3642578125,8.16650390625,12.89111328125,10.140625,high
70.686279296875,60.62060546875,49.75244140625,60.353108723958336,high
144.226318359375,134.7314453125,132.625244140625,137.1943359375,high
25.407470703125,16.1748046875,16.1298828125,19.237386067708332,high
28.774658203125,38.26611328125,46.190185546875,37.74365234375,high
68.50537109375,45.98583984375,31.76904296875,48.75341796875,high
97.734130859375,87.95166015625,100.83837890625,95.508056640625,high
29.906494140625,27.800537109375,39.540771484375,32.415934244791664,high
117.8232421875,90.58349609375,71.062255859375,93.15633138020833,high
49.257568359375,19.989013671875,7.97900390625,25.741861979166668,high
48.212890625,48.212890625,48.212890625,48.212890625,high
91.63037109375,57.21337890625,79.251220703125,76.03165690104167,high
51.75,51.75,51.5224609375,51.674153645833336,high
98.16357421875,102.1298828125,82.839111328125,94.37752278645833,high
97.293701171875,88.87158203125,90.802978515625,92.32275390625,high
90.536865234375,86.96533203125,70.43603515625,82.64607747395833,high
88.130859375,77.672607421875,53.510986328125,73.10481770833333,high
34.473876953125,42.081298828125,38.886474609375,38.480550130208336,high
47.63623046875,56.44775390625,65.84228515625,56.64208984375,high
58.381103515625,45.4091796875,38.470703125,47.420328776041664,high
64.2822265625,57.2314453125,52.04052734375,57.851399739583336,high
51.14501953125,51.14501953125,51.14501953125,51.14501953125,high
30.2021484375,28.17724609375,28.654296875,29.01123046875,high
31.6943359375,18.567626953125,17.168701171875,22.476888020833332,high
75.575439453125,68.655029296875,64.8154296875,69.68196614583333,high
83.632080078125,83.632080078125,83.632080078125,83.632080078125,high
69.75634765625,61.79296875,54.25341796875,61.934244791666664,high
93.658447265625,72.103515625,51.698486328125,72.48681640625,high
40.16259765625,39.5078125,36.439453125,38.703287760416664,high
79.35595703125,79.713134765625,81.81591796875,80.29500325520833,high
33.37158203125,34.6064453125,34.281005859375,34.086344401041664,high
68.513671875,78.927001953125,94.01611328125,80.485595703125,high
135.683837890625,162.43408203125,185.545654296875,161.22119140625,high
59.860107421875,59.860107421875,59.860107421875,59.860107421875,high
104.833984375,99.11962890625,93.210205078125,99.05460611979167,high
23.1474609375,32.82080078125,42.788330078125,32.918863932291664,high
59.662841796875,86.24365234375,115.5771484375,87.16121419270833,high
100.5712890625,93.288330078125,92.742919921875,95.5341796875,high
95.747314453125,84.23046875,77.588134765625,85.85530598958333,high
182.59375,152.29638671875,129.051513671875,154.647216796875,high
139.156494140625,139.63671875,137.807373046875,138.86686197916666,high
9.4140625,5.195068359375,9.247802734375,7.952311197916667,high
29.493896484375,32.484619140625,31.329345703125,31.102620442708332,high
17.660400390625,15.71728515625,18.072021484375,17.14990234375,high
105.822265625,93.68310546875,76.798828125,92.10139973958333,high
33.552001953125,31.7109375,43.37939453125,36.214111328125,high
49.78076171875,72.38720703125,55.363525390625,59.177164713541664,high
82.682373046875,67.9453125,57.056884765625,69.22819010416667,high
82.6943359375,77.848876953125,68.394287109375,76.3125,high
74.2470703125,70.43896484375,70.458984375,71.71500651041667,high
62.318603515625,50.56982421875,42.603759765625,51.830729166666664,high
75.86669921875,76.3125,77.652099609375,76.61043294270833,high
42.947265625,47.971435546875,60.557861328125,50.4921875,high
51.348876953125,31.955322265625,21.68115234375,34.9951171875,high
29.07763671875,24.212158203125,22.53271484375,25.274169921875,high
72.2333984375,66.06884765625,58.904052734375,65.73543294270833,high
63.608642578125,63.608642578125,63.608642578125,63.608642578125,high
22.508056640625,28.419921875,36.8876953125,29.271891276041668,high
90.606689453125,86.841064453125,67.095703125,81.51448567708333,high
54.746826171875,70.908935546875,73.3232421875,66.32633463541667,high
37.826904296875,28.546875,23.458984375,29.944254557291668,high
20.8896484375,22.85302734375,22.85302734375,22.198567708333332,high
25.83349609375,31.31005859375,38.961669921875,32.035074869791664,high
58.96533203125,28.85888671875,25.099365234375,37.641194661458336,high
59.79052734375,51.93994140625,45.120849609375,52.283772786458336,high
61.7421875,43.2490234375,29.4794921875,44.823567708333336,high
69.140380859375,50.90380859375,32.811767578125,50.951985677083336,high
131.884765625,131.87451171875,115.054443359375,126.271240234375,high
131.800537109375,68.149658203125,47.005126953125,82.31844075520833,high
52.843017578125,48.0390625,45.764892578125,48.88232421875,high
42.34521484375,29.96630859375,25.05029296875,32.453938802083336,high
77.6171875,73.413818359375,64.13232421875,71.72111002604167,high
88.3759765625,60.788330078125,39.14892578125,62.771077473958336,high
50.589599609375,30.361083984375,20.24755859375,33.732747395833336,high
47.020263671875,43.264404296875,39.928955078125,43.404541015625,high
83.103759765625,82.597900390625,77.363525390625,81.021728515625,high
20.962646484375,32.566162109375,41.945068359375,31.824625651041668,high
134.947509765625,162.6533203125,189.765869140625,162.45556640625,high
112.40869140625,112.40869140625,112.40869140625,112.40869140625,high
100.082763671875,100.082763671875,100.082763671875,100.082763671875,high
131.01708984375,159.0986328125,183.782958984375,157.96622721354166,high
79.122802734375,79.122802734375,79.122802734375,79.122802734375,high
77.322509765625,59.228759765625,47.064697265625,61.205322265625,high
98.353515625,86.4052734375,80.578125,88.44563802083333,high
69.21435546875,69.21435546875,68.721435546875,69.050048828125,high
34.568603515625,29.764404296875,27.38525390625,30.57275390625,high
37.440185546875,35.2314453125,31.941650390625,34.87109375,high
76.223388671875,79.095458984375,71.365478515625,75.56144205729167,high
97.754150390625,28.17333984375,20.174560546875,48.70068359375,high
70.60205078125,51.909912109375,25.05712890625,49.189697265625,high
56.963623046875,65.256591796875,67.362060546875,63.194091796875,high
63.491455078125,63.491455078125,63.491455078125,63.491455078125,high
56.263671875,42.78955078125,32.904296875,43.98583984375,high
50.900634765625,32.009521484375,25.80029296875,36.23681640625,high
98.427978515625,98.427978515625,98.427978515625,98.427978515625,high
14.32568359375,20.348388671875,31.7021484375,22.125406901041668,high
28.82080078125,22.06396484375,22.966796875,24.6171875,high
53.2109375,66.443603515625,59.100341796875,59.5849609375,high
68.996337890625,59.57958984375,88.7373046875,72.437744140625,high
95.87890625,97.342529296875,77.459716796875,90.22705078125,high
70.24072265625,62.45068359375,59.37353515625,64.02164713541667,high
84.9228515625,98.701904296875,83.7666015625,89.13045247395833,high
29.8564453125,38.170654296875,41.164794921875,36.397298177083336,high
120.882080078125,90.037109375,78.51953125,96.47957356770833,high
61.48046875,68.738037109375,65.482421875,65.233642578125,high
104.216064453125,104.216064453125,104.216064453125,104.216064453125,high
176.148193359375,166.684326171875,154.3681640625,165.73356119791666,high
44.793701171875,44.93115234375,45.772216796875,45.165690104166664,high
90.424560546875,90.424560546875,90.424560546875,90.424560546875,high
35.738037109375,25.657958984375,21.829345703125,27.741780598958332,high
99.023193359375,100.3955078125,97.905029296875,99.10791015625,high
116.52392578125,126.662841796875,117.942138671875,120.37630208333333,high
80.09033203125,80.08935546875,80.090087890625,80.08992513020833,high
45.844482421875,45.844482421875,45.842041015625,45.843668619791664,high
56.127197265625,47.770751953125,45.4755859375,49.791178385416664,high
49.633056640625,38.20654296875,32.15478515625,39.998128255208336,high
30.4833984375,25.218017578125,24.408447265625,26.703287760416668,high
72.90478515625,49.611328125,39.43212890625,53.982747395833336,high
92.43212890625,81.28173828125,70.835693359375,81.51652018229167,high
118.719970703125,98.981689453125,46.2236328125,87.97509765625,high
67.52734375,67.52734375,67.52734375,67.52734375,high
59.721923828125,59.990234375,59.88427734375,59.865478515625,high
104.46044921875,104.46044921875,104.46044921875,104.46044921875,high
64.566650390625,57.208984375,50.99658203125,57.590738932291664,high
72.998046875,72.998046875,72.998046875,72.998046875,high
108.105712890625,108.460205078125,94.93798828125,103.83463541666667,high
89.48095703125,95.53076171875,86.03955078125,90.35042317708333,high
76.138671875,43.09228515625,18.546875,45.925944010416664,high
101.587646484375,101.587646484375,101.587646484375,101.587646484375,high
62.419189453125,58.817138671875,51.6142578125,57.616861979166664,high
59.667724609375,59.974365234375,59.855712890625,59.832600911458336,high
111.483642578125,119.963134765625,103.4228515625,111.62320963541667,high
91.83203125,89.701904296875,80.506591796875,87.34684244791667,high
55.72705078125,55.72705078125,55.72705078125,55.72705078125,high
30.54833984375,30.54833984375,30.54833984375,30.54833984375,high
41.383544921875,35.722900390625,31.66015625,36.255533854166664,high
35.122802734375,31.782958984375,31.621826171875,32.842529296875,high
126.697998046875,126.697998046875,126.697998046875,126.697998046875,high
21.202392578125,18.33447265625,14.494140625,18.010335286458332,high
146.372802734375,134.962158203125,136.75146484375,139.36214192708334,high
37.06591796875,35.427734375,32.95703125,35.150227864583336,high
52.86376953125,75.792236328125,94.27197265625,74.309326171875,high
73.565185546875,89.47216796875,88.8095703125,83.948974609375,high
65.673095703125,45.17724609375,32.720947265625,47.857096354166664,high
28.65966796875,16.911376953125,14.79150390625,20.120849609375,high
47.813232421875,45.92724609375,37.623291015625,43.787923177083336,high
109.4345703125,110.182373046875,97.435302734375,105.68408203125,high
100.99462890625,100.99462890625,100.99462890625,100.99462890625,high
73.870361328125,77.701171875,80.0908203125,77.22078450520833,high
100.643798828125,93.087646484375,80.62060546875,91.45068359375,high
102.652099609375,56.0283203125,43.34130859375,67.340576171875,high
45.716064453125,32.27685546875,19.79248046875,32.595133463541664,high
29.443115234375,23.264892578125,20.777099609375,24.495035807291668,high
151.16455078125,144.69091796875,133.9267578125,143.2607421875,high
40.6416015625,30.894287109375,28.19189453125,33.242594401041664,high
59.643310546875,70.0458984375,81.322021484375,70.33707682291667,high
70.182373046875,70.182373046875,70.182373046875,70.182373046875,high
97.05322265625,72.93701171875,52.682373046875,74.22420247395833,high
112.10400390625,95.35888671875,85.031494140625,97.49812825520833,high
166.395263671875,166.395263671875,166.395263671875,166.395263671875,high
102.7841796875,102.7841796875,102.7841796875,102.7841796875,high
34.84716796875,39.21728515625,36.677734375,36.9140625,high
94.112548828125,92.756103515625,85.280029296875,90.71622721354167,high
31.137939453125,31.137939453125,31.137939453125,31.137939453125,high
79.578125,87.41845703125,93.10546875,86.70068359375,high
60.73486328125,58.755615234375,54.20703125,57.899169921875,high
86.975341796875,105.853271484375,63.9453125,85.59130859375,high
88.613037109375,86.386962890625,77.2744140625,84.09147135416667,high
96.686767578125,84.630859375,77.924560546875,86.4140625,high
80.329833984375,73.880126953125,69.18896484375,74.46630859375,high
103.1005859375,103.1005859375,103.1005859375,103.1005859375,high
43.1513671875,36.833740234375,33.3037109375,37.762939453125,high
48.110107421875,48.110107421875,48.110107421875,48.110107421875,high
13.494140625,14.23828125,12.396484375,13.376302083333334,high
73.283447265625,78.809326171875,80.933837890625,77.675537109375,high
46.404296875,32.830810546875,26.646240234375,35.293782552083336,high
40.2021484375,40.2021484375,40.161865234375,40.188720703125,high
58.091064453125,61.648193359375,48.470458984375,56.069905598958336,high
40.910400390625,31.45068359375,26.701904296875,33.02099609375,high
54.64013671875,41.966552734375,35.957763671875,44.188151041666664,high
48.273681640625,47.552001953125,27.688720703125,41.171468098958336,high
49.23583984375,40.921875,43.43701171875,44.531575520833336,high
78.016845703125,78.016845703125,78.016845703125,78.016845703125,high
108.568603515625,104.292236328125,99.52880859375,104.1298828125,high
38.052490234375,38.052490234375,38.052490234375,38.052490234375,high
76.626708984375,77.5732421875,73.254150390625,75.81803385416667,high
62.8828125,62.8828125,62.8828125,62.8828125,high
62.86669921875,62.86669921875,62.86669921875,62.86669921875,high
39.846923828125,26.60546875,18.929931640625,28.460774739583332,high
85.38818359375,75.067626953125,68.502685546875,76.31949869791667,high
88.517333984375,68.09423828125,34.296630859375,63.636067708333336,high
44.45751953125,44.45751953125,44.45751953125,44.45751953125,high
51.817138671875,47.449951171875,44.075927734375,47.781005859375,high
83.033447265625,76.563232421875,75.230712890625,78.27579752604167,high
118.552001953125,70.3330078125,35.8642578125,74.91642252604167,high
39.89111328125,43.1630859375,48.95751953125,44.00390625,high
58.2509765625,58.2509765625,58.2509765625,58.2509765625,high
71.454833984375,71.454833984375,71.454833984375,71.454833984375,high
72.604736328125,64.440185546875,36.757568359375,57.934163411458336,high
75.326904296875,60.09765625,38.61279296875,58.012451171875,high
65.908447265625,45.59619140625,47.992919921875,53.165852864583336,high
100.6064453125,75.8251953125,55.947021484375,77.45955403645833,high
48.09912109375,41.37451171875,42.92041015625,44.13134765625,high
39.82958984375,34.92626953125,28.897705078125,34.551188151041664,high
46.190185546875,39.03564453125,33.30908203125,39.511637369791664,high
52.662841796875,52.662841796875,52.662841796875,52.662841796875,high
107.515380859375,124.112548828125,113.180908203125,114.936279296875,high
57.20263671875,56.96240234375,64.25048828125,59.471842447916664,high
65.93505859375,46.359619140625,32.757080078125,48.3505859375,high
239.06982421875,232.787841796875,222.688232421875,231.51529947916666,high
71.711669921875,63.50537109375,57.02490234375,64.08064778645833,high
62.771484375,53.58447265625,45.956298828125,54.104085286458336,high
72.27880859375,68.71923828125,72.993408203125,71.33048502604167,high
192.4501953125,181.9052734375,172.931396484375,182.428955078125,high
71.46875,71.46875,71.46875,71.46875,high
127.38427734375,146.650146484375,156.8623046875,143.63224283854166,high
65.5166015625,65.5166015625,65.5166015625,65.5166015625,high
85.932373046875,61.489501953125,51.4921875,66.3046875,high
53.9765625,44.5400390625,43.000732421875,47.172444661458336,high
122.958984375,93.6494140625,54.00390625,90.2041015625,high
42.1015625,31.985595703125,32.43505859375,35.507405598958336,high
28.62841796875,30.238037109375,30.745361328125,29.87060546875,high
28.642822265625,26.0830078125,21.3212890625,25.349039713541668,high
27.404541015625,29.03173828125,22.26318359375,26.233154296875,high
33.8759765625,33.8759765625,33.8759765625,33.8759765625,high
89.95166015625,89.95166015625,89.95166015625,89.95166015625,high
40.558349609375,38.58349609375,34.956787109375,38.032877604166664,high
36.786865234375,36.786865234375,36.786865234375,36.786865234375,high
68.51806640625,55.09521484375,45.846923828125,56.486735026041664,high
49.4560546875,49.4560546875,49.4560546875,49.4560546875,high
38.69384765625,38.69384765625,38.69384765625,38.69384765625,high
84.59716796875,84.593994140625,84.59814453125,84.596435546875,high
97.345458984375,88.775146484375,78.76513671875,88.29524739583333,high
33.772216796875,35.513671875,33.3525390625,34.212809244791664,high
65.498046875,57.474609375,51.319091796875,58.097249348958336,high
69.631591796875,54.808837890625,45.0361328125,56.4921875,high
109.061767578125,79.095458984375,36.664306640625,74.94051106770833,high
89.666748046875,77.457275390625,68.826171875,78.65006510416667,high
51.115478515625,51.1171875,51.11572265625,51.116129557291664,high
46.95068359375,46.95068359375,46.95068359375,46.95068359375,high
29.614501953125,20.548828125,20.797607421875,23.653645833333332,high
76.24365234375,53.19970703125,53.486083984375,60.976481119791664,high
151.646240234375,140.224609375,110.113037109375,133.99462890625,high
51.771484375,28.009521484375,13.4599609375,31.080322265625,high
79.988525390625,69.8984375,56.677490234375,68.85481770833333,high
95.0732421875,95.0732421875,95.0732421875,95.0732421875,high
23.69091796875,19.929443359375,33.41650390625,25.678955078125,high
107.422607421875,110.881591796875,123.488037109375,113.93074544270833,high
113.269775390625,115.4208984375,105.675537109375,111.45540364583333,high
70.6494140625,66.98486328125,79.306640625,72.31363932291667,high
32.87646484375,25.6484375,25.807861328125,28.110921223958332,high
47.12109375,34.865234375,29.3310546875,37.105794270833336,high
56.083740234375,49.24267578125,47.901123046875,51.075846354166664,high
118.66748046875,119.953369140625,116.45703125,118.35929361979167,high
33.787841796875,26.6376953125,27.8037109375,29.409749348958332,high
69.8671875,54.7666015625,44.82958984375,56.48779296875,high
27.331298828125,30.126708984375,35.86279296875,31.10693359375,high
80.97607421875,61.38330078125,50.4384765625,64.26595052083333,high
57.351806640625,63.0595703125,57.580810546875,59.330729166666664,high
75.601318359375,71.40087890625,63.919677734375,70.30729166666667,high
35.051025390625,30.253173828125,26.938232421875,30.747477213541668,high
109.262451171875,78.645263671875,36.202392578125,74.703369140625,high
61.33740234375,61.33740234375,60.89111328125,61.188639322916664,high
22.189453125,12.569091796875,13.32275390625,16.027099609375,high
150.601806640625,77.99267578125,99.50048828125,109.364990234375,high
45.30712890625,54.855712890625,57.5830078125,52.581949869791664,high
135.987548828125,137.859375,130.325927734375,134.72428385416666,high
35.232666015625,33.603759765625,32.748291015625,33.861572265625,high
88.924560546875,88.924560546875,88.924560546875,88.924560546875,high
90.900634765625,90.900634765625,90.900634765625,90.900634765625,high
26.82373046875,31.13623046875,38.4248046875,32.128255208333336,high
54.98779296875,54.98681640625,54.9814453125,54.9853515625,high
40.41796875,40.419189453125,40.17578125,40.337646484375,high
69.171142578125,48.658447265625,51.35302734375,56.394205729166664,high
18.029052734375,18.333984375,26.354736328125,20.905924479166668,high
27.27880859375,32.675537109375,41.713623046875,33.889322916666664,high
64.23583984375,47.896728515625,45.98779296875,52.706787109375,high
146.905517578125,143.158447265625,137.658447265625,142.57413736979166,high
83.990966796875,102.381591796875,107.754638671875,98.04239908854167,high
20.477783203125,20.486083984375,20.48095703125,20.481608072916668,high
23.651611328125,29.90625,39.614501953125,31.057454427083332,high
124.136474609375,123.6279296875,125.58447265625,124.44962565104167,high
106.4501953125,106.4501953125,106.4501953125,106.4501953125,high
64.824951171875,61.324462890625,59.5146484375,61.888020833333336,high
60.657958984375,29.32177734375,17.991455078125,35.990397135416664,high
39.4189453125,45.604736328125,48.28857421875,44.437418619791664,high
53.878173828125,36.837646484375,26.863037109375,39.192952473958336,high
79.5908203125,81.1162109375,80.211181640625,80.30607096354167,high
40.55908203125,44.388427734375,39.006103515625,41.31787109375,high
35.650634765625,35.080810546875,30.55908203125,33.763509114583336,high
166.95361328125,152.197998046875,141.157470703125,153.43636067708334,high
71.73291015625,65.86572265625,78.38916015625,71.99593098958333,high
77.101806640625,44.6083984375,26.198974609375,49.303059895833336,high
53.605712890625,76.166015625,94.1845703125,74.652099609375,high
23.08203125,20.078857421875,25.656982421875,22.939290364583332,high
45.10302734375,31.561279296875,20.064208984375,32.242838541666664,high
50.413818359375,73.637939453125,55.833740234375,59.961832682291664,high
45.927978515625,45.930908203125,45.92529296875,45.928059895833336,high
39.05029296875,39.051513671875,38.896240234375,38.999348958333336,high
55.4501953125,54.473876953125,58.802001953125,56.242024739583336,high
43.509765625,43.509765625,43.509765625,43.509765625,high
126.35595703125,95.47607421875,26.775390625,82.869140625,high
62.310302734375,69.88916015625,66.40625,66.201904296875,high
136.37060546875,122.13134765625,105.51416015625,121.33870442708333,high
31.791748046875,24.60107421875,26.048583984375,27.48046875,high
113.326416015625,102.87255859375,89.49609375,101.89835611979167,high
124.921630859375,115.169677734375,110.066650390625,116.71931966145833,high
121.841796875,115.62939453125,106.352783203125,114.60799153645833,high
25.360107421875,25.360107421875,25.360107421875,25.360107421875,high
74.032958984375,74.032958984375,74.032958984375,74.032958984375,high
21.88232421875,27.6337890625,36.394287109375,28.636800130208332,high
89.04296875,114.8916015625,113.94873046875,105.96110026041667,high
71.365966796875,59.328369140625,49.24853515625,59.98095703125,high
31.615234375,40.623779296875,50.763916015625,41.0009765625,high
50.88525390625,45.8095703125,35.9873046875,44.227376302083336,high
111.597900390625,115.95068359375,114.3603515625,113.96964518229167,high
50.53955078125,53.85595703125,57.330078125,53.908528645833336,high
47.527587890625,47.527587890625,47.527587890625,47.527587890625,high
51.259033203125,51.259033203125,51.259033203125,51.259033203125,high
77.057373046875,77.057373046875,77.057373046875,77.057373046875,high
83.10205078125,73.78955078125,76.78369140625,77.89176432291667,high
128.740966796875,124.71435546875,94.28515625,115.91349283854167,high
61.7138671875,61.715576171875,61.3798828125,61.603108723958336,high
26.510986328125,29.238037109375,40.743896484375,32.164306640625,high
119.7421875,120.379150390625,102.544677734375,114.22200520833333,high
76.74169921875,68.208740234375,67.443115234375,70.7978515625,high
39.964599609375,35.235595703125,32.019775390625,35.739990234375,high
79.3310546875,51.735595703125,33.22509765625,54.763916015625,high
43.942626953125,47.046875,51.18701171875,47.392171223958336,high
80.981201171875,80.981201171875,80.981201171875,80.981201171875,high
102.377197265625,102.377197265625,102.377197265625,102.377197265625,high
68.33544921875,49.698974609375,51.303466796875,56.445963541666664,high
115.7177734375,115.7177734375,115.763916015625,115.733154296875,high
48.46484375,36.70068359375,31.1416015625,38.76904296875,high
25.834228515625,26.10400390625,22.207763671875,24.71533203125,high
23.492431640625,30.938232421875,30.1630859375,28.197916666666668,high
84.4501953125,85.64990234375,86.352783203125,85.48429361979167,high
65.22705078125,65.22705078125,65.22705078125,65.22705078125,high
46.947265625,45.505615234375,56.6875,49.713460286458336,high
46.392578125,33.65869140625,29.975341796875,36.675537109375,high
54.48681640625,28.5732421875,16.292236328125,33.117431640625,high
52.16015625,46.989990234375,45.979736328125,48.376627604166664,high
38.6435546875,12.811279296875,4.96875,18.807861328125,high
105.653076171875,105.653076171875,105.653076171875,105.653076171875,high
110.88232421875,130.9111328125,136.660400390625,126.15128580729167,high
83.083984375,73.35791015625,66.106689453125,74.182861328125,high
84.013916015625,84.013916015625,84.013916015625,84.013916015625,high
49.55517578125,35.34521484375,23.23828125,36.046223958333336,high
61.022705078125,55.889892578125,45.73046875,54.21435546875,high
60.496337890625,61.85595703125,63.03271484375,61.795003255208336,high
84.393798828125,84.393798828125,84.393798828125,84.393798828125,high
11.835693359375,10.633544921875,24.784912109375,15.751383463541666,high
67.719482421875,78.4404296875,69.84326171875,72.00105794270833,high
59.83935546875,59.83935546875,59.83935546875,59.83935546875,high
56.5771484375,50.031982421875,50.34619140625,52.318440755208336,high
124.012451171875,158.22705078125,177.37939453125,153.206298828125,high
21.393310546875,31.328125,36.234619140625,29.652018229166668,high
49.115234375,41.171142578125,43.4931640625,44.593180338541664,high
66.7314453125,46.10595703125,48.350830078125,53.729410807291664,high
166.38427734375,151.5341796875,132.218994140625,150.04581705729166,high
51.6494140625,32.82666015625,26.890625,37.122233072916664,high
57.208740234375,40.6591796875,33.461669921875,43.776529947916664,high
64.126220703125,48.553955078125,23.775146484375,45.485107421875,high
55.78857421875,58.003662109375,61.8671875,58.553141276041664,high
35.45068359375,35.45068359375,35.45068359375,35.45068359375,high
101.189208984375,63.558349609375,50.33642578125,71.69466145833333,high
67.268798828125,61.15869140625,60.953857421875,63.127115885416664,high
35.298583984375,30.981689453125,34.0419921875,33.440755208333336,high
54.786376953125,50.745361328125,47.835205078125,51.122314453125,high
45.943359375,44.947021484375,43.932861328125,44.941080729166664,high
24.271240234375,26.76708984375,31.669677734375,27.5693359375,high
66.930419921875,45.60400390625,21.058349609375,44.530924479166664,high
32.333251953125,32.333251953125,32.333251953125,32.333251953125,high
105.03466796875,106.397216796875,102.720458984375,104.71744791666667,high
52.165771484375,52.165771484375,52.165771484375,52.165771484375,high
91.555908203125,98.618896484375,99.8291015625,96.66796875,high
119.572021484375,144.01123046875,157.77880859375,140.45402018229166,high
16.1474609375,14.91455078125,17.361572265625,16.141194661458332,high
41.59912109375,34.54638671875,34.934814453125,37.026774088541664,high
79.90380859375,79.90380859375,79.90380859375,79.90380859375,high
54.54541015625,39.353515625,25.77685546875,39.891927083333336,high
92.8544921875,88.84912109375,81.823486328125,87.84236653645833,high
103.298583984375,103.298583984375,103.298583984375,103.298583984375,high
53.83740234375,68.604736328125,55.9970703125,59.479736328125,high
29.35107421875,53.443359375,77.1650390625,53.31982421875,high
80.232177734375,82.39794921875,85.549072265625,82.72639973958333,high
135.037841796875,161.861572265625,185.063720703125,160.65437825520834,high
77.251953125,89.04833984375,100.564697265625,88.95499674479167,high
26.865234375,27.271484375,26.69775390625,26.94482421875,high
44.3525390625,39.449951171875,40.206787109375,41.33642578125,high
104.983642578125,83.310302734375,58.310546875,82.20149739583333,high
93.888916015625,83.692138671875,71.63330078125,83.07145182291667,high
23.842041015625,17.614013671875,16.896728515625,19.450927734375,high
100.93896484375,125.813720703125,111.26220703125,112.671630859375,high
107.1650390625,102.09619140625,102.66357421875,103.97493489583333,high
46.527587890625,46.527587890625,46.527587890625,46.527587890625,high
39.9345703125,35.90966796875,32.07177734375,35.972005208333336,high
87.7314453125,111.896484375,128.304931640625,109.31095377604167,high
76.80078125,73.761962890625,66.302734375,72.28849283854167,high
54.7431640625,40.3193359375,33.31884765625,42.793782552083336,high
10.519287109375,6.367919921875,10.207275390625,9.031494140625,high
135.078369140625,137.3486328125,127.46142578125,133.296142578125,high
56.81884765625,36.83642578125,30.741455078125,41.465576171875,high
15.394287109375,14.834716796875,18.929443359375,16.386149088541668,high
39.71533203125,37.5390625,40.1201171875,39.124837239583336,high
27.2919921875,21.121337890625,22.827880859375,23.7470703125,high
24.789306640625,36.52001953125,47.196533203125,36.168619791666664,high
49.424560546875,49.424560546875,49.424560546875,49.424560546875,high
141.468505859375,150.1123046875,142.319580078125,144.63346354166666,high
81.98095703125,51.3720703125,39.180908203125,57.511311848958336,high
109.613037109375,85.968017578125,59.077392578125,84.88614908854167,high
31.68603515625,35.56103515625,40.384521484375,35.877197265625,high
80.37890625,82.04736328125,78.395263671875,80.27384440104167,high
100.770263671875,87.922119140625,83.05615234375,90.58284505208333,high
62.47119140625,35.065673828125,39.28271484375,45.606526692708336,high
68.869384765625,51.8935546875,42.53857421875,54.433837890625,high
79.70458984375,80.108642578125,84.22802734375,81.34708658854167,high
61.943359375,54.505615234375,48.24560546875,54.898193359375,high
23.66650390625,22.593505859375,20.95458984375,22.404866536458332,high
47.639404296875,40.860107421875,36.475341796875,41.658284505208336,high
38.26171875,30.92724609375,26.079833984375,31.756266276041668,high
68.98388671875,55.01708984375,52.426513671875,58.809163411458336,high
64.18017578125,48.93408203125,43.072021484375,52.062093098958336,high
61.350830078125,48.611083984375,44.6220703125,51.527994791666664,high
48.21630859375,63.14453125,69.972900390625,60.444580078125,high
41.5888671875,41.5888671875,41.58935546875,41.589029947916664,high
157.216552734375,145.63330078125,142.927001953125,148.59228515625,high
69.77197265625,43.414794921875,36.742431640625,49.976399739583336,high
31.326904296875,34.950439453125,41.3623046875,35.8798828125,high
32.476806640625,28.69384765625,27.357666015625,29.509440104166668,high
40.607421875,40.607421875,40.609375,40.608072916666664,high
101.422119140625,101.422119140625,101.422119140625,101.422119140625,high
50.5693359375,48.256591796875,47.2138671875,48.679931640625,high
221.203125,211.412109375,206.466064453125,213.027099609375,high
49.983154296875,42.357421875,45.75732421875,46.032633463541664,high
81.39892578125,81.39892578125,81.39892578125,81.39892578125,high
42.42626953125,57.05126953125,66.48291015625,55.320149739583336,high
15.424072265625,10.663330078125,8.960205078125,11.682535807291666,high
42.980712890625,41.76904296875,40.682861328125,41.810872395833336,high
17.27587890625,17.200927734375,13.700927734375,16.059244791666668,high
75.6044921875,61.590087890625,52.825927734375,63.340169270833336,high
69.62060546875,73.362060546875,73.7158203125,72.23282877604167,high
39.952392578125,39.796142578125,38.330078125,39.359537760416664,high
16.30712890625,36.2958984375,86.87255859375,46.491861979166664,high
66.502685546875,58.017578125,50.817626953125,58.445963541666664,high
71.05859375,72.865966796875,72.9287109375,72.284423828125,high
28.139892578125,27.6044921875,17.767822265625,24.504069010416668,high
54.480712890625,70.6494140625,71.37646484375,65.502197265625,high
55.363037109375,55.363037109375,55.359375,55.36181640625,high
80.876708984375,83.51171875,79.185302734375,81.19124348958333,high
101.416259765625,91.63232421875,72.7841796875,88.61092122395833,high
115.23974609375,115.23974609375,115.23974609375,115.23974609375,high
233.180908203125,212.2607421875,218.573974609375,221.33854166666666,high
26.315185546875,30.630126953125,37.746337890625,31.563883463541668,high
42.982177734375,42.9833984375,42.980224609375,42.98193359375,high
69.77978515625,55.073974609375,46.039306640625,56.96435546875,high
63.203857421875,49.9814453125,36.32275390625,49.836018880208336,high
57.791748046875,49.742919921875,47.899169921875,51.811279296875,high
37.0869140625,30.554443359375,26.671875,31.437744140625,high
162.658935546875,161.396728515625,148.158935546875,157.40486653645834,high
57.42626953125,60.46044921875,63.1162109375,60.334309895833336,high
56.8642578125,46.1953125,45.050048828125,49.369873046875,high
92.00341796875,90.548828125,89.306884765625,90.61971028645833,high
26.48876953125,27.4306640625,22.687744140625,25.535725911458332,high
56.674560546875,45.493408203125,40.432861328125,47.533610026041664,high
34.552734375,34.552734375,34.552734375,34.552734375,high
63.867919921875,54.7880859375,45.599853515625,54.751953125,high
87.712158203125,65.176513671875,41.03125,64.63997395833333,high
76.32177734375,76.32177734375,76.32177734375,76.32177734375,high
95.84716796875,95.84716796875,95.84716796875,95.84716796875,high
108.769287109375,108.769287109375,108.769287109375,108.769287109375,high
107.23095703125,96.499755859375,84.571533203125,96.10074869791667,high
27.886962890625,39.84912109375,50.689697265625,39.475260416666664,high
62.727783203125,82.589111328125,64.758544921875,70.025146484375,high
76.350830078125,70.246826171875,65.0830078125,70.56022135416667,high
42.823974609375,44.35205078125,63.62451171875,50.266845703125,high
32.704345703125,26.39453125,23.96728515625,27.688720703125,high
27.203857421875,31.380859375,38.639404296875,32.408040364583336,high
73.827880859375,66.80029296875,51.900390625,64.17618815104167,high
37.736572265625,34.67919921875,34.00830078125,35.474690755208336,high
46.487548828125,46.487548828125,46.487548828125,46.487548828125,high
54.3056640625,43.937744140625,39.651123046875,45.96484375,high
92.04345703125,88.05517578125,81.021728515625,87.04012044270833,high
84.979736328125,66.1494140625,54.1337890625,68.42097981770833,high
89.28125,64.579345703125,46.2646484375,66.70841471354167,high
59.1484375,30.69482421875,19.274658203125,36.372639973958336,high
41.0302734375,27.10546875,20.9111328125,29.682291666666668,high
82.02685546875,70.230224609375,58.980712890625,70.41259765625,high
62.5693359375,45.87890625,30.1142578125,46.1875,high
176.573974609375,178.20361328125,184.87646484375,179.88468424479166,high
38.7197265625,32.3564453125,29.175048828125,33.417073567708336,high
85.85595703125,85.85595703125,85.85595703125,85.85595703125,high
160.39208984375,149.546875,139.8388671875,149.92594401041666,high
28.322998046875,47.91259765625,49.470947265625,41.902180989583336,high
171.609375,134.23779296875,42.030517578125,115.959228515625,high
51.58642578125,46.91845703125,48.5205078125,49.008463541666664,high
116.213134765625,140.8369140625,156.583984375,137.87801106770834,high
99.890625,102.671875,103.708251953125,102.09025065104167,high
47.829345703125,36.8505859375,33.507080078125,39.395670572916664,high
61.947265625,61.947265625,61.947265625,61.947265625,high
86.408203125,86.951416015625,87.7041015625,87.021240234375,high
104.62451171875,98.328369140625,94.64794921875,99.20027669270833,high
53.5771484375,53.5791015625,53.011474609375,53.389241536458336,high
42.24267578125,42.24267578125,42.248046875,42.244466145833336,high
138.757080078125,135.4443359375,130.209228515625,134.80354817708334,high
78.7216796875,78.7216796875,78.7216796875,78.7216796875,high
187.2158203125,174.990478515625,168.427490234375,176.8779296875,high
104.02001953125,104.048095703125,104.00830078125,104.02547200520833,high
57.482421875,57.767822265625,57.661865234375,57.637369791666664,high
18.33349609375,13.4833984375,16.3603515625,16.05908203125,high
53.827880859375,53.827880859375,53.827880859375,53.827880859375,high
48.96435546875,48.96435546875,48.96435546875,48.96435546875,high
95.172607421875,98.952392578125,84.84619140625,92.99039713541667,high
29.431884765625,31.39208984375,31.73828125,30.854085286458332,high
233.320068359375,234.0966796875,238.27197265625,235.22957356770834,high
39.227783203125,31.364990234375,28.160400390625,32.917724609375,high
79.03076171875,67.87255859375,57.493896484375,68.13240559895833,high
90.88037109375,90.88037109375,90.88037109375,90.88037109375,high
70.189697265625,55.226318359375,45.68994140625,57.035319010416664,high
45.297119140625,32.577880859375,30.06201171875,35.97900390625,high
91.947509765625,88.950927734375,98.529541015625,93.14265950520833,high
50.569580078125,45.67236328125,35.608154296875,43.950032552083336,high
72.867431640625,64.28515625,73.600830078125,70.25113932291667,high
85.596435546875,80.7548828125,72.439208984375,79.59684244791667,high
68.23388671875,73.71044921875,72.9697265625,71.63802083333333,high
27.806884765625,27.80029296875,27.637451171875,27.748209635416668,high
93.9912109375,93.9912109375,93.9912109375,93.9912109375,high
92.9072265625,92.9072265625,92.9072265625,92.9072265625,high
34.5078125,27.72900390625,28.33447265625,30.1904296875,high
128.186279296875,88.3095703125,65.992919921875,94.16292317708333,high
35.574951171875,31.8525390625,31.96533203125,33.130940755208336,high
144.109619140625,139.140625,129.47216796875,137.57413736979166,high
42.532470703125,42.533447265625,42.53271484375,42.532877604166664,high
133.499267578125,125.52783203125,117.491943359375,125.50634765625,high
45.137939453125,43.6650390625,40.61767578125,43.140218098958336,high
69.541748046875,59.1845703125,67.452880859375,65.39306640625,high
13.047119140625,7.417236328125,7.57958984375,9.347981770833334,high
79.157470703125,84.366455078125,85.77392578125,83.09928385416667,high
41.19140625,39.371826171875,41.02392578125,40.529052734375,high
109.1787109375,109.1787109375,109.1787109375,109.1787109375,high
36.704833984375,33.165771484375,32.47021484375,34.113606770833336,high
49.45947265625,57.031005859375,64.683349609375,57.057942708333336,high
84.815185546875,72.109130859375,63.67529296875,73.533203125,high
63.607177734375,42.0400390625,29.576416015625,45.074544270833336,high
45.827880859375,54.935302734375,49.884033203125,50.215738932291664,high
81.072265625,69.3701171875,58.152587890625,69.53165690104167,high
71.978515625,80.69677734375,69.420654296875,74.031982421875,high
66.876953125,66.876953125,66.876953125,66.876953125,high
76.671142578125,73.976806640625,65.859375,72.16910807291667,high
46.71728515625,32.428466796875,30.479736328125,36.541829427083336,high
125.50830078125,91.43212890625,70.998779296875,95.979736328125,high
71.88916015625,67.1630859375,66.882568359375,68.64493815104167,high
63.275146484375,39.9677734375,20.17822265625,41.140380859375,high
32.31298828125,27.8642578125,31.353271484375,30.510172526041668,high
25.401123046875,22.46923828125,25.388427734375,24.419596354166668,high
26.55029296875,26.55029296875,26.55029296875,26.55029296875,high
98.54296875,98.54443359375,98.5439453125,98.54378255208333,high
66.452880859375,68.531494140625,65.873779296875,66.95271809895833,high
85.518798828125,39.99462890625,22.97998046875,49.497802734375,high
56.9892578125,56.263427734375,51.4189453125,54.890543619791664,high
20.432373046875,23.881591796875,30.59521484375,24.9697265625,high
89.7197265625,97.60546875,99.74755859375,95.69091796875,high
148.251220703125,90.287841796875,63.59423828125,100.71110026041667,high
83.537841796875,84.481689453125,87.67138671875,85.23030598958333,high
78.071044921875,67.83740234375,63.70458984375,69.87101236979167,high
27.631103515625,25.16259765625,25.7548828125,26.182861328125,high
78.0390625,76.880126953125,67.2734375,74.064208984375,high
65.6201171875,55.183349609375,51.43994140625,57.414469401041664,high
30.724365234375,40.315673828125,44.115478515625,38.385172526041664,high
51.9345703125,51.9345703125,51.9345703125,51.9345703125,high
95.771728515625,95.771728515625,95.771728515625,95.771728515625,high
93.408447265625,93.408447265625,93.408447265625,93.408447265625,high
95.59912109375,83.72314453125,58.242431640625,79.188232421875,high
141.007568359375,137.730712890625,127.744384765625,135.49422200520834,high
29.41455078125,28.334716796875,28.388671875,28.712646484375,high
141.26513671875,143.72998046875,148.151611328125,144.38224283854166,high
53.365966796875,38.954833984375,25.904296875,39.408365885416664,high
40.870849609375,40.265625,45.634521484375,42.256998697916664,high
55.511962890625,55.511962890625,55.511962890625,55.511962890625,high
62.052734375,63.5693359375,62.357666015625,62.659912109375,high
134.32177734375,114.84375,96.3828125,115.18277994791667,high
29.832275390625,18.023193359375,18.4873046875,22.1142578125,high
115.450439453125,139.272705078125,151.600830078125,135.44132486979166,high
80.929443359375,99.711181640625,94.002197265625,91.547607421875,high
128.418701171875,116.286376953125,121.46533203125,122.05680338541667,high
47.44775390625,36.710205078125,33.145751953125,39.101236979166664,high
48.2998046875,39.678466796875,37.72900390625,41.902425130208336,high
12.8369140625,12.8369140625,12.8369140625,12.8369140625,high
34.392333984375,23.185546875,24.60302734375,27.393636067708332,high
126.852783203125,144.51123046875,137.00146484375,136.121826171875,high
47.499267578125,35.831787109375,23.735107421875,35.688720703125,high
89.521484375,81.524169921875,47.127197265625,72.72428385416667,high
54.24609375,54.24609375,54.24609375,54.24609375,high
62.343994140625,67.546142578125,68.13818359375,66.00944010416667,high
133.08642578125,137.38720703125,134.053955078125,134.842529296875,high
59.160400390625,41.16552734375,26.129150390625,42.151692708333336,high
44.068359375,35.132080078125,38.5810546875,39.260498046875,high
90.262939453125,99.396240234375,115.939697265625,101.86629231770833,high
53.761962890625,53.761962890625,53.761962890625,53.761962890625,high
46.222412109375,37.6689453125,36.57958984375,40.156982421875,high
20.413818359375,25.05810546875,35.185302734375,26.8857421875,high
22.734130859375,24.83154296875,29.620361328125,25.728678385416668,high
51.01416015625,29.462158203125,22.217041015625,34.231119791666664,high
64.233642578125,51.4638671875,43.949951171875,53.2158203125,high
63.115478515625,42.224365234375,35.90087890625,47.080240885416664,high
52.135986328125,33.322265625,27.219970703125,37.559407552083336,high
75.513916015625,75.513916015625,75.513916015625,75.513916015625,high
98.20458984375,106.69873046875,103.546630859375,102.816650390625,high
62.643798828125,40.594482421875,34.528564453125,45.922281901041664,high
14.652099609375,10.42919921875,9.835205078125,11.638834635416666,high
83.630126953125,89.173095703125,103.343505859375,92.04890950520833,high
227.63134765625,210.457275390625,197.50048828125,211.863037109375,high
51.20751953125,36.402587890625,28.540771484375,38.716959635416664,high
159.12646484375,155.845703125,156.927490234375,157.29988606770834,high
56.743408203125,57.952392578125,59.15087890625,57.948893229166664,high
41.209716796875,31.5244140625,29.678466796875,34.137532552083336,high
60.501953125,46.127685546875,40.364013671875,48.997884114583336,high
84.08544921875,78.78759765625,73.48779296875,78.78694661458333,high
61.144287109375,72.19580078125,81.59521484375,71.64510091145833,high
65.346923828125,65.287841796875,70.821533203125,67.152099609375,high
52.42724609375,45.288818359375,34.05419921875,43.923421223958336,high
28.942626953125,20.297607421875,18.659912109375,22.633382161458332,high
56.13818359375,24.235595703125,14.119140625,31.497639973958332,high
109.27978515625,100.85693359375,89.52099609375,99.88590494791667,high
82.90771484375,51.125732421875,22.979248046875,52.337565104166664,high
34.182373046875,23.558349609375,21.525146484375,26.421956380208332,high
80.722900390625,84.731201171875,89.04052734375,84.83154296875,high
78.7373046875,76.164306640625,77.09375,77.331787109375,high
54.731201171875,54.731201171875,54.731201171875,54.731201171875,high
39.114501953125,39.114501953125,39.114501953125,39.114501953125,high
83.318603515625,92.46630859375,87.280029296875,87.68831380208333,high
51.807373046875,48.2158203125,45.7197265625,48.580973307291664,high
95.3740234375,98.17822265625,79.6767578125,91.07633463541667,high
94.218505859375,94.218505859375,94.218505859375,94.218505859375,high
79.678466796875,79.678466796875,79.678466796875,79.678466796875,high
77.6904296875,78.45166015625,80.877685546875,79.006591796875,high
88.24853515625,91.796142578125,89.306884765625,89.78385416666667,high
31.040771484375,27.258544921875,27.679443359375,28.659586588541668,high
178.956298828125,181.1689453125,198.851318359375,186.32552083333334,high
47.344970703125,33.446044921875,26.24365234375,35.67822265625,high
68.8212890625,68.678466796875,75.184326171875,70.89469401041667,high
38.293701171875,27.66015625,22.294921875,29.416259765625,high
140.7451171875,136.001220703125,126.998291015625,134.58154296875,high
17.8232421875,6.922119140625,12.20947265625,12.318277994791666,high
132.640625,118.98583984375,37.44775390625,96.35807291666667,high
104.345947265625,106.95654296875,97.912109375,103.071533203125,high
90.028564453125,81.5087890625,64.324951171875,78.62076822916667,high
74.47509765625,68.15576171875,62.45556640625,68.36214192708333,high
158.565673828125,80.213134765625,102.610107421875,113.79630533854167,high
53.60205078125,49.23095703125,44.452880859375,49.095296223958336,high
39.167724609375,51.782470703125,64.20703125,51.719075520833336,high
144.852294921875,147.075439453125,158.271728515625,150.06648763020834,high
123.020263671875,128.7041015625,136.012451171875,129.24560546875,high
43.826171875,37.307861328125,33.990966796875,38.375,high
68.3837890625,50.246826171875,32.52490234375,50.385172526041664,high
105.49658203125,105.49658203125,105.49658203125,105.49658203125,high
27.24267578125,34.250244140625,45.353759765625,35.615559895833336,high
52.269287109375,65.130859375,72.260986328125,63.220377604166664,high
85.75634765625,80.7080078125,74.325927734375,80.263427734375,high
89.915283203125,89.915283203125,89.915283203125,89.915283203125,high
17.234130859375,17.068359375,13.3583984375,15.886962890625,high
90.11279296875,81.195556640625,80.36767578125,83.89200846354167,high
144.862060546875,140.23388671875,130.22265625,138.43953450520834,high
99.8076171875,98.635986328125,92.5078125,96.98380533854167,high
12.652587890625,14.06787109375,24.08984375,16.936767578125,high
50.27685546875,51.29150390625,49.19287109375,50.253743489583336,high
86.005615234375,65.4443359375,63.59375,71.68123372395833,high
70.672607421875,70.672607421875,70.672607421875,70.672607421875,high
23.850830078125,16.5478515625,21.03076171875,20.476481119791668,high
139.976806640625,165.26123046875,166.706298828125,157.31477864583334,high
80.0009765625,79.2548828125,69.114501953125,76.12345377604167,high
31.472412109375,26.808349609375,25.03759765625,27.772786458333332,high
13.998291015625,22.26904296875,33.924560546875,23.397298177083332,high
48.139404296875,65.6435546875,78.868408203125,64.21712239583333,high
65.009521484375,49.871337890625,44.025146484375,52.968668619791664,high
43.73779296875,37.185546875,28.152099609375,36.358479817708336,high
80.213134765625,86.32275390625,83.78759765625,83.441162109375,high
42.45166015625,42.45166015625,42.45166015625,42.45166015625,high
29.035400390625,33.02587890625,31.883544921875,31.31494140625,high
113.831787109375,114.93359375,110.653076171875,113.13948567708333,high
103.8251953125,91.68359375,93.852783203125,96.453857421875,high
39.818115234375,46.506591796875,49.42724609375,45.250651041666664,high
68.349853515625,52.41943359375,41.246337890625,54.005208333333336,high
145.499755859375,98.353759765625,83.934326171875,109.26261393229167,high
42.651611328125,37.311767578125,34.738525390625,38.233968098958336,high
95.00439453125,82.845947265625,57.638916015625,78.49641927083333,high
101.6298828125,100.410888671875,88.103271484375,96.71468098958333,high
65.290771484375,73.245361328125,69.6669921875,69.40104166666667,high
69.721435546875,61.808349609375,54.231689453125,61.920491536458336,high
48.83447265625,33.688232421875,22.31640625,34.946370442708336,high
71.831298828125,76.70751953125,79.57421875,76.03767903645833,high
35.12060546875,36.218505859375,35.989990234375,35.7763671875,high
23.5908203125,23.5908203125,23.5908203125,23.5908203125,high
33.899169921875,41.580810546875,31.210693359375,35.563557942708336,high
34.083740234375,22.165771484375,22.2607421875,26.170084635416668,high
64.591796875,81.127197265625,87.920654296875,77.8798828125,high
99.590576171875,104.53857421875,107.992919921875,104.04069010416667,high
105.23779296875,94.6044921875,87.402099609375,95.74812825520833,high
96.94384765625,72.51611328125,52.89599609375,74.11865234375,high
87.98828125,87.98828125,87.98828125,87.98828125,high
79.438232421875,79.438232421875,79.438232421875,79.438232421875,high
58.961181640625,58.961181640625,58.961181640625,58.961181640625,high
51.80419921875,49.3681640625,39.6513671875,46.941243489583336,high
64.694091796875,62.374267578125,58.91845703125,61.99560546875,high
112.04931640625,110.67822265625,114.581298828125,112.436279296875,high
45.067626953125,45.075439453125,45.06884765625,45.070638020833336,high
27.638671875,21.474365234375,21.515380859375,23.542805989583332,high
136.272705078125,118.987548828125,74.27490234375,109.84505208333333,high
14.21875,15.071044921875,11.6513671875,13.647054036458334,high
50.127197265625,31.767333984375,20.8671875,34.25390625,high
24.390625,18.83203125,18.782470703125,20.668375651041668,high
95.146484375,69.935302734375,45.031982421875,70.03792317708333,high
30.734375,24.96337890625,27.9755859375,27.89111328125,high
60.107666015625,43.04296875,27.74560546875,43.632080078125,high
29.551025390625,29.746337890625,37.468994140625,32.255452473958336,high
18.27783203125,12.693603515625,4.9375,11.969645182291666,high
70.4462890625,60.04541015625,49.003662109375,59.831787109375,high
80.14794921875,65.510009765625,51.6015625,65.753173828125,high
70.02490234375,59.9814453125,48.846435546875,59.617594401041664,high
30.309814453125,25.806396484375,24.576904296875,26.897705078125,high
116.351806640625,96.469970703125,67.946533203125,93.58943684895833,high
46.07861328125,36.018310546875,39.512939453125,40.53662109375,high
47.5810546875,57.539794921875,61.19775390625,55.439534505208336,high
78.81591796875,61.882568359375,51.87841796875,64.19230143229167,high
43.176025390625,43.176025390625,43.176025390625,43.176025390625,high
48.2607421875,46.266845703125,38.2236328125,44.250406901041664,high
45.46533203125,60.2998046875,77.366943359375,61.044026692708336,high
50.076904296875,65.941650390625,80.054931640625,65.35782877604167,high
50.121826171875,30.217041015625,19.90380859375,33.414225260416664,high
73.25244140625,46.40771484375,34.3720703125,51.344075520833336,high
90.80517578125,97.670166015625,83.396728515625,90.6240234375,high
68.1083984375,54.201904296875,41.057373046875,54.455891927083336,high
3.44580078125,4.402587890625,4.484130859375,4.11083984375,high
101.37939453125,98.37255859375,112.16162109375,103.97119140625,high
117.493408203125,105.36474609375,94.181640625,105.679931640625,high
70.035400390625,58.745849609375,47.172607421875,58.651285807291664,high
53.0234375,22.3388671875,12.364990234375,29.242431640625,high
12.986572265625,12.530029296875,17.400146484375,14.305582682291666,high
40.427978515625,40.427978515625,40.427978515625,40.427978515625,high
112.833251953125,112.833251953125,112.833251953125,112.833251953125,high
67.262939453125,57.481689453125,52.619384765625,59.121337890625,high
47.229736328125,47.229736328125,47.23193359375,47.23046875,high
136.146240234375,161.014404296875,184.23583984375,160.46549479166666,high
107.8759765625,90.17724609375,78.0751953125,92.04280598958333,high
106.217529296875,106.217529296875,106.217529296875,106.217529296875,high
32.491455078125,28.631591796875,26.90576171875,29.342936197916668,high
41.021728515625,39.98291015625,37.138916015625,39.381184895833336,high
39.802734375,42.642822265625,33.2041015625,38.549886067708336,high
87.108154296875,80.00048828125,73.7177734375,80.27547200520833,high
83.67626953125,95.7353515625,89.0146484375,89.47542317708333,high
146.317626953125,156.7568359375,149.572509765625,150.88232421875,high
33.638671875,26.530517578125,28.00390625,29.391031901041668,high
72.72607421875,72.72607421875,72.72607421875,72.72607421875,high
35.184326171875,51.90673828125,69.194091796875,52.095052083333336,high
103.12890625,103.12890625,103.12890625,103.12890625,high
29.731689453125,40.018798828125,50.237060546875,39.995849609375,high
110.02099609375,94.78076171875,90.416748046875,98.40616861979167,high
90.981201171875,71.364013671875,48.78515625,70.37679036458333,high
50.912109375,25.603515625,15.317626953125,30.611083984375,high
100.068603515625,29.71875,32.03955078125,53.942301432291664,high
61.5361328125,61.5361328125,61.5361328125,61.5361328125,high
106.776123046875,106.776123046875,106.776123046875,106.776123046875,high
34.938720703125,26.7236328125,28.937255859375,30.199869791666668,high
114.737548828125,113.0908203125,69.87841796875,99.235595703125,high
46.1923828125,46.1923828125,46.1923828125,46.1923828125,high
29.13525390625,26.64404296875,21.966064453125,25.915120442708332,high
54.213623046875,54.213623046875,54.213623046875,54.213623046875,high
82.275390625,82.275390625,82.275390625,82.275390625,high
96.5625,96.5625,96.5625,96.5625,high
76.387451171875,72.289306640625,91.52978515625,80.06884765625,high
29.529052734375,38.873779296875,50.99951171875,39.80078125,high
33.908935546875,30.745849609375,30.570068359375,31.741617838541668,high
67.310546875,72.85595703125,73.587158203125,71.251220703125,high
40.744384765625,34.15576171875,31.01904296875,35.306396484375,high
90.098876953125,90.098876953125,90.098876953125,90.098876953125,high
37.92529296875,35.796875,44.583984375,39.435384114583336,high
81.547607421875,62.802490234375,52.55859375,65.63623046875,high
79.712646484375,85.751708984375,88.66943359375,84.71126302083333,high
67.967529296875,66.450439453125,74.00537109375,69.47444661458333,high
54.77978515625,58.845703125,58.359375,57.328287760416664,high
44.80859375,44.8076171875,44.809814453125,44.808675130208336,high
136.43505859375,163.05224609375,186.1796875,161.88899739583334,high
35.09912109375,16.653564453125,10.0771484375,20.609944661458332,high
73.193603515625,65.580078125,76.953125,71.908935546875,high
23.11083984375,23.11083984375,23.11083984375,23.11083984375,high
69.193115234375,69.51953125,69.404052734375,69.37223307291667,high
50.736083984375,35.826416015625,31.021484375,39.194661458333336,high
139.485595703125,139.485595703125,139.485595703125,139.485595703125,high
65.754150390625,81.694091796875,94.495361328125,80.64786783854167,high
88.722900390625,88.722900390625,88.722900390625,88.722900390625,high
14.79345703125,14.79638671875,14.75244140625,14.78076171875,high
81.640625,79.182373046875,53.576171875,71.46638997395833,high
75.4814453125,68.86328125,59.26611328125,67.87027994791667,high
125.812255859375,81.6220703125,60.35205078125,89.26212565104167,high
93.329833984375,89.175048828125,82.08349609375,88.19612630208333,high
40.39111328125,40.39111328125,40.3935546875,40.391927083333336,high
53.705078125,45.53759765625,39.03857421875,46.09375,high
83.809814453125,78.311279296875,69.18408203125,77.10172526041667,high
69.34130859375,50.481201171875,32.83203125,50.884847005208336,high
139.82421875,101.14404296875,79.49072265625,106.81966145833333,high
70.666259765625,60.552490234375,48.927490234375,60.048746744791664,high
41.775390625,41.775390625,41.775390625,41.775390625,high
109.24853515625,97.570556640625,78.31201171875,95.043701171875,high
47.60888671875,39.682861328125,34.25830078125,40.516682942708336,high
134.4189453125,157.28076171875,19.25146484375,103.650390625,high
17.327880859375,17.34375,14.26806640625,16.313232421875,high
16.60107421875,16.4326171875,21.600830078125,18.211507161458332,high
22.60888671875,40.440185546875,52.159912109375,38.402994791666664,high
20.6904296875,23.349365234375,28.6572265625,24.232340494791668,high
127.491455078125,114.24169921875,100.720947265625,114.1513671875,high
40.111572265625,32.108154296875,29.283203125,33.834309895833336,high
104.275146484375,91.229736328125,93.69921875,96.4013671875,high
50.882568359375,32.577880859375,26.43408203125,36.631510416666664,high
112.052001953125,115.694091796875,127.720703125,118.48893229166667,high
139.509521484375,147.368408203125,151.70458984375,146.19417317708334,high
58.991943359375,48.86328125,40.756103515625,49.537109375,high
61.084716796875,68.8828125,54.474853515625,61.480794270833336,high
62.413818359375,35.77490234375,23.055908203125,40.414876302083336,high
42.230712890625,42.230712890625,42.230712890625,42.230712890625,high
44.412353515625,37.7373046875,28.713134765625,36.954264322916664,high
30.964599609375,29.521484375,33.25830078125,31.248128255208332,high
33.275634765625,25.268310546875,24.73583984375,27.759928385416668,high
42.973388671875,37.074462890625,33.943603515625,37.997151692708336,high
122.910888671875,115.76025390625,96.386474609375,111.68587239583333,high
49.874267578125,49.874267578125,49.874267578125,49.874267578125,high
65.1455078125,49.388916015625,43.43017578125,52.654866536458336,high
96.069580078125,96.069580078125,96.069580078125,96.069580078125,high
9.22900390625,5.112548828125,8.974609375,7.772054036458333,high
38.4638671875,32.99609375,28.93505859375,33.465006510416664,high
51.98046875,51.98046875,51.972900390625,51.977945963541664,high
97.8134765625,100.28173828125,104.05810546875,100.7177734375,high
41.8291015625,41.8291015625,41.8291015625,41.8291015625,high
122.600341796875,127.3408203125,124.038330078125,124.65983072916667,high
62.277587890625,46.415283203125,33.36767578125,47.353515625,high
61.8388671875,44.774169921875,29.5712890625,45.394775390625,high
61.580810546875,47.156005859375,26.7724609375,45.169759114583336,high
68.200927734375,29.22900390625,17.46728515625,38.299072265625,high
94.861328125,94.861328125,94.861328125,94.861328125,high
134.78515625,133.165771484375,129.052734375,132.33455403645834,high
28.935302734375,21.965576171875,31.56982421875,27.490234375,high
30.458984375,24.093017578125,22.92626953125,25.826090494791668,high
77.3857421875,81.533203125,85.55712890625,81.49202473958333,high
170.05859375,160.75341796875,147.08935546875,159.30045572916666,high
64.29443359375,55.6669921875,48.177978515625,56.046468098958336,high
81.289306640625,77.01708984375,67.27490234375,75.19376627604167,high
89.759033203125,109.732421875,137.62890625,112.37345377604167,high
135.452880859375,161.47314453125,185.210693359375,160.71223958333334,high
10.11572265625,20.6015625,36.19384765625,22.3037109375,high
52.27978515625,45.603271484375,44.647705078125,47.51025390625,high
53.923095703125,45.3017578125,42.69482421875,47.306559244791664,high
70.255859375,70.255859375,70.255859375,70.255859375,high
28.103271484375,29.665771484375,30.25732421875,29.342122395833332,high
73.30517578125,66.373779296875,60.563720703125,66.74755859375,high
20.165283203125,31.534423828125,41.702392578125,31.134033203125,high
106.343017578125,106.343017578125,106.343017578125,106.343017578125,high
46.010498046875,39.20263671875,33.321044921875,39.511393229166664,high
53.668212890625,53.668212890625,53.668212890625,53.668212890625,high
29.135498046875,30.675048828125,31.25341796875,30.354654947916668,high
33.476806640625,27.082763671875,26.7001953125,29.086588541666668,high
65.080322265625,65.080322265625,65.080322265625,65.080322265625,high
22.825927734375,26.132080078125,33.4111328125,27.456380208333332,high
99.21875,86.771728515625,83.585693359375,89.85872395833333,high
73.523681640625,87.334228515625,99.0302734375,86.62939453125,high
87.45751953125,87.210205078125,87.87060546875,87.51277669270833,high
48.779296875,58.594970703125,68.397216796875,58.590494791666664,high
61.701904296875,61.701904296875,61.701904296875,61.701904296875,high
77.57763671875,77.57763671875,77.57763671875,77.57763671875,high
30.62060546875,28.601318359375,30.143798828125,29.78857421875,high
88.890625,71.20263671875,57.0185546875,72.37060546875,high
118.467529296875,142.32666015625,152.71875,137.837646484375,high
48.564208984375,48.564208984375,48.564208984375,48.564208984375,high
50.249755859375,32.068115234375,25.986083984375,36.101318359375,high
32.70947265625,33.318115234375,32.841796875,32.956461588541664,high
28.268310546875,28.268310546875,28.268310546875,28.268310546875,high
88.36083984375,76.98828125,65.71923828125,77.02278645833333,high
65.7734375,69.283935546875,64.155029296875,66.40413411458333,high
116.861328125,140.253662109375,151.224853515625,136.11328125,high
40.72021484375,38.404541015625,41.026123046875,40.05029296875,high
69.072265625,86.45556640625,99.749755859375,85.092529296875,high
110.293212890625,110.293212890625,110.293212890625,110.293212890625,high
94.33251953125,82.12255859375,57.62841796875,78.02783203125,high
93.4599609375,81.975341796875,56.96533203125,77.46687825520833,high
36.951416015625,32.792236328125,33.5009765625,34.414876302083336,high
162.42431640625,155.605712890625,144.926025390625,154.31868489583334,high
52.51953125,52.51953125,52.51953125,52.51953125,high
62.021484375,62.027587890625,62.0185546875,62.022542317708336,high
94.749755859375,116.224609375,150.353271484375,120.44254557291667,high
61.287353515625,48.1611328125,43.928466796875,51.125651041666664,high
96.4111328125,92.057861328125,82.77392578125,90.414306640625,high
69.616455078125,47.38720703125,22.200439453125,46.4013671875,high
83.872314453125,83.889404296875,82.5234375,83.42838541666667,high
71.444580078125,71.444580078125,71.444580078125,71.444580078125,high
17.75,19.66748046875,27.094482421875,21.503987630208332,high
88.294921875,73.617919921875,75.44873046875,79.12052408854167,high
98.89306640625,98.89306640625,98.89306640625,98.89306640625,high
29.82080078125,31.502685546875,31.494140625,30.939208984375,high
94.1044921875,83.240478515625,71.280029296875,82.875,high
104.65185546875,131.53173828125,129.77587890625,121.98649088541667,high
35.597412109375,41.7724609375,43.675537109375,40.348470052083336,high
70.7041015625,71.15673828125,71.85888671875,71.23990885416667,high
68.59375,85.93408203125,94.642822265625,83.056884765625,high
93.418212890625,109.968017578125,104.88525390625,102.75716145833333,high
133.093505859375,133.093505859375,133.093505859375,133.093505859375,high
27.20947265625,21.37744140625,21.017822265625,23.201578776041668,high
94.063720703125,91.019287109375,102.65283203125,95.91194661458333,high
91.072265625,91.072265625,91.072265625,91.072265625,high
45.63525390625,49.749267578125,55.080322265625,50.154947916666664,high
136.469970703125,162.137451171875,186.02490234375,161.54410807291666,high
50.3896484375,43.867431640625,46.888671875,47.048583984375,high
95.993408203125,95.993408203125,95.993408203125,95.993408203125,high
41.656982421875,35.286865234375,46.6103515625,41.184733072916664,high
94.22900390625,94.228759765625,94.221435546875,94.22639973958333,high
75.599609375,93.11669921875,63.167236328125,77.29451497395833,high
99.259521484375,111.729736328125,109.775634765625,106.921630859375,high
95.956298828125,95.16650390625,90.55859375,93.893798828125,high
44.169921875,38.71044921875,34.479248046875,39.119873046875,high
106.839111328125,102.49169921875,99.67529296875,103.00203450520833,high
100.87646484375,105.892333984375,72.763671875,93.177490234375,high
42.974853515625,45.96630859375,53.5146484375,47.485270182291664,high
35.161865234375,29.981689453125,28.190185546875,31.111246744791668,high
98.742431640625,92.92724609375,85.2060546875,92.29191080729167,high
38.636474609375,25.966796875,18.4287109375,27.677327473958332,high
89.772216796875,76.1806640625,58.24267578125,74.73185221354167,high
97.2890625,95.177734375,87.152587890625,93.20646158854167,high
61.705078125,68.43603515625,65.09814453125,65.07975260416667,high
20.498779296875,32.006591796875,42.630615234375,31.711995442708332,high
96.50537109375,100.376953125,104.10009765625,100.32747395833333,high
31.19580078125,27.5498046875,38.10693359375,32.2841796875,high
120.1494140625,111.294189453125,97.746337890625,109.72998046875,high
93.050048828125,81.588623046875,74.515625,83.05143229166667,high
96.98974609375,85.642822265625,86.40283203125,89.678466796875,high
29.37744140625,35.309326171875,41.76611328125,35.484293619791664,high
95.850341796875,85.40478515625,75.294677734375,85.5166015625,high
39.827880859375,39.827880859375,39.787353515625,39.814371744791664,high
101.23779296875,87.6298828125,76.661376953125,88.50968424479167,high
39.56982421875,42.64111328125,42.904052734375,41.704996744791664,high
79.9150390625,60.357421875,61.06005859375,67.11083984375,high
29.938232421875,24.553466796875,26.9033203125,27.131673177083332,high
44.543212890625,44.543212890625,44.543212890625,44.543212890625,high
89.2822265625,89.2822265625,89.2822265625,89.2822265625,high
43.624267578125,38.70263671875,41.623779296875,41.31689453125,high
67.820068359375,68.88671875,66.85888671875,67.855224609375,high
11.50634765625,7.655517578125,11.4208984375,10.194254557291666,high
25.827880859375,27.873779296875,29.54931640625,27.750325520833332,high
134.391845703125,111.452392578125,105.8291015625,117.22444661458333,high
70.7529296875,60.43896484375,49.07080078125,60.087565104166664,high
7.658203125,37.115966796875,46.97119140625,30.581787109375,high
80.88525390625,55.97216796875,35.315185546875,57.390869140625,high
93.145263671875,84.5869140625,74.747802734375,84.15999348958333,high
85.606201171875,82.8154296875,80.251953125,82.89119466145833,high
33.4599609375,23.930908203125,19.041748046875,25.4775390625,high
39.190673828125,33.826171875,29.656494140625,34.224446614583336,high
54.84326171875,54.84326171875,54.84326171875,54.84326171875,high
48.965576171875,48.965576171875,48.965576171875,48.965576171875,high
103.134765625,84.907470703125,72.96826171875,87.00349934895833,high
57.3076171875,61.052978515625,65.1689453125,61.176513671875,high
70.630859375,82.394775390625,103.697509765625,85.57438151041667,high
26.824462890625,26.824462890625,26.824462890625,26.824462890625,high
16.697265625,27.095947265625,40.685546875,28.159586588541668,high
76.78662109375,76.78662109375,76.78662109375,76.78662109375,high
113.5361328125,82.393798828125,37.280517578125,77.73681640625,high
58.83349609375,59.130615234375,59.01904296875,58.994384765625,high
14.99169921875,14.99169921875,14.934814453125,14.972737630208334,high
111.852294921875,111.852294921875,111.852294921875,111.852294921875,high
13.468994140625,13.468994140625,13.444580078125,13.460856119791666,high
92.13427734375,88.055419921875,81.357666015625,87.18245442708333,high
60.942138671875,52.554931640625,63.021728515625,58.839599609375,high
69.3994140625,46.05029296875,30.8623046875,48.770670572916664,high
114.25830078125,104.329345703125,99.23779296875,105.94181315104167,high
179.045166015625,135.14111328125,75.19482421875,129.793701171875,high
34.577880859375,33.374267578125,36.81689453125,34.923014322916664,high
50.584716796875,63.39599609375,66.15283203125,60.044514973958336,high
34.2373046875,41.129638671875,37.763671875,37.710205078125,high
110.763916015625,104.060546875,110.2978515625,108.37410481770833,high
184.734619140625,165.75634765625,151.68603515625,167.392333984375,high
41.45849609375,41.047607421875,43.98486328125,42.163655598958336,high
36.612548828125,28.187255859375,19.986328125,28.262044270833332,high
46.856689453125,46.885986328125,46.8544921875,46.86572265625,high
62.29052734375,48.3818359375,55.93017578125,55.5341796875,high
106.183349609375,104.524169921875,104.1904296875,104.96598307291667,high
37.406982421875,41.9658203125,40.50244140625,39.958414713541664,high
54.501220703125,56.537353515625,58.119873046875,56.386149088541664,high
75.427001953125,69.52783203125,74.639404296875,73.19807942708333,high
120.94580078125,101.5576171875,89.855224609375,104.11954752604167,high
57.482666015625,73.387451171875,84.34033203125,71.73681640625,high
43.448486328125,33.885009765625,28.1982421875,35.17724609375,high
45.291015625,45.329833984375,53.9619140625,48.194254557291664,high
20.239990234375,31.7998046875,41.900390625,31.313395182291668,high
58.31787109375,58.319091796875,58.318603515625,58.318522135416664,high
75.36083984375,75.36083984375,75.36083984375,75.36083984375,high
78.013671875,81.425537109375,78.547607421875,79.32893880208333,high
58.114990234375,41.118896484375,33.381591796875,44.205159505208336,high
96.109375,85.959228515625,60.904052734375,80.99088541666667,high
11.55419921875,24.603759765625,42.78564453125,26.314534505208332,high
60.64453125,60.64453125,60.64453125,60.64453125,high
67.81640625,67.81640625,67.81640625,67.81640625,high
57.921875,57.921875,57.921875,57.921875,high
105.396728515625,104.631591796875,104.001220703125,104.676513671875,high
163.437744140625,165.18505859375,158.746337890625,162.45638020833334,high
55.399658203125,42.439697265625,32.721435546875,43.520263671875,high
61.671875,45.02880859375,29.485107421875,45.395263671875,high
50.522216796875,54.627197265625,52.1435546875,52.430989583333336,high
168.061767578125,131.978759765625,119.950927734375,139.99715169270834,high
109.321533203125,79.467529296875,37.10107421875,75.29671223958333,high
134.531982421875,120.711669921875,107.305908203125,120.849853515625,high
92.8603515625,99.09619140625,104.758544921875,98.905029296875,high
72.243408203125,72.243408203125,72.243408203125,72.243408203125,high
110.69482421875,79.724609375,37.1845703125,75.86800130208333,high
40.42822265625,40.42822265625,40.42822265625,40.42822265625,high
86.2568359375,86.596923828125,83.31982421875,85.39119466145833,high
170.23046875,145.745361328125,128.349853515625,148.10856119791666,high
21.14794921875,19.844482421875,18.212158203125,19.73486328125,high
96.641357421875,96.559814453125,86.756103515625,93.319091796875,high
16.46435546875,20.1240234375,25.24755859375,20.611979166666668,high
36.47509765625,20.792724609375,13.294677734375,23.520833333333332,high
93.326171875,90.126708984375,84.931884765625,89.46158854166667,high
43.646240234375,43.646240234375,43.646240234375,43.646240234375,high
58.458740234375,48.203857421875,39.724609375,48.795735677083336,high
70.078125,70.078125,70.078125,70.078125,high
15.1611328125,10.04541015625,10.850830078125,12.019124348958334,high
56.7490234375,56.7490234375,56.7490234375,56.7490234375,high
9.81982421875,9.91015625,8.86279296875,9.530924479166666,high
55.873046875,47.3564453125,39.012451171875,47.413981119791664,high
15.0126953125,23.242431640625,22.586181640625,20.280436197916668,high
54.480224609375,58.001708984375,60.767578125,57.749837239583336,high
36.216552734375,32.828857421875,32.97900390625,34.008138020833336,high
91.563720703125,91.563720703125,91.563720703125,91.563720703125,high
77.471923828125,62.40087890625,50.336181640625,63.402994791666664,high
26.934814453125,21.0400390625,22.14453125,23.373128255208332,high
63.851806640625,48.566650390625,42.991943359375,51.803466796875,high
69.625244140625,71.629150390625,68.542236328125,69.93221028645833,high
142.445068359375,124.80029296875,114.09326171875,127.11287434895833,high
83.6708984375,76.7587890625,70.9072265625,77.1123046875,high
50.187744140625,31.899658203125,26.15283203125,36.080078125,high
28.27099609375,25.994384765625,26.44091796875,26.902099609375,high
38.6103515625,32.8701171875,33.35693359375,34.94580078125,high
78.839111328125,63.0830078125,39.406494140625,60.44287109375,high
55.270263671875,55.270263671875,55.270263671875,55.270263671875,high
133.301025390625,160.861572265625,185.31103515625,159.82454427083334,high
87.792724609375,83.220947265625,70.802978515625,80.60555013020833,high
49.731689453125,50.711669921875,48.715087890625,49.719482421875,high
84.480224609375,91.287353515625,94.582275390625,90.11661783854167,high
52.705078125,47.45361328125,46.3447265625,48.83447265625,high
96.60498046875,76.0712890625,52.6982421875,75.12483723958333,high
57.703369140625,57.703369140625,57.287841796875,57.564860026041664,high
102.29833984375,102.29833984375,102.296875,102.2978515625,high
159.064208984375,155.949462890625,153.59521484375,156.20296223958334,high
60.394287109375,60.409912109375,60.38818359375,60.3974609375,high
49.653564453125,41.86669921875,44.8046875,45.441650390625,high
58.88232421875,58.88232421875,58.88232421875,58.88232421875,high
44.217041015625,44.217041015625,44.217041015625,44.217041015625,high
36.880615234375,54.710205078125,58.915283203125,50.168701171875,high
41.437255859375,35.980224609375,39.58984375,39.00244140625,high
29.980712890625,28.033447265625,27.989013671875,28.667724609375,high
91.727294921875,88.468994140625,80.430908203125,86.875732421875,high
198.68701171875,153.046142578125,113.48095703125,155.07137044270834,high
58.887451171875,49.08984375,45.351318359375,51.109537760416664,high
47.521484375,47.521484375,47.521484375,47.521484375,high
39.765380859375,41.9775390625,47.60498046875,43.115966796875,high
56.659912109375,40.64208984375,32.187255859375,43.1630859375,high
139.39501953125,139.39501953125,139.39501953125,139.39501953125,high
85.778564453125,85.778564453125,85.778564453125,85.778564453125,high
53.111328125,75.74853515625,93.67333984375,74.177734375,high
25.470458984375,38.16552734375,52.16650390625,38.600830078125,high
173.360107421875,143.80810546875,143.304931640625,153.49104817708334,high
58.00927734375,36.0068359375,29.47900390625,41.1650390625,high
60.834228515625,52.56787109375,45.566162109375,52.989420572916664,high
68.95751953125,54.156982421875,44.47998046875,55.864827473958336,high
44.168701171875,37.642578125,28.538818359375,36.783365885416664,high
11.6328125,16.706298828125,12.95166015625,13.763590494791666,high
62.23974609375,65.220703125,37.649169921875,55.036539713541664,high
76.96435546875,89.39111328125,100.410888671875,88.922119140625,high
61.037841796875,63.812744140625,67.017822265625,63.956136067708336,high
52.02685546875,58.798583984375,45.74853515625,52.191324869791664,high
76.630615234375,87.486572265625,87.67822265625,83.93180338541667,high
39.873779296875,31.17822265625,39.005615234375,36.685872395833336,high
70.28857421875,70.28857421875,70.28857421875,70.28857421875,high
107.50244140625,123.857177734375,112.082763671875,114.48079427083333,high
90.26318359375,90.26318359375,90.26318359375,90.26318359375,high
106.792236328125,129.140625,113.21142578125,116.38142903645833,high
45.717041015625,39.746826171875,35.564208984375,40.342692057291664,high
21.190673828125,16.039306640625,16.862548828125,18.030843098958332,high
62.7451171875,88.49609375,115.2646484375,88.83528645833333,high
121.3056640625,82.987060546875,57.58056640625,87.29109700520833,high
46.994140625,33.5849609375,30.04833984375,36.875813802083336,high
45.766357421875,45.916259765625,33.369873046875,41.684163411458336,high
62.55029296875,78.446044921875,90.835693359375,77.27734375,high
73.9912109375,73.9912109375,73.9912109375,73.9912109375,high
105.1513671875,88.483642578125,72.767333984375,88.80078125,high
23.36376953125,26.841064453125,33.294189453125,27.8330078125,high
62.450927734375,48.3720703125,31.81982421875,47.547607421875,high
36.4580078125,35.270751953125,40.98388671875,37.570882161458336,high
94.788330078125,94.788330078125,94.788330078125,94.788330078125,high
108.31884765625,128.162353515625,134.71630859375,123.73250325520833,high
104.48193359375,98.520263671875,89.59375,97.531982421875,high
51.530029296875,51.530029296875,51.09375,51.384602864583336,high
102.608154296875,105.16259765625,102.528076171875,103.43294270833333,high
51.191650390625,31.6328125,21.6123046875,34.812255859375,high
40.96484375,40.96484375,40.951416015625,40.960367838541664,high
46.189453125,52.134033203125,49.342041015625,49.221842447916664,high
30.42724609375,30.42724609375,30.42724609375,30.42724609375,high
51.349609375,51.349609375,51.349609375,51.349609375,high
80.917236328125,76.62255859375,64.3076171875,73.94913736979167,high
69.353515625,39.93505859375,26.273681640625,45.187418619791664,high
53.413330078125,37.775634765625,23.6728515625,38.287272135416664,high
87.945556640625,84.20166015625,75.604736328125,82.583984375,high
103.7587890625,108.195068359375,123.669189453125,111.87434895833333,high
109.244140625,79.330078125,36.649169921875,75.074462890625,high
98.176513671875,98.176513671875,98.176513671875,98.176513671875,high
101.93115234375,125.46533203125,114.11572265625,113.83740234375,high
45.85205078125,43.227294921875,31.722412109375,40.267252604166664,high
32.952880859375,23.975830078125,20.9462890625,25.958333333333332,high
87.17919921875,51.087158203125,29.871337890625,56.0458984375,high
98.576171875,110.058349609375,113.391845703125,107.34212239583333,high
64.189208984375,36.15478515625,20.9873046875,40.443766276041664,high
69.670654296875,77.451904296875,67.5556640625,71.55940755208333,high
96.076904296875,96.076904296875,96.076904296875,96.076904296875,high
10.206787109375,14.020751953125,21.451904296875,15.226481119791666,high
83.918212890625,83.918212890625,83.918212890625,83.918212890625,high
68.26123046875,78.5322265625,77.6865234375,74.82666015625,high
61.961669921875,42.517578125,30.627197265625,45.035481770833336,high
55.5849609375,26.056884765625,8.90869140625,30.183512369791668,high
177.874267578125,183.52392578125,184.40283203125,181.93367513020834,high
88.626953125,60.72265625,39.482666015625,62.944091796875,high
45.01025390625,45.01025390625,45.01025390625,45.01025390625,high
77.858642578125,77.858642578125,77.858642578125,77.858642578125,high
87.400390625,81.581298828125,76.385009765625,81.78889973958333,high
36.825927734375,29.510986328125,26.4951171875,30.944010416666668,high
36.1240234375,28.065185546875,25.5380859375,29.909098307291668,high
20.8095703125,32.597900390625,42.60205078125,32.003173828125,high
66.730224609375,36.47265625,23.729248046875,42.310709635416664,high
54.064453125,38.81396484375,30.2587890625,41.045735677083336,high
132.00439453125,132.00439453125,132.00439453125,132.00439453125,high
63.202880859375,63.202880859375,62.66357421875,63.023111979166664,high
56.337890625,56.815673828125,51.043701171875,54.732421875,high
28.705810546875,30.43994140625,38.373046875,32.506266276041664,high
53.504150390625,53.504150390625,53.504150390625,53.504150390625,high
33.867919921875,30.800537109375,24.165771484375,29.611409505208332,high
56.087646484375,47.47412109375,39.33154296875,47.631103515625,high
55.555419921875,58.715576171875,66.847412109375,60.372802734375,high
47.884521484375,44.466552734375,41.776123046875,44.709065755208336,high
69.677978515625,54.884521484375,45.34423828125,56.635579427083336,high
89.53955078125,115.420654296875,117.87353515625,107.61124674479167,high
81.04296875,64.209716796875,52.5791015625,65.94392903645833,high
65.4169921875,45.139892578125,47.046630859375,52.534505208333336,high
53.39404296875,44.686279296875,48.3798828125,48.820068359375,high
43.422607421875,32.465576171875,34.514404296875,36.800862630208336,high
70.9169921875,47.120849609375,36.053466796875,51.36376953125,high
36.740234375,35.341796875,33.11572265625,35.06591796875,high
89.905517578125,89.905517578125,89.905517578125,89.905517578125,high
5.53759765625,3.2158203125,3.94140625,4.231608072916667,high
118.648681640625,82.677734375,35.09228515625,78.80623372395833,high
149.743896484375,140.2548828125,137.98583984375,142.66153971354166,high
52.167236328125,40.089111328125,36.229736328125,42.828694661458336,high
59.833740234375,59.84765625,59.838134765625,59.83984375,high
158.496826171875,149.5283203125,134.301513671875,147.44222005208334,high
72.367919921875,63.2021484375,53.35205078125,62.974039713541664,high
28.88134765625,28.88134765625,28.88134765625,28.88134765625,high
87.69580078125,87.69580078125,87.69580078125,87.69580078125,high
114.180908203125,89.09375,82.193115234375,95.15592447916667,high
110.292724609375,106.4384765625,98.601806640625,105.11100260416667,high
89.615478515625,126.213134765625,153.172607421875,123.00040690104167,high
44.814208984375,67.513671875,79.0087890625,63.778889973958336,high
79.2294921875,82.501220703125,74.586181640625,78.77229817708333,high
31.645263671875,31.81103515625,17.92333984375,27.126546223958332,high
60.522705078125,48.982666015625,32.439453125,47.31494140625,high
108.830078125,91.757568359375,82.052490234375,94.21337890625,high
99.282958984375,105.021484375,92.92919921875,99.077880859375,high
49.147216796875,37.422119140625,28.604736328125,38.391357421875,high
82.93701171875,82.9541015625,82.947509765625,82.94620768229167,high
91.015380859375,84.6943359375,77.42626953125,84.378662109375,high
95.71484375,112.014892578125,106.462158203125,104.73063151041667,high
55.775390625,55.48388671875,45.62939453125,52.296223958333336,high
25.641845703125,17.86474609375,11.413818359375,18.306803385416668,high
32.91455078125,28.800048828125,27.394775390625,29.703125,high
55.0537109375,45.120849609375,29.317626953125,43.1640625,high
92.01513671875,79.240234375,69.838134765625,80.364501953125,high
24.869873046875,24.869873046875,24.869873046875,24.869873046875,high
38.652099609375,30.7333984375,28.35791015625,32.581136067708336,high
37.064453125,41.238037109375,44.353515625,40.885335286458336,high
59.839111328125,46.274169921875,34.376220703125,46.829833984375,high
206.885009765625,202.224853515625,177.9013671875,195.67041015625,high
101.9423828125,102.038818359375,101.889404296875,101.95686848958333,high
70.325439453125,31.1845703125,19.239990234375,40.25,high
17.528076171875,17.8125,13.30712890625,16.215901692708332,high
68.56494140625,47.9111328125,43.826904296875,53.434326171875,high
100.4404296875,100.4404296875,100.4404296875,100.4404296875,high
85.396728515625,85.396728515625,85.396728515625,85.396728515625,high
28.176025390625,29.373291015625,38.104248046875,31.884521484375,high
92.93017578125,105.385498046875,89.326171875,95.880615234375,high
104.630126953125,131.819580078125,128.700439453125,121.71671549479167,high
59.733642578125,45.933349609375,33.0439453125,46.236979166666664,high
49.654296875,38.5322265625,34.745361328125,40.977294921875,high
83.2236328125,83.2236328125,83.2236328125,83.2236328125,high
46.352783203125,49.30908203125,53.681884765625,49.78125,high
90.148681640625,73.46142578125,58.220458984375,73.94352213541667,high
30.908447265625,32.91357421875,29.570556640625,31.130859375,high
36.78173828125,30.662109375,23.766357421875,30.403401692708332,high
136.203369140625,136.203369140625,136.203369140625,136.203369140625,high
51.9775390625,46.692626953125,43.47412109375,47.381429036458336,high
82.70068359375,88.525634765625,101.85107421875,91.02579752604167,high
16.104248046875,31.0634765625,44.8173828125,30.661702473958332,high
64.40673828125,64.42236328125,64.403564453125,64.410888671875,high
45.686767578125,45.68896484375,45.690673828125,45.688802083333336,high
29.468994140625,29.468994140625,29.468994140625,29.468994140625,high
95.398193359375,87.4462890625,63.13037109375,81.99161783854167,high
75.13623046875,82.3671875,87.982421875,81.82861328125,high
109.0458984375,126.31689453125,132.926513671875,122.76310221354167,high
52.54931640625,55.85986328125,58.964599609375,55.791259765625,high
41.38232421875,41.38232421875,41.38232421875,41.38232421875,high
64.579345703125,49.437255859375,62.611572265625,58.876057942708336,high
55.22021484375,69.377685546875,82.70068359375,69.09952799479167,high
38.871337890625,38.026123046875,43.069580078125,39.989013671875,high
78.818115234375,76.9296875,68.49609375,74.74796549479167,high
81.6689453125,72.105712890625,70.794189453125,74.85628255208333,high
56.088134765625,26.25048828125,8.38330078125,30.240641276041668,high
18.3046875,25.446533203125,17.064697265625,20.27197265625,high
40.039306640625,40.04150390625,40.04052734375,40.040445963541664,high
80.966552734375,76.876220703125,67.85498046875,75.23258463541667,high
27.5205078125,29.04931640625,22.58447265625,26.384765625,high
78.890869140625,84.181884765625,86.517333984375,83.19669596354167,high
124.05859375,99.912353515625,77.2705078125,100.413818359375,high
38.3173828125,38.186279296875,35.3779296875,37.293863932291664,high
74.3291015625,62.3876953125,35.9033203125,57.5400390625,high
64.508544921875,44.787353515625,34.6455078125,47.98046875,high
66.910400390625,66.910400390625,66.910400390625,66.910400390625,high
51.664306640625,22.587890625,13.002197265625,29.084798177083332,high
48.38623046875,34.81787109375,28.28271484375,37.162272135416664,high
38.948486328125,33.27685546875,31.0849609375,34.436767578125,high
103.1015625,122.332275390625,129.068115234375,118.16731770833333,high
64.72412109375,55.394775390625,48.912353515625,56.34375,high
99.38720703125,75.2705078125,66.33544921875,80.3310546875,high
35.778076171875,28.724609375,23.2275390625,29.243408203125,high
29.397216796875,29.397216796875,29.397216796875,29.397216796875,high
48.666748046875,30.1064453125,25.420166015625,34.731119791666664,high
29.403076171875,29.403076171875,29.403076171875,29.403076171875,high
59.076171875,53.9287109375,42.813232421875,51.939371744791664,high
34.5048828125,51.293701171875,68.33056640625,51.376383463541664,high
79.871826171875,79.871826171875,79.871826171875,79.871826171875,high
56.770751953125,56.770751953125,56.770751953125,56.770751953125,high
79.680419921875,58.17578125,40.955810546875,59.60400390625,high
92.326416015625,84.284423828125,80.8203125,85.81038411458333,high
70.8515625,61.500732421875,68.890380859375,67.08089192708333,high
48.587158203125,52.7333984375,52.683837890625,51.334798177083336,high
59.558837890625,57.013427734375,47.102783203125,54.558349609375,high
83.540771484375,83.54052734375,83.544677734375,83.5419921875,high
48.749267578125,34.99755859375,26.05908203125,36.601969401041664,high
120.409423828125,123.225830078125,111.509765625,118.38167317708333,high
106.49951171875,111.024658203125,107.507568359375,108.34391276041667,high
35.7255859375,31.90771484375,31.122802734375,32.918701171875,high
181.770263671875,209.419189453125,233.202392578125,208.130615234375,high
137.06787109375,162.527587890625,185.92626953125,161.840576171875,high
86.64404296875,86.64404296875,86.64404296875,86.64404296875,high
77.493896484375,77.493896484375,77.396484375,77.46142578125,high
68.5810546875,58.457763671875,47.007568359375,58.015462239583336,high
108.0537109375,84.15380859375,58.3115234375,83.50634765625,high
83.6943359375,89.49853515625,83.52392578125,85.572265625,high
78.460205078125,77.345947265625,67.76025390625,74.52213541666667,high
107.732421875,107.19091796875,92.204345703125,102.37589518229167,high
50.072998046875,42.20849609375,44.666748046875,45.6494140625,high
72.63916015625,72.63916015625,72.63916015625,72.63916015625,high
105.205810546875,105.205810546875,105.205810546875,105.205810546875,high
115.40234375,171.884765625,199.438232421875,162.24178059895834,high
89.787353515625,89.787353515625,89.787353515625,89.787353515625,high
204.51220703125,200.360595703125,202.6953125,202.522705078125,high
66.881103515625,78.56201171875,77.141357421875,74.19482421875,high
41.85107421875,36.4482421875,29.119873046875,35.806396484375,high
90.890380859375,86.7880859375,94.117919921875,90.59879557291667,high
125.072509765625,125.072509765625,125.072509765625,125.072509765625,high
147.928466796875,132.280517578125,105.3583984375,128.5224609375,high
180.71435546875,172.1611328125,158.9287109375,170.60139973958334,high
45.79833984375,57.9970703125,69.128173828125,57.641194661458336,high
56.257080078125,56.257080078125,56.257080078125,56.257080078125,high
78.941162109375,129.17578125,167.826904296875,125.31461588541667,high
97.47314453125,81.75048828125,73.905029296875,84.376220703125,high
59.137939453125,59.221435546875,57.45263671875,58.60400390625,high
43.273193359375,46.649169921875,50.19189453125,46.704752604166664,high
68.50439453125,75.96728515625,78.185546875,74.21907552083333,high
77.58935546875,78.34423828125,80.88232421875,78.93863932291667,high
51.324951171875,32.334716796875,26.0478515625,36.569173177083336,high
50.331787109375,72.876708984375,55.67138671875,59.626627604166664,high
59.731201171875,70.880615234375,80.50048828125,70.37076822916667,high
92.175537109375,58.779052734375,39.883544921875,63.612711588541664,high
39.423828125,54.18408203125,66.78662109375,53.46484375,high
120.23974609375,108.96826171875,70.8154296875,100.0078125,high
30.001708984375,35.5283203125,45.322509765625,36.950846354166664,high
69.78857421875,69.869384765625,67.68896484375,69.11564127604167,high
25.15185546875,18.111083984375,18.974609375,20.745849609375,high
82.0595703125,77.0751953125,68.2392578125,75.79134114583333,high
75.642822265625,60.843505859375,40.697998046875,59.061442057291664,high
94.821533203125,82.9638671875,73.027099609375,83.60416666666667,high
83.966552734375,85.971435546875,82.839599609375,84.25919596354167,high
39.5390625,39.5390625,39.537841796875,39.538655598958336,high
52.22412109375,37.700927734375,51.004150390625,46.976399739583336,high
85.263427734375,85.85986328125,82.28515625,84.469482421875,high
89.434814453125,89.434814453125,89.434814453125,89.434814453125,high
194.559326171875,187.515869140625,183.2900390625,188.455078125,high
73.28662109375,78.05224609375,77.43017578125,76.25634765625,high
124.299560546875,123.328125,97.37646484375,115.00138346354167,high
95.86962890625,95.86962890625,95.86962890625,95.86962890625,high
55.261474609375,55.261474609375,55.2509765625,55.257975260416664,high
99.770751953125,96.713623046875,75.721435546875,90.73527018229167,high
9.7119140625,5.452880859375,9.360107421875,8.174967447916666,high
100.454345703125,97.914794921875,93.377685546875,97.24894205729167,high
38.565673828125,51.655029296875,63.703125,51.307942708333336,high
8.541748046875,10.519287109375,21.674560546875,13.578531901041666,high
23.61279296875,23.61279296875,23.61279296875,23.61279296875,high
112.505615234375,91.428466796875,77.481201171875,93.80509440104167,high
65.9736328125,69.982666015625,70.201171875,68.71915690104167,high
98.8740234375,98.8740234375,98.8740234375,98.8740234375,high
101.81396484375,101.81396484375,101.81396484375,101.81396484375,high
29.8603515625,25.701416015625,24.4453125,26.669026692708332,high
79.389404296875,60.479736328125,49.41845703125,63.095865885416664,high
53.357666015625,53.357666015625,53.357666015625,53.357666015625,high
60.500732421875,45.683349609375,32.913330078125,46.365804036458336,high
40.8359375,33.285400390625,30.724365234375,34.948567708333336,high
45.734375,50.05712890625,55.48095703125,50.424153645833336,high
41.9443359375,46.722412109375,46.781494140625,45.1494140625,high
91.899169921875,91.899169921875,91.899169921875,91.899169921875,high
102.728759765625,81.8095703125,71.479248046875,85.33919270833333,high
93.91357421875,93.91357421875,93.91357421875,93.91357421875,high
123.334228515625,157.434814453125,180.914794921875,153.89461263020834,high
62.0517578125,46.257568359375,32.567138671875,46.958821614583336,high
23.13916015625,44.050048828125,50.03515625,39.074788411458336,high
154.548095703125,147.05078125,138.0693359375,146.55607096354166,high
50.070556640625,50.070556640625,50.070556640625,50.070556640625,high
56.463134765625,45.815673828125,43.968994140625,48.749267578125,high
60.795166015625,45.58544921875,33.244384765625,46.541666666666664,high
60.410888671875,42.3583984375,43.363037109375,48.710774739583336,high
127.322265625,147.520751953125,162.11328125,145.652099609375,high
40.6640625,40.6640625,40.65576171875,40.661295572916664,high
38.664794921875,32.818115234375,33.796142578125,35.093017578125,high
70.775390625,60.44580078125,49.024658203125,60.081949869791664,high
27.4482421875,27.4482421875,27.4482421875,27.4482421875,high
44.66943359375,37.578125,33.830078125,38.692545572916664,high
108.462890625,96.8974609375,77.63232421875,94.33089192708333,high
104.649658203125,102.58349609375,94.537353515625,100.59016927083333,high
3.590576171875,4.687744140625,4.843017578125,4.373779296875,high
55.605224609375,45.06298828125,37.901611328125,46.18994140625,high
18.035888671875,17.781494140625,13.700439453125,16.505940755208332,high
66.61376953125,71.919677734375,62.887451171875,67.14029947916667,high
41.494873046875,41.49560546875,41.3330078125,41.441162109375,high
22.741455078125,22.751708984375,22.7470703125,22.746744791666668,high
49.4638671875,42.99169921875,42.193115234375,44.882893880208336,high
72.224609375,72.224609375,72.224609375,72.224609375,high
83.43310546875,83.43310546875,83.43310546875,83.43310546875,high
67.559814453125,68.4833984375,67.27978515625,67.77433268229167,high
66.424072265625,51.42529296875,46.426513671875,54.758626302083336,high
81.898681640625,96.708251953125,113.7080078125,97.43831380208333,high
42.065673828125,42.065673828125,42.065673828125,42.065673828125,high
33.8759765625,33.8759765625,33.8759765625,33.8759765625,high
209.696533203125,208.1513671875,210.353759765625,209.40055338541666,high
53.16259765625,53.163818359375,53.162109375,53.162841796875,high
59.89111328125,72.139404296875,76.1943359375,69.40828450520833,high
49.406005859375,71.942138671875,54.91455078125,58.754231770833336,high
78.614990234375,77.616455078125,78.458984375,78.23014322916667,high
135.700439453125,136.248291015625,123.1357421875,131.69482421875,high
47.242431640625,40.07763671875,31.411376953125,39.5771484375,high
71.71142578125,94.304443359375,107.76904296875,91.26163736979167,high
61.60107421875,82.0810546875,112.55029296875,85.41080729166667,high
21.233642578125,19.422119140625,25.342041015625,21.999267578125,high
26.099853515625,22.533935546875,20.617431640625,23.083740234375,high
80.282958984375,80.282958984375,80.282958984375,80.282958984375,high
99.82763671875,93.235107421875,81.9873046875,91.683349609375,high
59.923828125,47.049072265625,40.97607421875,49.316324869791664,high
28.17529296875,21.887451171875,23.970703125,24.677815755208332,high
75.551513671875,69.186279296875,59.5244140625,68.08740234375,high
111.13671875,72.03271484375,43.9453125,75.70491536458333,high
100.843994140625,100.843994140625,100.843994140625,100.843994140625,high
32.1982421875,33.27001953125,38.633056640625,34.700439453125,high
39.808837890625,39.808837890625,39.808837890625,39.808837890625,high
124.080322265625,66.112060546875,53.115966796875,81.102783203125,high
85.136962890625,74.352294921875,59.34326171875,72.94417317708333,high
12.086669921875,8.192626953125,12.59521484375,10.958170572916666,high
63.5400390625,68.533935546875,67.832275390625,66.63541666666667,high
42.498046875,41.002685546875,42.671630859375,42.057454427083336,high
122.339111328125,121.5078125,116.10009765625,119.98234049479167,high
140.016845703125,165.619140625,185.390625,163.675537109375,high
128.222412109375,121.689697265625,116.963623046875,122.29191080729167,high
92.923583984375,89.186767578125,95.206787109375,92.43904622395833,high
45.097900390625,32.748779296875,26.586669921875,34.811116536458336,high
29.97802734375,26.9404296875,32.171630859375,29.696695963541668,high
79.28125,74.8828125,75.373291015625,76.512451171875,high
48.95458984375,42.134033203125,41.225341796875,44.104654947916664,high
60.58056640625,60.58056640625,60.58056640625,60.58056640625,high
55.10107421875,70.138671875,77.069580078125,67.43644205729167,high
190.4697265625,175.371826171875,142.88623046875,169.575927734375,high
85.41748046875,64.251953125,51.879638671875,67.18302408854167,high
26.094970703125,24.08349609375,22.512451171875,24.230305989583332,high
68.199951171875,68.20751953125,67.609619140625,68.00569661458333,high
30.01025390625,31.824951171875,31.89208984375,31.242431640625,high
21.58447265625,21.58447265625,21.58447265625,21.58447265625,high
29.0859375,23.41845703125,24.145751953125,25.550048828125,high
11.893310546875,13.4169921875,23.479736328125,16.263346354166668,high
18.1005859375,32.566162109375,41.260009765625,30.642252604166668,high
90.98046875,66.83251953125,43.511962890625,67.10831705729167,high
26.846435546875,29.37109375,27.55517578125,27.924235026041668,high
74.619140625,86.701416015625,41.2470703125,67.52254231770833,high
53.325927734375,36.99609375,30.720703125,40.347574869791664,high
132.6728515625,161.1494140625,187.67236328125,160.49820963541666,high
36.735595703125,53.74609375,72.10400390625,54.195231119791664,high
42.513916015625,30.58642578125,20.257080078125,31.119140625,high
51.723388671875,37.947998046875,30.96875,40.21337890625,high
18.997802734375,18.47802734375,13.811767578125,17.095865885416668,high
115.760986328125,116.01953125,111.3994140625,114.393310546875,high
125.084716796875,125.084716796875,125.084716796875,125.084716796875,high
62.36181640625,43.67431640625,44.912109375,50.316080729166664,high
35.2919921875,27.4921875,27.685546875,30.156575520833332,high
38.190185546875,38.190185546875,38.190185546875,38.190185546875,high
44.815673828125,44.815673828125,44.815673828125,44.815673828125,high
88.81982421875,88.81982421875,88.81982421875,88.81982421875,high
88.02734375,74.63330078125,64.45703125,75.70589192708333,high
114.911376953125,91.76513671875,89.930419921875,98.86897786458333,high
84.01806640625,91.48876953125,88.74365234375,88.08349609375,high
23.29541015625,21.5361328125,23.302978515625,22.711507161458332,high
41.815185546875,41.827880859375,41.822265625,41.82177734375,high
68.873291015625,76.326904296875,83.021728515625,76.073974609375,high
125.236328125,116.94140625,106.639404296875,116.27237955729167,high
63.6572265625,66.5556640625,70.005859375,66.73958333333333,high
96.00439453125,115.61962890625,145.83154296875,119.15185546875,high
99.74365234375,77.669677734375,69.039306640625,82.15087890625,high
95.255126953125,83.62109375,73.63916015625,84.17179361979167,high
105.568115234375,104.537109375,103.26123046875,104.45548502604167,high
40.9267578125,46.7724609375,35.41796875,41.0390625,high
21.37548828125,15.771728515625,17.738037109375,18.295084635416668,high
108.324462890625,108.324462890625,108.324462890625,108.324462890625,high
121.4619140625,86.369140625,70.322021484375,92.71769205729167,high
42.43310546875,43.208251953125,41.642822265625,42.428059895833336,high
100.244873046875,111.16552734375,91.987548828125,101.13264973958333,high
64.830322265625,56.91357421875,50.422119140625,57.388671875,high
33.1904296875,17.158935546875,16.163818359375,22.171061197916668,high
45.2958984375,50.357177734375,52.7412109375,49.464762369791664,high
117.78076171875,99.25732421875,85.824462890625,100.95418294270833,high
36.852294921875,41.680419921875,49.804443359375,42.779052734375,high
126.059326171875,124.30810546875,131.4873046875,127.284912109375,high
25.43359375,28.66455078125,31.00341796875,28.3671875,high
70.051025390625,63.13818359375,62.614990234375,65.26806640625,high
77.508544921875,57.855712890625,51.768310546875,62.377522786458336,high
86.9296875,75.06494140625,68.036376953125,76.677001953125,high
50.04052734375,43.744384765625,46.56103515625,46.781982421875,high
99.625244140625,100.888916015625,68.646484375,89.72021484375,high
72.16748046875,74.6484375,64.474609375,70.43017578125,high
129.2412109375,114.915283203125,110.42431640625,118.193603515625,high
69.802001953125,69.802001953125,69.802001953125,69.802001953125,high
92.1728515625,79.503173828125,66.482421875,79.38614908854167,high
44.078125,44.078125,44.078125,44.078125,high
73.470703125,47.453125,35.81396484375,52.245930989583336,high
55.901611328125,26.224609375,8.259521484375,30.128580729166668,high
89.912353515625,75.04541015625,60.5615234375,75.173095703125,high
77.760986328125,57.68017578125,42.25244140625,59.231201171875,high
93.951171875,93.951171875,93.951171875,93.951171875,high
80.8173828125,86.7509765625,107.724609375,91.76432291666667,high
127.640625,122.115966796875,104.157958984375,117.97151692708333,high
96.1875,90.6240234375,89.07666015625,91.96272786458333,high
34.729248046875,36.67724609375,46.853271484375,39.419921875,high
142.950439453125,133.480712890625,131.287841796875,135.90633138020834,high
59.0087890625,59.0087890625,59.0087890625,59.0087890625,high
165.316650390625,162.442626953125,156.23291015625,161.33072916666666,high
55.81396484375,39.897216796875,32.268310546875,42.659830729166664,high
39.3603515625,35.463134765625,44.673828125,39.832438151041664,high
80.205810546875,55.354248046875,42.07861328125,59.212890625,high
76.788818359375,69.169921875,58.61181640625,68.190185546875,high
35.15380859375,16.65966796875,10.073974609375,20.629150390625,high
58.853515625,50.871826171875,43.489501953125,51.071614583333336,high
111.065673828125,7.518310546875,21.350830078125,46.644938151041664,high
58.262451171875,44.742919921875,38.37255859375,47.1259765625,high
77.9326171875,79.3271484375,86.927490234375,81.395751953125,high
127.560546875,132.97802734375,90.594970703125,117.04451497395833,high
33.2392578125,33.2392578125,33.23486328125,33.23779296875,high
142.21923828125,118.12841796875,142.408203125,134.251953125,high
40.47119140625,29.5283203125,26.41796875,32.13916015625,high
61.119140625,43.12353515625,43.594482421875,49.279052734375,high
107.982666015625,124.236083984375,111.048583984375,114.42244466145833,high
52.369873046875,41.37060546875,21.96240234375,38.567626953125,high
14.829345703125,13.812255859375,18.9345703125,15.858723958333334,high
150.069091796875,112.743896484375,86.63623046875,116.48307291666667,high
19.140625,19.72900390625,16.2509765625,18.37353515625,high
145.537841796875,141.29541015625,124.73095703125,137.18806966145834,high
35.35009765625,16.647216796875,10.190673828125,20.729329427083332,high
73.1220703125,66.412353515625,54.4384765625,64.65763346354167,high
77.1123046875,56.10009765625,38.490966796875,57.234456380208336,high
39.264404296875,31.4443359375,28.70947265625,33.139404296875,high
20.7568359375,26.733642578125,49.51611328125,32.335530598958336,high
30.31103515625,28.7939453125,26.9365234375,28.680501302083332,high
107.721923828125,101.20703125,90.302490234375,99.74381510416667,high
50.265380859375,50.265380859375,50.20947265625,50.246744791666664,high
78.02685546875,78.02685546875,78.02685546875,78.02685546875,high
42.302490234375,27.63134765625,25.921630859375,31.951822916666668,high
74.806640625,55.392578125,44.350341796875,58.183186848958336,high
86.675537109375,86.675537109375,86.677001953125,86.676025390625,high
94.36767578125,94.91552734375,94.09619140625,94.45979817708333,high
41.518310546875,40.83056640625,38.748046875,40.365641276041664,high
34.456787109375,24.7177734375,21.36376953125,26.846110026041668,high
51.777587890625,57.58349609375,54.4423828125,54.601155598958336,high
86.356201171875,81.862060546875,75.285888671875,81.16805013020833,high
58.047607421875,34.576416015625,26.8193359375,39.814453125,high
69.951416015625,64.1474609375,59.32275390625,64.473876953125,high
102.357421875,94.895263671875,94.27001953125,97.17423502604167,high
101.835205078125,92.90283203125,80.796630859375,91.84488932291667,high
152.300537109375,92.925048828125,45.461181640625,96.89558919270833,high
35.425048828125,51.093017578125,67.7958984375,51.43798828125,high
52.85302734375,52.85302734375,52.85302734375,52.85302734375,high
29.88037109375,31.96142578125,36.356201171875,32.732666015625,high
62.415771484375,56.892578125,53.8173828125,57.708577473958336,high
96.11962890625,88.557373046875,76.35595703125,87.010986328125,high
60.80322265625,60.8046875,60.102294921875,60.570068359375,high
23.751953125,18.981201171875,19.6455078125,20.792887369791668,high
118.388671875,117.973388671875,113.015380859375,116.45914713541667,high
78.4697265625,58.19873046875,27.40185546875,54.690104166666664,high
140.235107421875,165.891845703125,168.00732421875,158.04475911458334,high
88.626708984375,60.896728515625,39.4150390625,62.9794921875,high
55.534423828125,55.535400390625,55.104248046875,55.391357421875,high
42.581787109375,30.049560546875,24.801513671875,32.477620442708336,high
136.6201171875,108.018310546875,98.333251953125,114.32389322916667,high
47.06494140625,53.14111328125,38.439453125,46.215169270833336,high
58.5048828125,40.224609375,26.7998046875,41.843098958333336,high
88.976806640625,67.39794921875,51.373046875,69.249267578125,high
57.0888671875,57.0888671875,57.0888671875,57.0888671875,high
90.708984375,90.708984375,90.708984375,90.708984375,high
65.617919921875,47.977783203125,34.242431640625,49.279378255208336,high
64.81298828125,56.247314453125,48.031494140625,56.363932291666664,high
53.051513671875,48.140869140625,43.786376953125,48.326253255208336,high
34.493408203125,13.226806640625,4.07470703125,17.264973958333332,high
43.216552734375,72.71533203125,111.952392578125,75.96142578125,high
63.716552734375,42.781005859375,33.22509765625,46.57421875,high
38.25048828125,44.762451171875,45.7724609375,42.928466796875,high
12.765380859375,14.179931640625,20.37841796875,15.774576822916666,high
60.581787109375,55.09716796875,48.4169921875,54.698649088541664,high
88.02490234375,84.6259765625,76.026611328125,82.89249674479167,high
72.458984375,99.325927734375,103.980712890625,91.921875,high
74.260986328125,93.24560546875,102.633056640625,90.04654947916667,high
78.571533203125,67.474365234375,57.00146484375,67.68245442708333,high
83.243896484375,79.50390625,69.594970703125,77.44759114583333,high
43.575927734375,43.575927734375,43.5771484375,43.576334635416664,high
39.30078125,52.817138671875,65.523681640625,52.547200520833336,high
117.367431640625,113.29296875,113.07080078125,114.57706705729167,high
45.612548828125,45.612548828125,45.612548828125,45.612548828125,high
20.71875,34.1396484375,33.023193359375,29.293863932291668,high
154.01611328125,144.23876953125,129.0048828125,142.419921875,high
91.40673828125,73.36865234375,62.27587890625,75.68375651041667,high
45.330078125,18.302734375,10.05029296875,24.56103515625,high
140.200927734375,164.27734375,183.118408203125,162.5322265625,high
93.72509765625,93.72509765625,93.72509765625,93.72509765625,high
56.13671875,45.89599609375,39.9814453125,47.338053385416664,high
56.919921875,57.189208984375,57.083740234375,57.064290364583336,high
21.28076171875,21.28076171875,21.28076171875,21.28076171875,high
44.755615234375,43.731689453125,51.692626953125,46.726643880208336,high
174.795166015625,158.098388671875,146.38671875,159.76009114583334,high
11.0009765625,9.622802734375,11.095947265625,10.5732421875,high
81.592041015625,81.596435546875,81.59423828125,81.59423828125,high
42.7578125,42.7578125,42.48779296875,42.667805989583336,high
30.94287109375,23.069580078125,20.79248046875,24.934977213541668,high
10.89111328125,23.533935546875,36.78271484375,23.735921223958332,high
125.071533203125,147.8125,68.177001953125,113.68701171875,high
100.28759765625,78.38134765625,39.853759765625,72.84090169270833,high
35.12255859375,30.4599609375,33.073486328125,32.885335286458336,high
41.41162109375,44.422607421875,50.900634765625,45.578287760416664,high
61.6201171875,43.9921875,41.121337890625,48.911214192708336,high
79.24560546875,79.24560546875,79.24560546875,79.24560546875,high
55.878173828125,54.303955078125,56.635498046875,55.605875651041664,high
92.592041015625,92.592041015625,92.592041015625,92.592041015625,high
51.879638671875,29.301025390625,18.2021484375,33.127604166666664,high
82.59521484375,53.27099609375,30.366943359375,55.411051432291664,high
24.557373046875,30.236083984375,35.0703125,29.95458984375,high
88.352294921875,88.352294921875,88.352294921875,88.352294921875,high
60.253173828125,49.27685546875,47.051513671875,52.19384765625,high
79.427978515625,86.19580078125,65.040283203125,76.88802083333333,high
34.060546875,30.261474609375,29.411376953125,31.244466145833332,high
52.791015625,72.569580078125,84.103515625,69.82137044270833,high
59.447509765625,44.3583984375,40.03955078125,47.948486328125,high
95.251708984375,95.315673828125,94.4296875,94.9990234375,high
68.852294921875,71.234619140625,72.9453125,71.0107421875,high
113.960693359375,81.8583984375,62.933837890625,86.2509765625,high
100.100830078125,88.060791015625,73.943603515625,87.368408203125,high
45.178955078125,45.178955078125,45.178955078125,45.178955078125,high
67.48193359375,67.48193359375,67.48193359375,67.48193359375,high
43.54345703125,37.886474609375,35.263916015625,38.89794921875,high
43.309814453125,36.82666015625,37.18505859375,39.107177734375,high
12.48193359375,17.702880859375,24.824462890625,18.33642578125,high
104.453369140625,106.936279296875,99.472900390625,103.620849609375,high
97.5400390625,85.573486328125,69.30419921875,84.13924153645833,high
62.09033203125,50.26416015625,42.98681640625,51.780436197916664,high
59.76513671875,51.216552734375,43.54541015625,51.509033203125,high
136.71484375,136.71484375,136.71484375,136.71484375,high
65.76123046875,45.457275390625,47.984619140625,53.067708333333336,high
151.339599609375,143.256103515625,130.096923828125,141.564208984375,high
47.745849609375,34.89013671875,28.95703125,37.197672526041664,high
49.15478515625,41.404296875,36.040283203125,42.199788411458336,high
76.278076171875,76.278076171875,76.278076171875,76.278076171875,high
71.708740234375,79.98974609375,69.1005859375,73.59969075520833,high
83.009765625,87.16796875,107.288818359375,92.48885091145833,high
17.6806640625,17.6806640625,17.6806640625,17.6806640625,high
47.968017578125,47.9677734375,47.966064453125,47.96728515625,high
148.953125,135.271240234375,101.22216796875,128.482177734375,high
128.038818359375,147.992919921875,160.6015625,145.54443359375,high
71.799560546875,121.1123046875,124.439453125,105.78377278645833,high
46.224853515625,23.288818359375,13.25830078125,27.590657552083332,high
54.5029296875,54.5029296875,54.504150390625,54.503336588541664,high
74.508544921875,52.760009765625,36.174072265625,54.480875651041664,high
96.49951171875,74.23974609375,56.53466796875,75.75797526041667,high
72.838134765625,63.027587890625,25.734130859375,53.866617838541664,high
26.949951171875,23.6259765625,26.078125,25.551350911458332,high
168.599853515625,133.26416015625,41.90625,114.590087890625,high
107.073974609375,107.073974609375,107.073974609375,107.073974609375,high
52.029052734375,36.770751953125,23.64794921875,37.482584635416664,high
42.78369140625,30.510498046875,21.69091796875,31.661702473958332,high
28.38037109375,30.24072265625,30.6650390625,29.762044270833332,high
70.379638671875,61.181640625,68.515625,66.69230143229167,high
113.609130859375,113.609130859375,113.609130859375,113.609130859375,high
23.07177734375,35.695068359375,32.06640625,30.277750651041668,high
28.875732421875,25.26416015625,23.347900390625,25.829264322916668,high
46.142822265625,47.815673828125,57.6513671875,50.53662109375,high
66.00048828125,66.00048828125,66.00048828125,66.00048828125,high
79.32861328125,74.568359375,66.21142578125,73.36946614583333,high
65.15869140625,65.15869140625,65.1669921875,65.16145833333333,high
83.1416015625,90.497802734375,90.281005859375,87.97347005208333,high
10.697509765625,19.48779296875,27.8408203125,19.342041015625,high
16.529052734375,16.42578125,20.1787109375,17.711181640625,high
51.703857421875,22.903076171875,13.631103515625,29.412679036458332,high
28.765380859375,28.765380859375,28.765380859375,28.765380859375,high
66.04736328125,66.05419921875,66.019775390625,66.04044596354167,high
89.874755859375,69.364990234375,35.4453125,64.89501953125,high
195.657958984375,178.392333984375,166.472900390625,180.17439778645834,high
56.63671875,43.631103515625,35.515869140625,45.26123046875,high
47.98876953125,45.215087890625,42.885498046875,45.363118489583336,high
57.177001953125,57.177001953125,57.177001953125,57.177001953125,high
48.319580078125,42.761474609375,41.726806640625,44.269287109375,high
37.639892578125,35.713623046875,30.384033203125,34.579182942708336,high
93.857666015625,82.23779296875,77.58203125,84.55916341145833,high
44.888916015625,39.92236328125,40.8544921875,41.888590494791664,high
49.1181640625,50.26953125,48.1484375,49.1787109375,high
37.955322265625,32.0263671875,30.8876953125,33.623128255208336,high
34.909423828125,16.455322265625,10.023681640625,20.462809244791668,high
19.032470703125,15.395751953125,12.666015625,15.698079427083334,high
104.01318359375,95.718994140625,94.58740234375,98.10652669270833,high
38.44677734375,47.540771484375,58.7998046875,48.262451171875,high
32.9609375,42.67724609375,52.734619140625,42.790934244791664,high
64.2099609375,56.818115234375,49.3291015625,56.785725911458336,high
123.099365234375,116.082763671875,113.326416015625,117.50284830729167,high
95.404052734375,94.6640625,71.2294921875,87.09920247395833,high
9.800048828125,7.5927734375,7.87841796875,8.423746744791666,high
15.902099609375,17.92724609375,26.69384765625,20.174397786458332,high
67.815185546875,71.23388671875,69.981201171875,69.6767578125,high
17.05810546875,7.2978515625,8.537353515625,10.964436848958334,high
71.72998046875,66.941162109375,66.37158203125,68.34757486979167,high
53.200927734375,40.773681640625,35.943603515625,43.306070963541664,high
121.78076171875,121.78076171875,121.78076171875,121.78076171875,high
105.49072265625,100.609375,88.941162109375,98.34708658854167,high
80.438232421875,84.20556640625,88.382568359375,84.34212239583333,high
66.778564453125,66.778564453125,66.778564453125,66.778564453125,high
22.3515625,19.683349609375,25.851806640625,22.62890625,high
46.34814453125,33.570556640625,29.530029296875,36.48291015625,high
66.073486328125,66.073486328125,66.073486328125,66.073486328125,high
42.18603515625,29.838134765625,17.66650390625,29.896891276041668,high
6.5205078125,7.546630859375,10.46240234375,8.176513671875,high
64.33349609375,68.190185546875,72.837890625,68.453857421875,high
155.981689453125,139.186767578125,127.610595703125,140.92635091145834,high
48.26171875,39.595458984375,36.531982421875,41.463053385416664,high
26.139892578125,26.139892578125,26.139892578125,26.139892578125,high
68.066162109375,68.066162109375,68.066162109375,68.066162109375,high
44.9287109375,40.403076171875,38.806640625,41.379475911458336,high
20.5302734375,16.19580078125,26.8662109375,21.197428385416668,high
75.962646484375,57.37255859375,52.65087890625,61.995361328125,high
108.14453125,123.29296875,110.706787109375,114.048095703125,high
109.314453125,96.99755859375,77.45361328125,94.58854166666667,high
191.14990234375,156.43408203125,158.390869140625,168.65828450520834,high
10.995849609375,11.528076171875,8.759765625,10.427897135416666,high
126.985595703125,144.52587890625,136.1923828125,135.90128580729166,high
43.897705078125,36.94873046875,33.620361328125,38.155598958333336,high
24.551513671875,24.076171875,27.65087890625,25.426188151041668,high
38.998291015625,38.998291015625,38.998291015625,38.998291015625,high
85.418701171875,82.8173828125,64.716796875,77.65096028645833,high
68.760009765625,68.760009765625,68.760009765625,68.760009765625,high
95.27978515625,118.076416015625,121.98876953125,111.78165690104167,high
62.663330078125,62.663330078125,62.67138671875,62.666015625,high
59.44140625,46.245849609375,31.005859375,45.564371744791664,high
109.260986328125,114.7998046875,108.4521484375,110.837646484375,high
68.19970703125,68.205810546875,67.6484375,68.01798502604167,high
96.62744140625,96.62744140625,96.62744140625,96.62744140625,high
89.369873046875,89.369873046875,89.369873046875,89.369873046875,high
111.387451171875,111.387451171875,111.387451171875,111.387451171875,high
133.7119140625,133.7119140625,133.7119140625,133.7119140625,high
46.92822265625,46.92822265625,46.92431640625,46.926920572916664,high
88.900634765625,76.810791015625,69.423828125,78.37841796875,high
75.92724609375,75.92724609375,75.92724609375,75.92724609375,high
92.99951171875,93.00341796875,91.60009765625,92.53434244791667,high
111.76416015625,130.87158203125,150.736328125,131.1240234375,high
33.33251953125,33.2451171875,32.400634765625,32.992757161458336,high
65.728759765625,47.3974609375,41.48095703125,51.535725911458336,high
41.394775390625,49.619140625,56.119873046875,49.044596354166664,high
58.95068359375,58.506591796875,51.884033203125,56.447102864583336,high
53.100341796875,55.097900390625,51.977294921875,53.391845703125,high
149.014892578125,156.01953125,170.357177734375,158.4638671875,high
96.95654296875,96.95654296875,96.95654296875,96.95654296875,high
45.537353515625,39.947021484375,36.027099609375,40.503824869791664,high
54.8701171875,44.347900390625,38.89453125,46.037516276041664,high
43.1552734375,39.885986328125,43.502197265625,42.18115234375,high
40.787109375,46.908203125,27.349365234375,38.348225911458336,high
88.463134765625,88.463134765625,88.463134765625,88.463134765625,high
28.400146484375,32.644775390625,31.222900390625,30.755940755208332,high
92.645751953125,92.645751953125,92.67138671875,92.654296875,high
44.898193359375,44.898193359375,44.898193359375,44.898193359375,high
26.50439453125,29.358154296875,40.037109375,31.966552734375,high
29.627197265625,31.617919921875,32.01513671875,31.086751302083332,high
9.734375,5.641845703125,9.241943359375,8.2060546875,high
107.88720703125,81.263427734375,71.133056640625,86.76123046875,high
18.683837890625,13.570556640625,14.282470703125,15.512288411458334,high
119.350341796875,109.234619140625,82.855224609375,103.81339518229167,high
130.827880859375,98.709228515625,18.75830078125,82.76513671875,high
69.40283203125,71.393798828125,68.406982421875,69.73453776041667,high
80.454833984375,71.125,64.09228515625,71.89070638020833,high
43.619384765625,43.619384765625,43.619384765625,43.619384765625,high
34.6171875,31.35107421875,30.9296875,32.29931640625,high
45.9306640625,45.9306640625,45.9306640625,45.9306640625,high
56.89990234375,56.902099609375,56.255615234375,56.685872395833336,high
40.707275390625,40.707275390625,40.707275390625,40.707275390625,high
89.538330078125,85.3740234375,67.795654296875,80.90266927083333,high
70.991943359375,70.143798828125,56.388671875,65.84147135416667,high
52.2802734375,52.283447265625,52.27978515625,52.281168619791664,high
133.350341796875,109.96923828125,100.78125,114.70027669270833,high
36.273193359375,42.6484375,46.252197265625,41.724609375,high
65.259033203125,69.548583984375,68.23046875,67.67936197916667,high
76.626708984375,76.626708984375,76.626708984375,76.626708984375,high
41.7314453125,42.62060546875,44.683837890625,43.011962890625,high
43.618896484375,33.87255859375,35.004638671875,37.498697916666664,high
32.112060546875,28.712646484375,29.94091796875,30.255208333333332,high
66.885986328125,54.90380859375,44.66455078125,55.484781901041664,high
69.95751953125,65.66015625,66.86181640625,67.4931640625,high
64.292724609375,64.292724609375,64.292724609375,64.292724609375,high
89.31591796875,66.543212890625,47.886474609375,67.91520182291667,high
97.405517578125,67.34619140625,41.60595703125,68.785888671875,high
108.609619140625,108.11279296875,92.107177734375,102.94319661458333,high
47.1884765625,40.05078125,37.3974609375,41.545572916666664,high
160.400146484375,149.5556640625,139.832763671875,149.92952473958334,high
90.167724609375,90.167724609375,90.167724609375,90.167724609375,high
155.736083984375,96.818603515625,49.385986328125,100.64689127604167,high
28.479736328125,25.19873046875,26.083251953125,26.587239583333332,high
39.932373046875,40.5595703125,39.87255859375,40.121500651041664,high
43.8857421875,30.043701171875,25.958984375,33.296142578125,high
54.37548828125,54.37548828125,54.3583984375,54.369791666666664,high
52.5595703125,51.98193359375,52.33447265625,52.2919921875,high
44.591552734375,39.590576171875,40.370361328125,41.517496744791664,high
48.660888671875,48.663330078125,48.64404296875,48.656087239583336,high
31.80615234375,31.80615234375,31.80615234375,31.80615234375,high
13.830810546875,15.791748046875,53.5283203125,27.716959635416668,high
21.6015625,16.279052734375,16.79638671875,18.225667317708332,high
68.296875,62.649658203125,46.805908203125,59.250813802083336,high
124.642822265625,105.400390625,84.4169921875,104.820068359375,high
6.936279296875,7.221923828125,18.251220703125,10.803141276041666,high
97.022705078125,94.794921875,94.28369140625,95.36710611979167,high
46.819091796875,35.951416015625,29.81298828125,37.52783203125,high
30.801025390625,18.115966796875,18.898193359375,22.605061848958332,high
48.140869140625,58.115966796875,54.3623046875,53.539713541666664,high
24.231201171875,21.057373046875,26.0771484375,23.78857421875,high
34.858154296875,24.887451171875,11.554443359375,23.766682942708332,high
85.263427734375,103.840576171875,130.91064453125,106.67154947916667,high
86.7822265625,86.7822265625,86.7822265625,86.7822265625,high
67.08203125,52.5439453125,64.3779296875,61.334635416666664,high
48.7666015625,22.200927734375,9.92578125,26.964436848958332,high
123.164794921875,117.0244140625,97.574951171875,112.58805338541667,high
22.965576171875,20.56787109375,24.41943359375,22.650960286458332,high
146.57373046875,142.11767578125,130.7763671875,139.82259114583334,high
83.78466796875,97.014892578125,82.28515625,87.69490559895833,high
57.95947265625,58.43017578125,56.526123046875,57.638590494791664,high
43.11083984375,49.229736328125,45.349365234375,45.896647135416664,high
56.770263671875,67.47802734375,77.985595703125,67.41129557291667,high
70.43701171875,73.9150390625,72.5810546875,72.31103515625,high
98.01513671875,91.927734375,84.594482421875,91.512451171875,high
96.072021484375,85.630859375,78.858642578125,86.85384114583333,high
85.76806640625,87.52978515625,80.00048828125,84.43277994791667,high
142.194091796875,137.771728515625,128.463623046875,136.14314778645834,high
17.52294921875,15.48583984375,29.60009765625,20.86962890625,high
122.999267578125,121.531982421875,80.77490234375,108.43538411458333,high
19.0146484375,13.91796875,11.515380859375,14.815999348958334,high
70.987548828125,70.987548828125,70.987548828125,70.987548828125,high
96.143310546875,88.9453125,88.99462890625,91.361083984375,high
40.169921875,39.823486328125,42.572265625,40.855224609375,high
66.302978515625,65.625,71.31591796875,67.74796549479167,high
14.58544921875,14.381103515625,18.8779296875,15.948160807291666,high
50.519287109375,34.183349609375,32.798828125,39.167154947916664,high
59.093994140625,47.95166015625,59.263427734375,55.436360677083336,high
100.72021484375,73.699951171875,37.7490234375,70.72306315104167,high
52.92578125,57.586181640625,56.034423828125,55.515462239583336,high
35.774169921875,25.642333984375,21.86083984375,27.759114583333332,high
148.30322265625,160.866455078125,164.802490234375,157.99072265625,high
114.32763671875,134.75634765625,139.3798828125,129.48795572916666,high
43.85498046875,43.85498046875,43.854248046875,43.854736328125,high
102.05224609375,82.698974609375,64.588623046875,83.11328125,high
55.977783203125,56.62939453125,53.91357421875,55.506917317708336,high
52.9521484375,41.25927734375,58.724609375,50.978678385416664,high
44.01513671875,50.796875,59.000244140625,51.270751953125,high
64.31640625,64.340576171875,64.31689453125,64.32462565104167,high
64.426513671875,64.446533203125,64.422119140625,64.43172200520833,high
109.30712890625,90.612548828125,67.005615234375,88.97509765625,high
111.2314453125,114.594970703125,126.715087890625,117.51383463541667,high
75.9609375,75.9609375,75.9609375,75.9609375,high
48.676513671875,58.264892578125,71.32666015625,59.422688802083336,high
125.47216796875,81.497314453125,60.713134765625,89.2275390625,high
14.170654296875,14.17041015625,14.138671875,14.159912109375,high
30.242431640625,39.250244140625,48.79638671875,39.4296875,high
68.69287109375,74.803466796875,79.137939453125,74.21142578125,high
85.91943359375,72.967529296875,107.7724609375,88.886474609375,high
109.45849609375,126.93701171875,81.9189453125,106.10481770833333,high
37.46826171875,34.118408203125,34.233154296875,35.273274739583336,high
48.9716796875,48.9716796875,48.9716796875,48.9716796875,high
75.543701171875,75.553466796875,74.560302734375,75.21915690104167,high
33.53955078125,33.53955078125,33.4267578125,33.501953125,high
168.71484375,158.748046875,147.03564453125,158.16617838541666,high
20.181884765625,19.822509765625,28.62353515625,22.8759765625,high
137.404541015625,163.50390625,185.1318359375,162.013427734375,high
64.373291015625,80.96044921875,88.349365234375,77.89436848958333,high
113.02734375,81.400390625,36.786376953125,77.07137044270833,high
151.956787109375,147.229248046875,122.431884765625,140.539306640625,high
11.44970703125,11.46142578125,11.455322265625,11.455485026041666,high
26.1083984375,29.664306640625,39.087890625,31.620198567708332,high
136.725341796875,133.540771484375,130.4599609375,133.57535807291666,high
103.558349609375,95.824951171875,86.7353515625,95.37288411458333,high
64.794677734375,44.58056640625,45.400634765625,51.591959635416664,high
21.575927734375,17.84375,18.69091796875,19.370198567708332,high
95.036865234375,63.446533203125,62.697021484375,73.726806640625,high
89.890625,78.21875,64.710693359375,77.606689453125,high
61.510498046875,47.46240234375,25.545654296875,44.839518229166664,high
76.2373046875,76.2373046875,76.2373046875,76.2373046875,high
108.44677734375,108.101318359375,104.337158203125,106.96175130208333,high
96.75341796875,85.220703125,78.328857421875,86.76765950520833,high
66.612548828125,70.25537109375,53.5673828125,63.478434244791664,high
60.57666015625,60.57666015625,60.57666015625,60.57666015625,high
50.93603515625,39.080322265625,31.390869140625,40.469075520833336,high
14.716796875,14.22802734375,17.030517578125,15.325113932291666,high
33.665283203125,28.93359375,29.63671875,30.745198567708332,high
63.46533203125,70.60498046875,54.510498046875,62.860270182291664,high
75.582275390625,61.43017578125,52.73388671875,63.248779296875,high
134.2255859375,134.2255859375,134.2255859375,134.2255859375,high
91.465576171875,122.295166015625,138.364013671875,117.37491861979167,high
51.835205078125,37.020263671875,23.971923828125,37.609130859375,high
102.558349609375,97.507568359375,90.8583984375,96.97477213541667,high
96.453857421875,64.95751953125,43.5283203125,68.313232421875,high
31.149658203125,26.182861328125,20.87744140625,26.069986979166668,high
60.810302734375,52.92724609375,45.5224609375,53.086669921875,high
112.813232421875,115.840576171875,113.026611328125,113.89347330729167,high
112.52001953125,96.532470703125,88.19482421875,99.08243815104167,high
22.052734375,24.062744140625,20.66357421875,22.259684244791668,high
119.860107421875,107.4677734375,108.109375,111.81241861979167,high
156.074951171875,146.0908203125,140.6982421875,147.621337890625,high
95.718017578125,84.333984375,77.919189453125,85.99039713541667,high
95.83544921875,95.83544921875,95.83544921875,95.83544921875,high
15.0791015625,16.5537109375,31.758056640625,21.130289713541668,high
45.22314453125,51.8466796875,54.191162109375,50.420328776041664,high
29.333251953125,22.15576171875,31.9765625,27.821858723958332,high
35.736083984375,43.154541015625,45.1396484375,41.343424479166664,high
80.625244140625,83.369873046875,79.003662109375,80.99959309895833,high
35.813720703125,43.3388671875,34.943359375,38.031982421875,high
13.626953125,13.861572265625,11.087890625,12.858805338541666,high
82.64892578125,61.41064453125,44.1298828125,62.729817708333336,high
96.15869140625,96.15869140625,96.15869140625,96.15869140625,high
103.1181640625,103.23046875,103.064697265625,103.13777669270833,high
32.5302734375,53.431396484375,57.73583984375,47.899169921875,high
56.4228515625,45.894775390625,26.96142578125,43.093017578125,high
101.214111328125,101.214111328125,101.214111328125,101.214111328125,high
18.63671875,33.06982421875,41.800537109375,31.169026692708332,high
47.849365234375,37.068603515625,33.395263671875,39.437744140625,high
83.15380859375,77.60986328125,68.24560546875,76.33642578125,high
137.66455078125,137.66455078125,137.66455078125,137.66455078125,high
62.15771484375,54.302001953125,47.670654296875,54.710123697916664,high
86.489501953125,86.489501953125,86.489501953125,86.489501953125,high
39.648193359375,14.142822265625,6.02880859375,19.93994140625,high
131.3359375,158.66845703125,184.659912109375,158.221435546875,high
66.00341796875,66.00341796875,66.00341796875,66.00341796875,high
12.0458984375,18.55810546875,26.017333984375,18.873779296875,high
45.1474609375,23.6923828125,12.2314453125,27.023763020833332,high
72.5498046875,66.642822265625,59.935546875,66.37605794270833,high
120.46533203125,102.89599609375,61.718994140625,95.02677408854167,high
146.57861328125,111.585693359375,75.8505859375,111.33829752604167,high
138.451171875,117.3515625,94.122314453125,116.64168294270833,high
107.76123046875,82.216796875,71.600830078125,87.19295247395833,high
52.68505859375,55.877197265625,70.7158203125,59.759358723958336,high
69.566650390625,50.88623046875,32.802001953125,51.0849609375,high
40.877197265625,40.877197265625,40.877197265625,40.877197265625,high
45.430908203125,44.542236328125,39.651123046875,43.208089192708336,high
51.184814453125,46.422119140625,46.55517578125,48.054036458333336,high
99.107177734375,79.2607421875,64.4326171875,80.93351236979167,high
95.134033203125,124.03662109375,139.12841796875,119.43302408854167,high
123.151611328125,117.451904296875,97.2890625,112.630859375,high
26.243896484375,24.22802734375,22.62353515625,24.365152994791668,high
105.914794921875,94.603759765625,76.276611328125,92.26505533854167,high
96.13916015625,96.13916015625,96.13916015625,96.13916015625,high
12.324951171875,10.809326171875,10.798095703125,11.310791015625,high
25.637939453125,27.567138671875,33.091796875,28.765625,high
88.40673828125,83.149658203125,73.925048828125,81.8271484375,high
50.984375,36.815185546875,23.1611328125,36.986897786458336,high
76.084716796875,85.99951171875,95.258056640625,85.78076171875,high
89.5419921875,73.618408203125,58.418212890625,73.85953776041667,high
106.967041015625,106.967041015625,106.967041015625,106.967041015625,high
66.42138671875,35.809326171875,23.370849609375,41.8671875,high
45.169921875,45.169921875,45.169921875,45.169921875,high
97.333984375,102.97607421875,87.3193359375,95.87646484375,high
53.840087890625,66.322509765625,75.785888671875,65.316162109375,high
100.312744140625,82.962890625,53.812744140625,79.02945963541667,high
53.509033203125,60.78515625,63.441162109375,59.2451171875,high
119.6904296875,84.61669921875,58.253662109375,87.520263671875,high
199.20166015625,185.970947265625,168.184326171875,184.45231119791666,high
110.513916015625,87.94580078125,60.839111328125,86.43294270833333,high
77.725830078125,70.508544921875,74.85986328125,74.36474609375,high
16.486083984375,15.31298828125,18.01220703125,16.603759765625,high
86.158935546875,86.158935546875,86.158935546875,86.158935546875,high
67.7841796875,79.40478515625,72.65234375,73.28043619791667,high
85.32470703125,78.2265625,80.040283203125,81.19718424479167,high
53.60400390625,36.727294921875,30.64990234375,40.327067057291664,high
54.654541015625,38.972412109375,28.196533203125,40.607828776041664,high
125.861083984375,125.861083984375,125.861083984375,125.861083984375,high
63.4375,47.805908203125,42.16455078125,51.135986328125,high
68.611572265625,63.683349609375,55.750732421875,62.681884765625,high
143.900634765625,117.36328125,81.517822265625,114.26057942708333,high
94.550537109375,94.550537109375,94.552734375,94.55126953125,high
42.35107421875,38.731689453125,34.38671875,38.489827473958336,high
34.706787109375,31.420166015625,30.2158203125,32.1142578125,high
103.45263671875,98.98779296875,99.376708984375,100.605712890625,high
80.387939453125,78.109619140625,74.8681640625,77.78857421875,high
67.1025390625,54.665771484375,65.16357421875,62.310628255208336,high
9.89013671875,6.193115234375,10.081787109375,8.7216796875,high
55.273681640625,55.273681640625,55.273681640625,55.273681640625,high
54.294921875,37.385009765625,27.420654296875,39.7001953125,high
103.451171875,103.451171875,103.451171875,103.451171875,high
42.81591796875,41.499755859375,41.3095703125,41.875081380208336,high
70.39501953125,60.853271484375,67.745849609375,66.33138020833333,high
98.407958984375,86.02685546875,69.776123046875,84.73697916666667,high
33.90576171875,24.23876953125,17.697998046875,25.280843098958332,high
42.813232421875,42.813232421875,42.626953125,42.751139322916664,high
48.566162109375,30.858642578125,20.73388671875,33.38623046875,high
94.273681640625,73.503662109375,55.36083984375,74.37939453125,high
99.0751953125,99.0751953125,99.0751953125,99.0751953125,high
85.8203125,74.7470703125,77.497802734375,79.35506184895833,high
138.6572265625,132.974853515625,134.646484375,135.42618815104166,high
101.554931640625,91.400390625,85.776611328125,92.91064453125,high
133.98828125,67.3984375,58.92578125,86.77083333333333,high
52.794921875,33.666015625,27.378173828125,37.946370442708336,high
83.98046875,75.084716796875,70.948974609375,76.67138671875,high
53.2177734375,55.790771484375,81.249267578125,63.419270833333336,high
89.460693359375,77.029052734375,69.97705078125,78.822265625,high
62.681640625,80.052001953125,86.99853515625,76.577392578125,high
54.307373046875,54.307373046875,53.77685546875,54.130533854166664,high
40.94287109375,34.455810546875,31.148193359375,35.515625,high
97.017333984375,94.169189453125,79.0283203125,90.07161458333333,high
52.40380859375,52.40380859375,52.40380859375,52.40380859375,high
110.2353515625,138.457275390625,135.8291015625,128.17390950520834,high
126.00830078125,126.00830078125,126.00830078125,126.00830078125,high
96.818603515625,84.8603515625,78.29638671875,86.658447265625,high
102.255126953125,102.255126953125,102.255126953125,102.255126953125,high
71.044921875,77.366455078125,76.49658203125,74.96931966145833,high
41.9169921875,29.856689453125,24.76025390625,32.177978515625,high
28.16796875,28.16796875,28.16796875,28.16796875,high
11.81103515625,20.1220703125,34.49609375,22.14306640625,high
62.6982421875,64.6982421875,61.6025390625,62.999674479166664,high
39.286865234375,39.286865234375,39.286865234375,39.286865234375,high
86.81298828125,86.814697265625,85.684326171875,86.43733723958333,high
31.18115234375,40.701171875,50.191162109375,40.691162109375,high
78.0810546875,74.2158203125,67.553955078125,73.28361002604167,high
91.600830078125,57.267822265625,53.77392578125,67.54752604166667,high
52.14990234375,51.861572265625,50.00048828125,51.337320963541664,high
62.576904296875,38.664794921875,19.267822265625,40.169840494791664,high
83.304443359375,60.7744140625,44.470703125,62.849853515625,high
36.169189453125,34.055908203125,37.6884765625,35.97119140625,high
51.516357421875,69.20166015625,54.53564453125,58.417887369791664,high
27.87646484375,31.293701171875,33.194580078125,30.788248697916668,high
24.339599609375,21.876220703125,20.0673828125,22.094401041666668,high
72.619873046875,78.52001953125,77.4638671875,76.20125325520833,high
55.67919921875,45.995361328125,42.812255859375,48.162272135416664,high
53.973388671875,53.973388671875,53.369140625,53.77197265625,high
78.862060546875,54.707763671875,32.881591796875,55.483805338541664,high
77.41845703125,72.89453125,65.905517578125,72.07283528645833,high
65.351318359375,57.8310546875,54.841552734375,59.34130859375,high
87.297607421875,93.22021484375,99.30419921875,93.27400716145833,high
114.975830078125,94.948486328125,69.82177734375,93.24869791666667,high
41.466064453125,35.567626953125,36.347412109375,37.793701171875,high
24.955810546875,43.388671875,54.0693359375,40.804606119791664,high
8.244384765625,15.130126953125,29.44140625,17.605305989583332,high
22.31201171875,22.133056640625,21.434814453125,21.9599609375,high
16.65576171875,16.681396484375,13.416015625,15.584391276041666,high
117.056396484375,82.6083984375,54.6748046875,84.77986653645833,high
50.649658203125,30.810546875,19.654541015625,33.704915364583336,high
15.01318359375,14.62353515625,19.060302734375,16.232340494791668,high
32.4345703125,32.4345703125,32.4345703125,32.4345703125,high
52.32080078125,74.9189453125,93.0615234375,73.43375651041667,high
36.05517578125,36.05517578125,36.05517578125,36.05517578125,high
46.716064453125,46.71240234375,46.716064453125,46.71484375,high
60.844970703125,53.172119140625,45.971435546875,53.329508463541664,high
146.066162109375,158.003173828125,161.69873046875,155.25602213541666,high
76.79150390625,76.79150390625,76.79150390625,76.79150390625,high
50.622314453125,45.803466796875,35.550537109375,43.992106119791664,high
26.3759765625,32.869140625,40.914306640625,33.386474609375,high
43.97314453125,37.093017578125,33.569091796875,38.211751302083336,high
114.04296875,90.3271484375,66.4423828125,90.27083333333333,high
109.491455078125,79.49951171875,36.89013671875,75.293701171875,high
70.85693359375,41.42138671875,23.370849609375,45.216389973958336,high
52.74169921875,55.171875,70.666015625,59.526529947916664,high
15.381103515625,15.309326171875,14.037109375,14.9091796875,high
61.755859375,29.461181640625,44.265380859375,45.160807291666664,high
92.771240234375,88.031005859375,87.976318359375,89.59285481770833,high
78.1005859375,78.447021484375,78.34375,78.297119140625,high
68.265869140625,78.31982421875,69.329833984375,71.97184244791667,high
77.852294921875,76.699462890625,83.2626953125,79.271484375,high
65.93408203125,37.00244140625,19.69970703125,40.878743489583336,high
70.77099609375,70.77099609375,70.77099609375,70.77099609375,high
48.479248046875,46.830810546875,46.409423828125,47.239827473958336,high
53.345458984375,36.949462890625,24.59228515625,38.295735677083336,high
78.468505859375,35.865234375,18.0703125,44.134684244791664,high
60.098388671875,57.131591796875,53.514404296875,56.914794921875,high
37.607177734375,26.6259765625,17.613037109375,27.282063802083332,high
57.811767578125,62.06982421875,65.94384765625,61.941813151041664,high
74.88330078125,73.741455078125,66.25439453125,71.62638346354167,high
27.626220703125,31.17724609375,33.091796875,30.631754557291668,high
72.643798828125,40.261474609375,19.449462890625,44.118245442708336,high
63.91943359375,62.461669921875,63.28662109375,63.222574869791664,high
161.451171875,124.27294921875,101.39892578125,129.041015625,high
88.792236328125,88.31396484375,87.75146484375,88.285888671875,high
53.42431640625,36.346435546875,26.319091796875,38.696614583333336,high
25.018798828125,19.799560546875,20.23876953125,21.685709635416668,high
78.205322265625,78.205322265625,78.205322265625,78.205322265625,high
72.912109375,72.09130859375,57.894287109375,67.632568359375,high
138.616455078125,75.797119140625,66.6826171875,93.69873046875,high
58.148193359375,48.623779296875,37.679931640625,48.150634765625,high
63.3134765625,63.3125,63.31103515625,63.312337239583336,high
35.662841796875,27.862548828125,28.184326171875,30.569905598958332,high
76.917724609375,76.924072265625,75.902587890625,76.58146158854167,high
23.796875,30.37744140625,39.770751953125,31.315022786458332,high
32.364990234375,23.28564453125,20.899658203125,25.516764322916668,high
17.298583984375,14.0078125,22.760498046875,18.022298177083332,high
80.351318359375,80.351318359375,80.351318359375,80.351318359375,high
58.859375,43.721923828125,35.65087890625,46.077392578125,high
59.30908203125,59.619873046875,59.505615234375,59.478190104166664,high
104.9970703125,104.9970703125,104.9970703125,104.9970703125,high
65.1005859375,61.3349609375,72.596923828125,66.34415690104167,high
159.98583984375,172.25048828125,176.320556640625,169.51896158854166,high
192.763427734375,179.128662109375,182.152587890625,184.68155924479166,high
101.193115234375,77.733154296875,62.24169921875,80.38932291666667,high
41.670654296875,33.405517578125,29.063720703125,34.713297526041664,high
32.934814453125,26.71728515625,24.826904296875,28.15966796875,high
81.580810546875,81.580810546875,81.580810546875,81.580810546875,high
32.757080078125,43.0166015625,53.90087890625,43.224853515625,high
109.6904296875,104.770263671875,92.065185546875,102.17529296875,high
85.062255859375,62.714599609375,40.728271484375,62.835042317708336,high
45.081298828125,42.11865234375,37.2900390625,41.496663411458336,high
107.0947265625,95.515380859375,76.501953125,93.037353515625,high
77.33837890625,77.33837890625,77.33837890625,77.33837890625,high
88.051025390625,102.45849609375,97.6591796875,96.05623372395833,high
48.2900390625,33.22509765625,29.20166015625,36.905598958333336,high
101.70166015625,101.70166015625,101.70166015625,101.70166015625,high
42.10546875,39.910400390625,42.50146484375,41.505777994791664,high
41.877685546875,33.44921875,28.50732421875,34.611409505208336,high
33.1240234375,33.1240234375,33.1240234375,33.1240234375,high
84.95703125,71.71142578125,61.859375,72.84261067708333,high
24.10400390625,20.905517578125,22.029541015625,22.346354166666668,high
229.423828125,223.955322265625,227.85107421875,227.07674153645834,high
51.5654296875,51.5654296875,51.5654296875,51.5654296875,high
47.238037109375,41.96533203125,43.806884765625,44.336751302083336,high
23.37109375,23.5927734375,27.461181640625,24.808349609375,high
59.997314453125,54.5556640625,52.8916015625,55.814860026041664,high
75.539306640625,55.887939453125,44.06591796875,58.497721354166664,high
72.92724609375,67.0107421875,61.673095703125,67.20369466145833,high
51.91162109375,38.7509765625,30.11083984375,40.2578125,high
141.32861328125,123.9912109375,90.34814453125,118.55598958333333,high
69.827880859375,55.467529296875,46.0869140625,57.12744140625,high
77.74169921875,73.072021484375,72.88623046875,74.566650390625,high
30.59033203125,28.16064453125,28.788330078125,29.179768880208332,high
20.451416015625,33.31396484375,48.00439453125,33.923258463541664,high
23.606201171875,40.419921875,56.50244140625,40.176188151041664,high
59.675537109375,44.90576171875,42.411376953125,48.99755859375,high
81.662109375,81.662109375,81.662109375,81.662109375,high
46.71435546875,33.556884765625,29.72021484375,36.663818359375,high
51.5166015625,31.470947265625,25.02099609375,36.002848307291664,high
121.379638671875,104.626953125,94.736572265625,106.91438802083333,high
125.26220703125,111.366943359375,100.431640625,112.35359700520833,high
80.829345703125,82.826416015625,79.602294921875,81.08601888020833,high
25.369140625,24.523193359375,23.7529296875,24.548421223958332,high
88.032470703125,64.715087890625,41.9755859375,64.90771484375,high
82.68310546875,74.696044921875,70.291015625,75.89005533854167,high
124.18896484375,117.93359375,110.07080078125,117.39778645833333,high
43.27978515625,43.27978515625,43.281494140625,43.280354817708336,high
70.388671875,59.832275390625,69.30810546875,66.50968424479167,high
98.334716796875,95.5908203125,87.570068359375,93.83186848958333,high
134.174560546875,129.550537109375,124.36474609375,129.36328125,high
31.344482421875,27.108642578125,26.053466796875,28.168863932291668,high
20.33935546875,19.272216796875,23.546875,21.052815755208332,high
11.16650390625,7.370849609375,11.592041015625,10.043131510416666,high
41.437744140625,39.131591796875,41.711669921875,40.760335286458336,high
70.302490234375,59.932861328125,48.96142578125,59.732259114583336,high
117.19482421875,108.677490234375,96.1728515625,107.348388671875,high
96.27783203125,117.526123046875,46.437744140625,86.74723307291667,high
51.635009765625,63.58251953125,70.8271484375,62.014892578125,high
32.982666015625,27.943603515625,29.383056640625,30.103108723958332,high
55.359130859375,42.220458984375,33.673095703125,43.750895182291664,high
77.0576171875,77.05859375,77.058349609375,77.05818684895833,high
42.801513671875,42.801513671875,42.801513671875,42.801513671875,high
52.82861328125,33.406494140625,27.54345703125,37.926188151041664,high
153.453857421875,123.444580078125,104.911376953125,127.26993815104167,high
54.742431640625,54.742431640625,54.742431640625,54.742431640625,high
37.25537109375,41.369140625,44.596923828125,41.073811848958336,high
56.3759765625,57.998291015625,52.994873046875,55.789713541666664,high
69.91845703125,43.19287109375,36.847412109375,49.986246744791664,high
97.671142578125,86.249755859375,69.91796875,84.61295572916667,high
41.874267578125,31.893798828125,31.759521484375,35.175862630208336,high
27.16162109375,28.02490234375,37.238525390625,30.808349609375,high
77.604736328125,77.604736328125,77.604736328125,77.604736328125,high
92.56005859375,92.707275390625,92.34228515625,92.53653971354167,high
107.80419921875,111.824462890625,109.111328125,109.57999674479167,high
51.692626953125,27.861328125,18.919677734375,32.824544270833336,high
42.075439453125,42.07666015625,41.889892578125,42.013997395833336,high
61.646484375,52.6650390625,43.608154296875,52.639892578125,high
69.817626953125,55.368408203125,45.308837890625,56.831624348958336,high
20.793212890625,23.4208984375,28.83154296875,24.348551432291668,high
78.805908203125,77.173828125,64.56982421875,73.51652018229167,high
24.7802734375,17.701171875,18.94873046875,20.476725260416668,high
14.52197265625,21.54296875,20.643798828125,18.902913411458332,high
72.17041015625,73.8955078125,70.646728515625,72.237548828125,high
88.447265625,84.51953125,76.110107421875,83.025634765625,high
24.052978515625,18.958251953125,19.726318359375,20.912516276041668,high
40.962646484375,32.9794921875,29.757568359375,34.566569010416664,high
36.767333984375,25.296875,22.8310546875,28.298421223958332,high
55.410888671875,53.721923828125,39.620361328125,49.584391276041664,high
30.177978515625,33.1533203125,33.272216796875,32.201171875,high
148.306640625,148.306640625,148.306640625,148.306640625,high
99.910400390625,99.910400390625,99.910400390625,99.910400390625,high
72.98388671875,72.98388671875,72.98388671875,72.98388671875,high
88.952392578125,84.813232421875,67.260498046875,80.342041015625,high
53.2001953125,62.333251953125,60.85205078125,58.795166015625,high
57.040283203125,52.687255859375,64.209716796875,57.979085286458336,high
58.94482421875,56.583251953125,59.713623046875,58.413899739583336,high
90.841064453125,90.841064453125,90.841064453125,90.841064453125,high
73.427490234375,52.714111328125,36.052490234375,54.064697265625,high
33.603271484375,45.3505859375,52.22509765625,43.726318359375,high
24.231201171875,31.853515625,37.21875,31.101155598958332,high
33.931396484375,35.923828125,32.858642578125,34.237955729166664,high
58.534423828125,60.49658203125,41.247802734375,53.42626953125,high
104.4873046875,121.615966796875,118.4443359375,114.84920247395833,high
99.426025390625,99.426025390625,99.426025390625,99.426025390625,high
146.4833984375,137.126953125,121.79736328125,135.13590494791666,high
71.66650390625,39.060546875,25.539306640625,45.422119140625,high
52.146484375,57.303466796875,54.310546875,54.586832682291664,high
88.412353515625,88.412353515625,88.412353515625,88.412353515625,high
133.718994140625,122.332763671875,115.428466796875,123.82674153645833,high
90.904541015625,78.6650390625,66.3291015625,78.63289388020833,high
146.85302734375,137.581787109375,137.580810546875,140.671875,high
9.463623046875,5.484130859375,9.936767578125,8.294840494791666,high
14.2451171875,14.2451171875,14.20361328125,14.231282552083334,high
66.42529296875,72.13134765625,73.047119140625,70.53458658854167,high
66.48876953125,66.642822265625,58.697265625,63.942952473958336,high
66.522216796875,47.54052734375,34.012939453125,49.358561197916664,high
45.820556640625,53.349853515625,58.401611328125,52.524007161458336,high
63.606201171875,61.10595703125,59.28662109375,61.332926432291664,high
126.3623046875,118.447998046875,105.895751953125,116.90201822916667,high
55.4306640625,55.4306640625,55.4306640625,55.4306640625,high
141.287109375,141.287109375,141.287109375,141.287109375,high
42.916748046875,37.908203125,33.528564453125,38.117838541666664,high
27.901123046875,24.202392578125,23.56005859375,25.22119140625,high
18.24658203125,19.32275390625,29.0400390625,22.203125,high
59.186767578125,58.81103515625,58.056396484375,58.684733072916664,high
99.1982421875,114.538818359375,123.63037109375,112.455810546875,high
25.402099609375,21.083984375,19.38134765625,21.955810546875,high
82.29296875,90.04736328125,90.335205078125,87.55851236979167,high
51.848388671875,74.034423828125,91.874755859375,72.58585611979167,high
89.41455078125,77.047607421875,69.902099609375,78.7880859375,high
62.1943359375,48.03369140625,53.715087890625,54.647705078125,high
46.42822265625,21.37060546875,13.365966796875,27.054931640625,high
93.985107421875,93.985107421875,93.985107421875,93.985107421875,high
65.179931640625,45.361572265625,34.8154296875,48.452311197916664,high
56.204833984375,56.204833984375,56.204833984375,56.204833984375,high
60.697021484375,55.0205078125,54.80712890625,56.841552734375,high
137.100341796875,103.95068359375,97.725341796875,112.92545572916667,high
59.82177734375,46.64404296875,41.432861328125,49.299560546875,high
40.967041015625,44.61181640625,51.019287109375,45.53271484375,high
4.926513671875,8.287109375,14.571044921875,9.261555989583334,high
54.1279296875,38.09375,22.37841796875,38.200032552083336,high
54.242431640625,54.242431640625,54.242431640625,54.242431640625,high
56.600341796875,83.21484375,108.532958984375,82.78271484375,high
56.2900390625,49.34228515625,44.319091796875,49.983805338541664,high
28.30322265625,26.107177734375,23.451416015625,25.953938802083332,high
90.3505859375,90.3505859375,90.3505859375,90.3505859375,high
67.574462890625,45.439208984375,20.53076171875,44.514811197916664,high
117.164306640625,118.07275390625,121.257080078125,118.83138020833333,high
36.0888671875,36.0888671875,36.087158203125,36.088297526041664,high
43.30615234375,36.591796875,33.20703125,37.70166015625,high
34.008544921875,33.0498046875,32.945556640625,33.334635416666664,high
121.287353515625,106.21435546875,87.439697265625,104.98046875,high
100.1669921875,88.681884765625,82.638427734375,90.49576822916667,high
93.28857421875,93.28857421875,93.28857421875,93.28857421875,high
49.050048828125,49.0517578125,49.054443359375,49.052083333333336,high
82.4091796875,78.7568359375,70.73681640625,77.30094401041667,high
120.75537109375,120.75537109375,120.75537109375,120.75537109375,high
57.03662109375,57.03662109375,57.038330078125,57.037190755208336,high
43.584716796875,43.584716796875,43.584716796875,43.584716796875,high
126.214599609375,124.595703125,131.47021484375,127.42683919270833,high
91.015625,89.331298828125,94.5859375,91.644287109375,high
71.4892578125,83.23828125,82.544189453125,79.090576171875,high
58.56005859375,58.56005859375,58.56005859375,58.56005859375,high
91.61865234375,55.243896484375,30.0419921875,58.968180338541664,high
88.5615234375,88.5615234375,88.5615234375,88.5615234375,high
112.668701171875,93.90625,91.12841796875,99.23445638020833,high
134.189208984375,134.189208984375,134.189208984375,134.189208984375,high
204.396728515625,157.246826171875,84.254150390625,148.632568359375,high
123.89599609375,118.424560546875,117.071533203125,119.79736328125,high
189.0068359375,184.473876953125,186.1279296875,186.53621419270834,high
37.389404296875,34.308349609375,34.222900390625,35.306884765625,high
94.9208984375,94.921875,94.782470703125,94.87508138020833,high
28.580322265625,20.10107421875,17.21826171875,21.966552734375,high
27.621826171875,23.50732421875,20.88232421875,24.003824869791668,high
57.040771484375,64.68505859375,64.82568359375,62.183837890625,high
20.09228515625,15.350830078125,28.443359375,21.295491536458332,high
32.0087890625,34.004150390625,40.18212890625,35.398356119791664,high
21.7998046875,16.892822265625,17.08251953125,18.591715494791668,high
84.764404296875,73.505615234375,76.29296875,78.18766276041667,high
48.412109375,34.5029296875,28.633544921875,37.182861328125,high
105.93408203125,62.120361328125,42.58154296875,70.21199544270833,high
98.83447265625,97.630615234375,94.767578125,97.07755533854167,high
17.6796875,20.008056640625,22.0244140625,19.904052734375,high
21.553955078125,17.94580078125,17.1943359375,18.898030598958332,high
18.93408203125,15.9267578125,12.246337890625,15.702392578125,high
67.750732421875,74.730712890625,83.692138671875,75.39119466145833,high
71.129150390625,59.570068359375,53.099609375,61.266276041666664,high
70.748046875,76.76513671875,83.3798828125,76.96435546875,high
54.40234375,48.50244140625,42.673583984375,48.526123046875,high
73.709228515625,47.67724609375,35.67822265625,52.354899088541664,high
76.704833984375,76.704833984375,76.704833984375,76.704833984375,high
66.55859375,66.5673828125,66.568115234375,66.564697265625,high
60.474365234375,47.487548828125,43.13037109375,50.364095052083336,high
59.634521484375,59.634521484375,59.634521484375,59.634521484375,high
114.453125,114.453125,114.453125,114.453125,high
28.10009765625,28.10009765625,28.10009765625,28.10009765625,high
29.550048828125,26.08154296875,28.621337890625,28.084309895833332,high
72.54052734375,66.017333984375,61.00634765625,66.52140299479167,high
27.021728515625,30.755126953125,38.169921875,31.982259114583332,high
26.567138671875,24.448974609375,36.461181640625,29.159098307291668,high
214.13134765625,213.5458984375,214.82373046875,214.1669921875,high
53.411376953125,33.280029296875,27.541015625,38.077473958333336,high
111.095947265625,112.300048828125,109.623779296875,111.006591796875,high
192.5361328125,192.5361328125,192.5361328125,192.5361328125,high
71.761962890625,67.77001953125,58.10986328125,65.880615234375,high
103.324951171875,88.559326171875,70.44677734375,87.44368489583333,high
12.41455078125,12.41455078125,12.41455078125,12.41455078125,high
29.955322265625,39.77392578125,49.3837890625,39.704345703125,high
31.390869140625,30.172119140625,29.2607421875,30.274576822916668,high
78.9150390625,78.9150390625,78.9150390625,78.9150390625,high
97.5625,72.959228515625,52.22021484375,74.247314453125,high
43.254150390625,36.729248046875,37.009765625,38.997721354166664,high
129.128173828125,129.128173828125,129.128173828125,129.128173828125,high
20.953857421875,23.056396484375,27.00048828125,23.670247395833332,high
45.503173828125,35.890625,20.88818359375,34.093994140625,high
114.76953125,116.681884765625,121.58935546875,117.68025716145833,high
50.2412109375,33.77099609375,23.13427734375,35.715494791666664,high
54.68408203125,65.35986328125,73.550537109375,64.531494140625,high
22.28515625,27.6103515625,37.807373046875,29.234293619791668,high
91.601318359375,87.65380859375,80.71044921875,86.65519205729167,high
53.408203125,23.83935546875,6.927001953125,28.058186848958332,high
19.32177734375,33.948486328125,39.359375,30.876546223958332,high
92.718505859375,92.718505859375,92.718505859375,92.718505859375,high
91.8447265625,80.406494140625,80.102783203125,84.11800130208333,high
50.371826171875,42.46044921875,45.506591796875,46.112955729166664,high
93.406982421875,114.22607421875,146.095947265625,117.90966796875,high
157.176513671875,139.8349609375,114.87744140625,137.29630533854166,high
121.803466796875,101.120361328125,93.891845703125,105.605224609375,high
97.884521484375,97.884521484375,97.884521484375,97.884521484375,high
66.03515625,55.908935546875,47.57470703125,56.506266276041664,high
86.719970703125,76.964111328125,57.5322265625,73.73876953125,high
72.519775390625,72.519775390625,72.519775390625,72.519775390625,high
85.239501953125,92.8798828125,87.7041015625,88.60782877604167,high
22.52587890625,24.72998046875,29.912353515625,25.722737630208332,high
55.03173828125,39.70361328125,35.606689453125,43.447347005208336,high
74.928466796875,55.6923828125,42.35205078125,57.657633463541664,high
95.36474609375,95.36474609375,95.36474609375,95.36474609375,high
72.34619140625,72.34619140625,72.34619140625,72.34619140625,high
79.15087890625,79.15087890625,79.15087890625,79.15087890625,high
79.00732421875,70.625,64.277587890625,71.30330403645833,high
144.333740234375,137.63330078125,131.2314453125,137.73282877604166,high
34.81591796875,16.529296875,9.98681640625,20.444010416666668,high
65.89501953125,55.322021484375,51.27001953125,57.495686848958336,high
80.053466796875,74.92626953125,61.995849609375,72.3251953125,high
28.054931640625,28.054931640625,28.054931640625,28.054931640625,high
57.82421875,61.192626953125,41.029541015625,53.348795572916664,high
96.956787109375,88.712890625,91.185546875,92.28507486979167,high
41.008056640625,41.008056640625,41.008056640625,41.008056640625,high
50.461181640625,30.546142578125,19.67919921875,33.562174479166664,high
74.90966796875,66.28369140625,77.518798828125,72.904052734375,high
18.38330078125,16.521240234375,21.22705078125,18.710530598958332,high
139.468505859375,139.468505859375,139.468505859375,139.468505859375,high
105.85888671875,105.85888671875,105.85888671875,105.85888671875,high
42.696044921875,43.46435546875,53.48193359375,46.547444661458336,high
48.525390625,33.203857421875,29.270263671875,36.999837239583336,high
57.112060546875,60.260498046875,62.599365234375,59.990641276041664,high
38.002685546875,47.0,58.630615234375,47.877766927083336,high
42.87548828125,36.484619140625,36.681884765625,38.6806640625,high
57.779296875,60.538330078125,62.540771484375,60.2861328125,high
36.528076171875,31.741455078125,29.50927734375,32.592936197916664,high
39.425048828125,29.1640625,23.3330078125,30.640706380208332,high
38.71533203125,34.919189453125,32.15185546875,35.262125651041664,high
72.561279296875,51.318359375,28.69580078125,50.858479817708336,high
17.732666015625,17.732666015625,17.732666015625,17.732666015625,high
56.614990234375,56.614990234375,56.614990234375,56.614990234375,high
54.15185546875,54.15185546875,54.15185546875,54.15185546875,high
97.776611328125,86.7685546875,73.9072265625,86.15079752604167,high
84.089111328125,59.202392578125,49.60107421875,64.29752604166667,high
77.702880859375,67.23828125,62.44775390625,69.129638671875,high
53.984619140625,35.146484375,28.58447265625,39.238525390625,high
20.02978515625,31.77099609375,41.8125,31.204427083333332,high
133.004150390625,153.69384765625,158.294921875,148.33097330729166,high
74.614501953125,74.614501953125,74.614501953125,74.614501953125,high
42.2119140625,42.2119140625,42.2119140625,42.2119140625,high
41.431640625,56.500732421875,35.916259765625,44.6162109375,high
126.9287109375,121.94775390625,114.2626953125,121.04638671875,high
140.665283203125,140.665283203125,140.665283203125,140.665283203125,high
68.47802734375,34.259521484375,21.583740234375,41.4404296875,high
49.8818359375,36.3798828125,70.386474609375,52.216064453125,high
115.724609375,107.706298828125,96.339599609375,106.59016927083333,high
34.716796875,34.716796875,34.716796875,34.716796875,high
96.16552734375,72.191650390625,38.731201171875,69.02945963541667,high
93.20361328125,78.731689453125,60.63525390625,77.52351888020833,high
93.0595703125,91.356201171875,72.154052734375,85.52327473958333,high
77.320556640625,68.591796875,57.76220703125,67.89152018229167,high
60.988037109375,64.31298828125,63.466064453125,62.92236328125,high
45.310302734375,51.650634765625,60.080078125,52.347005208333336,high
85.5498046875,75.2822265625,68.655029296875,76.49568684895833,high
100.36328125,100.466796875,93.6181640625,98.1494140625,high
72.850341796875,64.379638671875,75.67724609375,70.96907552083333,high
55.052001953125,55.074462890625,55.0498046875,55.058756510416664,high
43.843017578125,37.2646484375,33.836669921875,38.314778645833336,high
89.052001953125,92.249267578125,81.29638671875,87.53255208333333,high
69.542236328125,46.9921875,34.36962890625,50.301350911458336,high
139.333251953125,165.962158203125,187.8583984375,164.38460286458334,high
69.0283203125,71.085693359375,86.71337890625,75.609130859375,high
21.6982421875,21.6982421875,21.6982421875,21.6982421875,high
131.545654296875,139.9052734375,138.961669921875,136.80419921875,high
132.705810546875,159.04541015625,180.99267578125,157.581298828125,high
78.25634765625,58.24755859375,40.822265625,59.108723958333336,high
128.602783203125,120.744140625,108.295166015625,119.21402994791667,high
81.945556640625,133.0302734375,168.675048828125,127.88362630208333,high
86.6474609375,78.468017578125,73.466552734375,79.52734375,high
59.505859375,49.23193359375,45.656005859375,51.464599609375,high
38.36572265625,43.0029296875,42.978271484375,41.448974609375,high
41.615966796875,32.79638671875,29.100341796875,34.504231770833336,high
121.731201171875,86.765869140625,70.661865234375,93.052978515625,high
101.607421875,95.0166015625,87.573974609375,94.732666015625,high
41.500244140625,41.500244140625,41.50146484375,41.500651041666664,high
86.86279296875,90.048583984375,94.29638671875,90.402587890625,high
53.849609375,58.285400390625,61.413818359375,57.849609375,high
64.66455078125,59.663330078125,59.7734375,61.367106119791664,high
88.85498046875,115.71240234375,114.219970703125,106.262451171875,high
38.90185546875,38.611083984375,41.24365234375,39.585530598958336,high
61.727783203125,60.654541015625,65.189208984375,62.523844401041664,high
26.254150390625,24.27197265625,22.61279296875,24.379638671875,high
42.38037109375,31.092529296875,21.614501953125,31.69580078125,high
96.07763671875,87.89013671875,101.26806640625,95.07861328125,high
47.02587890625,27.770263671875,23.66015625,32.818766276041664,high
150.20947265625,146.471923828125,137.84375,144.84171549479166,high
25.31005859375,25.31005859375,25.31005859375,25.31005859375,high
37.2685546875,37.2685546875,37.2685546875,37.2685546875,high
14.7978515625,16.509765625,28.596923828125,19.968180338541668,high
55.800048828125,59.311767578125,53.557373046875,56.223063151041664,high
5.19140625,4.4267578125,4.099365234375,4.572509765625,high
82.0830078125,62.58740234375,51.253662109375,65.30802408854167,high
66.836181640625,49.503173828125,43.720458984375,53.353271484375,high
56.981201171875,56.981201171875,56.981201171875,56.981201171875,high
49.508544921875,50.699462890625,51.005615234375,50.404541015625,high
57.262939453125,56.3671875,54.41845703125,56.016194661458336,high
144.10693359375,129.84619140625,109.968017578125,127.97371419270833,high
60.75537109375,45.2421875,35.53955078125,47.179036458333336,high
117.762939453125,107.714111328125,96.38916015625,107.28873697916667,high
135.765625,109.8662109375,95.47265625,113.70149739583333,high
43.58642578125,44.01416015625,42.6318359375,43.410807291666664,high
202.90283203125,183.198974609375,173.52783203125,186.543212890625,high
88.39697265625,60.539306640625,39.060791015625,62.665690104166664,high
131.4677734375,131.890380859375,130.287841796875,131.21533203125,high
30.452392578125,29.624267578125,31.415283203125,30.497314453125,high
22.830322265625,22.830322265625,22.830322265625,22.830322265625,high
45.364501953125,38.9111328125,43.28369140625,42.519775390625,high
54.614990234375,55.9384765625,59.884521484375,56.812662760416664,high
38.128662109375,30.5244140625,27.587890625,32.080322265625,high
39.701171875,39.701171875,39.70263671875,39.70166015625,high
99.7080078125,99.7080078125,99.7080078125,99.7080078125,high
60.022705078125,60.0302734375,60.02490234375,60.025960286458336,high
118.272216796875,110.6455078125,110.141845703125,113.01985677083333,high
92.35546875,88.637451171875,87.97705078125,89.65665690104167,high
65.822021484375,65.822021484375,65.822021484375,65.822021484375,high
131.634521484375,131.634521484375,131.634521484375,131.634521484375,high
53.88330078125,62.387451171875,21.096435546875,45.7890625,high
89.944580078125,61.310302734375,37.25830078125,62.837727864583336,high
74.476318359375,72.532958984375,36.64404296875,61.2177734375,high
34.81103515625,27.77197265625,29.215576171875,30.599527994791668,high
197.64111328125,183.469970703125,169.472900390625,183.52799479166666,high
21.054443359375,6.50244140625,2.349365234375,9.96875,high
80.34033203125,84.37890625,88.575927734375,84.43172200520833,high
118.509521484375,70.571533203125,47.547119140625,78.87605794270833,high
90.706787109375,87.911865234375,70.017822265625,82.87882486979167,high
128.70166015625,129.431396484375,133.60693359375,130.57999674479166,high
27.6005859375,27.6005859375,27.6005859375,27.6005859375,high
58.144775390625,58.144775390625,58.144775390625,58.144775390625,high
51.857177734375,34.830322265625,25.162841796875,37.283447265625,high
32.794189453125,32.794189453125,32.79052734375,32.79296875,high
26.591552734375,18.56494140625,16.077880859375,20.411458333333332,high
76.69482421875,60.914306640625,38.794921875,58.801350911458336,high
31.23046875,25.328369140625,23.25537109375,26.604736328125,high
78.774658203125,62.977783203125,40.515625,60.756022135416664,high
27.302001953125,22.935546875,31.416748046875,27.218098958333332,high
77.65185546875,77.65185546875,77.65185546875,77.65185546875,high
96.578857421875,71.73974609375,50.856201171875,73.05826822916667,high
102.55078125,71.082275390625,53.501220703125,75.71142578125,high
149.619873046875,146.576171875,138.82666015625,145.007568359375,high
50.334716796875,44.15478515625,47.394775390625,47.294759114583336,high
21.47216796875,1.45849609375,5.65087890625,9.527180989583334,high
32.52685546875,34.53466796875,31.2333984375,32.764973958333336,high
64.66259765625,64.66259765625,64.66259765625,64.66259765625,high
67.363525390625,58.52001953125,63.699462890625,63.1943359375,high
11.163330078125,16.32275390625,24.339111328125,17.275065104166668,high
34.7578125,39.697998046875,35.677978515625,36.711263020833336,high
69.459228515625,60.656005859375,50.683837890625,60.266357421875,high
139.912353515625,99.47607421875,86.968505859375,108.78564453125,high
70.7021484375,61.478271484375,53.138916015625,61.773111979166664,high
109.02685546875,109.02685546875,109.02685546875,109.02685546875,high
178.57958984375,155.448486328125,160.695068359375,164.90771484375,high
71.0234375,71.08642578125,68.161376953125,70.09041341145833,high
18.802490234375,30.786865234375,42.8642578125,30.81787109375,high
10.167724609375,17.06591796875,25.39501953125,17.542887369791668,high
20.687744140625,15.63427734375,16.349365234375,17.55712890625,high
81.9541015625,63.444580078125,46.998291015625,64.13232421875,high
54.8583984375,54.85888671875,54.247802734375,54.655029296875,high
46.640869140625,38.0,37.863037109375,40.834635416666664,high
65.31494140625,50.884033203125,45.147705078125,53.7822265625,high
88.895263671875,88.895263671875,88.895263671875,88.895263671875,high
93.02587890625,101.798095703125,102.9951171875,99.27303059895833,high
62.69140625,52.078125,50.748291015625,55.172607421875,high
4.529541015625,6.5537109375,6.74609375,5.943115234375,high
45.150390625,41.166015625,42.344482421875,42.886962890625,high
60.14990234375,43.242919921875,27.751220703125,43.714680989583336,high
62.42333984375,54.3271484375,47.467041015625,54.739176432291664,high
76.84033203125,61.36279296875,38.82421875,59.009114583333336,high
15.185546875,23.550537109375,37.31298828125,25.349690755208332,high
122.566162109375,122.566162109375,122.566162109375,122.566162109375,high
67.796875,78.4697265625,69.80029296875,72.02229817708333,high
62.50244140625,62.515869140625,62.468994140625,62.495768229166664,high
42.5888671875,42.5888671875,42.5888671875,42.5888671875,high
115.021484375,107.710693359375,100.907958984375,107.88004557291667,high
62.2734375,69.961181640625,66.7890625,66.34122721354167,high
81.41845703125,76.94921875,66.2333984375,74.86702473958333,high
62.650146484375,32.623046875,19.822509765625,38.365234375,high
93.029296875,90.897216796875,80.9814453125,88.30265299479167,high
51.843994140625,40.658935546875,40.1328125,44.2119140625,high
73.332275390625,73.332275390625,73.332275390625,73.332275390625,high
42.92236328125,36.42822265625,27.50439453125,35.618326822916664,high
109.129638671875,103.2939453125,105.7236328125,106.049072265625,high
137.27490234375,135.83056640625,133.805908203125,135.63712565104166,high
47.4296875,52.206787109375,56.358642578125,51.998372395833336,high
98.858642578125,85.8037109375,69.793212890625,84.81852213541667,high
133.127197265625,114.26025390625,103.873291015625,117.0869140625,high
45.648681640625,45.6572265625,45.621826171875,45.642578125,high
124.039794921875,116.34619140625,115.586669921875,118.65755208333333,high
160.41357421875,149.535400390625,139.85986328125,149.936279296875,high
130.33740234375,133.07666015625,139.469970703125,134.294677734375,high
72.429931640625,72.429931640625,72.429931640625,72.429931640625,high
64.507568359375,44.234619140625,33.99609375,47.579427083333336,high
44.9150390625,44.9150390625,44.9150390625,44.9150390625,high
43.9833984375,44.705322265625,43.229736328125,43.972819010416664,high
70.332275390625,70.332275390625,70.332275390625,70.332275390625,high
55.77490234375,70.5361328125,57.466552734375,61.259195963541664,high
14.202880859375,14.20361328125,14.1826171875,14.196370442708334,high
72.381103515625,72.381103515625,72.381103515625,72.381103515625,high
83.4990234375,83.4990234375,83.4990234375,83.4990234375,high
135.653564453125,97.91162109375,35.744384765625,89.76985677083333,high
122.819580078125,94.126953125,69.578369140625,95.50830078125,high
62.462158203125,56.90625,51.95458984375,57.107666015625,high
84.519775390625,84.501220703125,78.935791015625,82.65226236979167,high
37.6904296875,25.598388671875,13.11865234375,25.469156901041668,high
50.1396484375,50.1396484375,50.1396484375,50.1396484375,high
8.426513671875,7.638671875,17.673095703125,11.24609375,high
84.1728515625,73.36181640625,74.880126953125,77.47159830729167,high
57.887939453125,79.6396484375,55.208251953125,64.24527994791667,high
55.85400390625,40.13720703125,32.737548828125,42.909586588541664,high
182.037353515625,179.125732421875,177.50146484375,179.55485026041666,high
91.3330078125,87.05908203125,69.5078125,82.63330078125,high
51.5322265625,52.523681640625,54.6416015625,52.899169921875,high
51.89794921875,57.078125,78.157470703125,62.377848307291664,high
45.10546875,52.481201171875,39.936767578125,45.841145833333336,high
38.37646484375,32.91943359375,28.829345703125,33.375081380208336,high
92.9638671875,92.9638671875,92.9638671875,92.9638671875,high
23.58251953125,23.626953125,33.221435546875,26.810302734375,high
53.411376953125,48.781494140625,44.048583984375,48.747151692708336,high
20.033447265625,31.92578125,41.829833984375,31.263020833333332,high
127.808837890625,127.80908203125,127.664794921875,127.76090494791667,high
128.23486328125,121.51611328125,111.83544921875,120.52880859375,high
99.872314453125,99.872314453125,99.872314453125,99.872314453125,high
76.30126953125,76.30126953125,76.30126953125,76.30126953125,high
57.76611328125,42.85546875,34.76318359375,45.128255208333336,high
147.9375,138.194091796875,137.566162109375,141.23258463541666,high
91.232177734375,95.0478515625,83.137451171875,89.80582682291667,high
82.515869140625,82.42041015625,77.8828125,80.939697265625,high
119.9619140625,83.739990234375,67.789794921875,90.49723307291667,high
83.149169921875,82.9052734375,78.778564453125,81.61100260416667,high
41.862060546875,40.644775390625,39.33935546875,40.615397135416664,high
72.211181640625,72.211181640625,72.211181640625,72.211181640625,high
87.6630859375,92.048583984375,88.285400390625,89.33235677083333,high
10.34033203125,12.178466796875,18.5927734375,13.703857421875,high
101.125732421875,82.65625,45.415771484375,76.39925130208333,high
35.129638671875,36.501953125,37.9033203125,36.511637369791664,high
61.327880859375,52.2138671875,54.502197265625,56.0146484375,high
52.61962890625,69.496337890625,72.5986328125,64.90486653645833,high
38.68017578125,33.11669921875,30.81982421875,34.20556640625,high
72.665283203125,65.789306640625,64.98876953125,67.814453125,high
109.19921875,96.984375,78.007080078125,94.730224609375,high
23.95947265625,23.9599609375,23.96044921875,23.9599609375,high
83.906005859375,83.906005859375,83.906005859375,83.906005859375,high
113.144287109375,139.121826171875,154.986572265625,135.75089518229166,high
20.118408203125,20.118408203125,20.118408203125,20.118408203125,high
128.459228515625,125.41650390625,121.71923828125,125.19832356770833,high
45.72802734375,40.302490234375,37.2919921875,41.107503255208336,high
89.103759765625,84.234375,78.855224609375,84.064453125,high
117.4541015625,140.76416015625,152.348388671875,136.85555013020834,high
90.620361328125,77.198486328125,61.9375,76.58544921875,high
71.0107421875,89.413330078125,58.923583984375,73.11588541666667,high
96.25634765625,96.25634765625,96.2548828125,96.255859375,high
42.153076171875,41.409912109375,46.092041015625,43.218343098958336,high
29.346435546875,27.222900390625,25.548828125,27.372721354166668,high
27.017822265625,30.546875,38.075439453125,31.880045572916668,high
53.365478515625,73.74658203125,81.358642578125,69.490234375,high
56.914306640625,70.57275390625,97.0888671875,74.858642578125,high
80.3662109375,85.681396484375,107.106689453125,91.05143229166667,high
110.103515625,110.4990234375,100.103759765625,106.902099609375,high
53.3388671875,59.595458984375,58.293212890625,57.075846354166664,high
208.658203125,211.690673828125,208.953369140625,209.76741536458334,high
76.92236328125,83.838134765625,88.997802734375,83.25276692708333,high
17.736083984375,18.68701171875,25.423095703125,20.615397135416668,high
35.626220703125,43.5146484375,67.197265625,48.779378255208336,high
45.508544921875,45.510986328125,45.501220703125,45.506917317708336,high
40.440185546875,34.11328125,30.7666015625,35.106689453125,high
76.299072265625,76.299072265625,76.299072265625,76.299072265625,high
27.57080078125,10.557373046875,6.251220703125,14.793131510416666,high
69.570556640625,61.41455078125,53.873046875,61.619384765625,high
40.031494140625,32.7509765625,30.3525390625,34.378336588541664,high
56.862060546875,60.225830078125,63.112060546875,60.066650390625,high
147.764892578125,142.88525390625,134.952392578125,141.86751302083334,high
32.034423828125,26.890625,29.428466796875,29.451171875,high
15.466796875,18.720458984375,21.272216796875,18.486490885416668,high
58.254150390625,58.254150390625,57.58544921875,58.03125,high
42.6494140625,40.89599609375,43.39990234375,42.315104166666664,high
63.11376953125,49.20703125,38.966064453125,50.428955078125,high
91.01611328125,66.913330078125,43.58642578125,67.17195638020833,high
98.662353515625,108.16650390625,104.544921875,103.791259765625,high
45.53662109375,44.706298828125,43.828857421875,44.690592447916664,high
125.712158203125,121.10595703125,112.197021484375,119.67171223958333,high
26.18359375,21.18701171875,25.178955078125,24.183186848958332,high
40.432373046875,38.06298828125,35.110107421875,37.868489583333336,high
85.38037109375,81.5341796875,69.35693359375,78.75716145833333,high
137.717529296875,132.19482421875,122.783203125,130.89851888020834,high
75.991943359375,57.231689453125,40.384521484375,57.869384765625,high
143.702392578125,162.0234375,163.743896484375,156.48990885416666,high
86.012939453125,86.012939453125,86.012939453125,86.012939453125,high
59.332763671875,59.332763671875,59.332763671875,59.332763671875,high
99.233642578125,79.9140625,57.533203125,78.89363606770833,high
81.813720703125,84.545654296875,103.690673828125,90.01668294270833,high
7.393798828125,9.24365234375,21.071044921875,12.569498697916666,high
6.772705078125,6.686767578125,17.78369140625,10.414388020833334,high
54.842529296875,54.847412109375,54.286865234375,54.658935546875,high
31.889892578125,26.469970703125,24.823486328125,27.727783203125,high
20.540283203125,31.884765625,41.879638671875,31.434895833333332,high
90.07568359375,116.074462890625,123.799560546875,109.98323567708333,high
84.685302734375,79.77978515625,70.92529296875,78.46346028645833,high
135.461181640625,161.724365234375,183.18505859375,160.12353515625,high
61.615966796875,63.944580078125,67.99365234375,64.51806640625,high
41.667236328125,28.888427734375,23.625,31.3935546875,high
29.103271484375,28.393798828125,28.663818359375,28.720296223958332,high
48.59375,48.59521484375,48.16015625,48.44970703125,high
74.513916015625,67.69921875,63.070556640625,68.42789713541667,high
53.835693359375,53.835693359375,53.835693359375,53.835693359375,high
129.058837890625,114.659423828125,96.135498046875,113.28458658854167,high
17.564208984375,16.88720703125,22.04541015625,18.832275390625,high
53.7275390625,34.927734375,37.30419921875,41.986490885416664,high
83.03662109375,96.104248046875,92.9423828125,90.69441731770833,high
83.89501953125,62.64892578125,29.813232421875,58.785725911458336,high
88.391845703125,83.03515625,72.5302734375,81.319091796875,high
83.51708984375,83.51708984375,83.51708984375,83.51708984375,high
12.60693359375,14.3525390625,20.873291015625,15.944254557291666,high
125.990966796875,113.386474609375,94.984375,111.45393880208333,high
83.275390625,65.301513671875,65.836181640625,71.47102864583333,high
38.139892578125,30.60693359375,26.216064453125,31.654296875,high
104.142578125,89.774169921875,90.616455078125,94.84440104166667,high
63.06494140625,46.483154296875,30.857177734375,46.8017578125,high
73.6259765625,79.20263671875,49.476806640625,67.43513997395833,high
139.9365234375,142.980224609375,97.576171875,126.83097330729167,high
63.171142578125,58.753662109375,54.895751953125,58.940185546875,high
94.4716796875,86.564697265625,64.677978515625,81.90478515625,high
28.325927734375,27.5869140625,28.42919921875,28.114013671875,high
52.076416015625,52.076416015625,52.076416015625,52.076416015625,high
55.657958984375,64.49365234375,62.08642578125,60.746012369791664,high
91.593505859375,69.405029296875,50.755615234375,70.584716796875,high
148.1416015625,161.4990234375,102.935791015625,137.52547200520834,high
97.587890625,97.8984375,99.61181640625,98.36604817708333,high
92.787841796875,98.354248046875,96.822265625,95.98811848958333,high
45.679931640625,33.0234375,29.073974609375,35.92578125,high
125.912841796875,120.52001953125,119.55078125,121.99454752604167,high
54.465576171875,63.19482421875,65.360107421875,61.0068359375,high
54.0078125,54.005615234375,54.001953125,54.005126953125,high
46.8994140625,40.215087890625,35.115966796875,40.743489583333336,high
85.4130859375,85.4130859375,85.4130859375,85.4130859375,high
17.689453125,29.259521484375,35.475341796875,27.474772135416668,high
114.70263671875,109.477783203125,100.3388671875,108.173095703125,high
58.742919921875,62.8193359375,61.506103515625,61.022786458333336,high
64.638916015625,64.638916015625,64.267822265625,64.51521809895833,high
27.74365234375,21.572998046875,23.577880859375,24.298177083333332,high
95.119873046875,99.2841796875,81.10400390625,91.83601888020833,high
66.243896484375,45.72265625,47.796875,53.254475911458336,high
48.577880859375,47.4248046875,26.240478515625,40.747721354166664,high
112.551513671875,84.075927734375,56.392578125,84.34000651041667,high
119.9970703125,146.86962890625,161.788818359375,142.88517252604166,high
50.00439453125,72.903564453125,55.634033203125,59.513997395833336,high
12.38427734375,12.3583984375,8.806396484375,11.183024088541666,high
151.99072265625,151.99072265625,151.99072265625,151.99072265625,high
56.21337890625,45.93896484375,39.6220703125,47.258138020833336,high
17.530517578125,17.505615234375,16.95654296875,17.330891927083332,high
34.831298828125,26.12841796875,23.73583984375,28.231852213541668,high
72.30615234375,72.30615234375,72.30615234375,72.30615234375,high
51.429931640625,32.3974609375,26.28515625,36.704182942708336,high
46.862060546875,48.13720703125,47.918701171875,47.639322916666664,high
68.589599609375,59.198486328125,55.333740234375,61.040608723958336,high
89.4873046875,89.4873046875,89.4873046875,89.4873046875,high
56.571044921875,59.874267578125,62.728759765625,59.724690755208336,high
125.22314453125,123.66748046875,122.786865234375,123.89249674479167,high
20.978759765625,20.978759765625,20.978759765625,20.978759765625,high
137.462158203125,119.4189453125,99.267333984375,118.71614583333333,high
112.094970703125,95.573486328125,84.057373046875,97.241943359375,high
27.232177734375,38.97607421875,49.19970703125,38.469319661458336,high
79.7890625,75.327392578125,62.210693359375,72.4423828125,high
22.671875,57.466064453125,64.12744140625,48.088460286458336,high
54.147216796875,54.147216796875,54.147216796875,54.147216796875,high
40.7451171875,37.25927734375,38.10302734375,38.702473958333336,high
77.6484375,78.380859375,80.81396484375,78.94775390625,high
78.83544921875,75.14306640625,64.6123046875,72.86360677083333,high
122.046875,109.9248046875,96.6982421875,109.556640625,high
139.6796875,139.6796875,139.6796875,139.6796875,high
61.4873046875,45.947021484375,43.333984375,50.256103515625,high
33.093994140625,34.86474609375,36.65380859375,34.870849609375,high
18.595703125,18.740966796875,17.595458984375,18.310709635416668,high
69.84814453125,65.409423828125,66.143798828125,67.1337890625,high
26.012939453125,23.298828125,25.17626953125,24.829345703125,high
69.73486328125,75.2587890625,75.213134765625,73.40226236979167,high
36.8935546875,36.89404296875,36.890869140625,36.892822265625,high
42.26416015625,36.718505859375,34.11279296875,37.698486328125,high
168.682861328125,134.912109375,115.4375,139.677490234375,high
41.365966796875,39.22509765625,41.73681640625,40.775960286458336,high
205.576904296875,164.19091796875,107.528076171875,159.0986328125,high
22.84765625,24.088623046875,30.302978515625,25.746419270833332,high
37.279541015625,27.173095703125,25.15087890625,29.867838541666668,high
48.1142578125,48.904052734375,36.46826171875,44.495524088541664,high
75.552001953125,74.154296875,76.343505859375,75.34993489583333,high
74.42236328125,70.239501953125,61.10400390625,68.588623046875,high
120.345947265625,151.210693359375,130.930419921875,134.162353515625,high
91.4775390625,74.195068359375,66.80078125,77.49112955729167,high
189.410400390625,178.3671875,169.311279296875,179.02962239583334,high
61.182861328125,46.35986328125,23.82275390625,43.788492838541664,high
179.263427734375,168.29296875,153.54345703125,167.03328450520834,high
55.521484375,57.852783203125,53.5703125,55.648193359375,high
55.8837890625,44.98291015625,33.971923828125,44.946207682291664,high
53.42431640625,33.66455078125,27.483642578125,38.190836588541664,high
39.797607421875,33.890869140625,33.28662109375,35.658365885416664,high
61.751220703125,46.84716796875,26.322998046875,44.973795572916664,high
67.35107421875,67.35107421875,67.35107421875,67.35107421875,high
78.37939453125,72.19873046875,69.87939453125,73.48583984375,high
27.391357421875,27.391357421875,27.391357421875,27.391357421875,high
101.8271484375,78.314697265625,62.199951171875,80.78059895833333,high
57.4072265625,40.32470703125,32.9208984375,43.550944010416664,high
17.57373046875,17.582275390625,13.477294921875,16.211100260416668,high
63.87841796875,45.234375,31.603759765625,46.905517578125,high
98.260009765625,90.876953125,92.02099609375,93.71931966145833,high
62.926513671875,55.733154296875,50.066650390625,56.242106119791664,high
123.14208984375,123.14208984375,123.14208984375,123.14208984375,high
99.988037109375,88.90771484375,91.45849609375,93.451416015625,high
49.21923828125,49.21923828125,49.21923828125,49.21923828125,high
21.822998046875,25.013916015625,32.369873046875,26.402262369791668,high
118.749755859375,78.83056640625,65.849853515625,87.81005859375,high
40.498046875,40.497802734375,40.24755859375,40.414469401041664,high
76.53173828125,76.53173828125,76.53173828125,76.53173828125,high
78.732666015625,78.732666015625,78.732666015625,78.732666015625,high
47.10986328125,39.9853515625,37.37890625,41.491373697916664,high
90.823486328125,86.156982421875,81.830078125,86.27018229166667,high
174.46923828125,180.3740234375,187.469970703125,180.77107747395834,high
87.538330078125,98.3017578125,105.669189453125,97.16975911458333,high
63.300048828125,32.6201171875,19.7421875,38.554117838541664,high
115.501708984375,111.564697265625,100.32470703125,109.13037109375,high
35.367919921875,52.387939453125,69.283447265625,52.346435546875,high
134.985595703125,133.3994140625,133.534912109375,133.97330729166666,high
73.64404296875,65.178955078125,59.7412109375,66.18806966145833,high
102.821533203125,102.802978515625,90.73388671875,98.7861328125,high
74.502685546875,74.502685546875,74.502685546875,74.502685546875,high
25.18603515625,16.353271484375,14.24755859375,18.595621744791668,high
194.19677734375,171.376220703125,130.90283203125,165.491943359375,high
128.5693359375,147.08203125,160.65673828125,145.43603515625,high
53.00439453125,53.00439453125,53.00439453125,53.00439453125,high
43.02587890625,41.7314453125,36.74658203125,40.501302083333336,high
19.059326171875,20.845458984375,27.031005859375,22.311930338541668,high
101.8427734375,102.120361328125,91.22021484375,98.39444986979167,high
33.373046875,28.959716796875,23.432373046875,28.58837890625,high
51.014892578125,51.014892578125,51.014892578125,51.014892578125,high
52.34716796875,67.745849609375,52.16552734375,57.419514973958336,high
177.39013671875,185.892822265625,183.900390625,182.39444986979166,high
62.2421875,54.0732421875,47.387939453125,54.567789713541664,high
69.421142578125,8.93798828125,8.103271484375,28.82080078125,high
64.61572265625,45.855224609375,31.897705078125,47.456217447916664,high
66.9013671875,78.3837890625,77.21435546875,74.16650390625,high
151.58740234375,146.76318359375,134.32861328125,144.22639973958334,high
39.043701171875,35.052978515625,44.24658203125,39.44775390625,high
24.13330078125,27.59228515625,38.318115234375,30.014567057291668,high
92.7734375,92.7734375,92.7734375,92.7734375,high
96.7236328125,95.55419921875,89.9140625,94.06396484375,high
32.343994140625,36.199462890625,40.724853515625,36.422770182291664,high
109.3095703125,86.7412109375,60.0302734375,85.3603515625,high
42.35302734375,52.28466796875,58.245849609375,50.961181640625,high
74.23974609375,71.439208984375,71.09619140625,72.25838216145833,high
35.95947265625,27.17431640625,23.549072265625,28.894287109375,high
61.931396484375,73.125732421875,82.997314453125,72.684814453125,high
60.412841796875,52.1044921875,44.03076171875,52.182698567708336,high
114.06689453125,86.939208984375,79.486572265625,93.49755859375,high
191.581787109375,163.222412109375,150.38427734375,168.39615885416666,high
78.7666015625,67.25048828125,56.829833984375,67.61564127604167,high
124.27490234375,124.27490234375,124.27490234375,124.27490234375,high
33.446533203125,10.521240234375,3.2392578125,15.735677083333334,high
100.376708984375,76.723876953125,49.452392578125,75.51765950520833,high
81.47265625,83.47802734375,80.232666015625,81.727783203125,high
34.95556640625,16.427490234375,9.93701171875,20.440022786458332,high
108.6044921875,64.14794921875,22.959716796875,65.23738606770833,high
93.806396484375,93.806396484375,93.806396484375,93.806396484375,high
129.279296875,129.279541015625,129.1552734375,129.238037109375,high
70.40576171875,78.572509765625,90.512451171875,79.83024088541667,high
82.427490234375,75.225830078125,47.765625,68.47298177083333,high
72.820556640625,72.820556640625,72.820556640625,72.820556640625,high
57.7998046875,51.61865234375,49.683837890625,53.034098307291664,high
38.408447265625,30.41748046875,28.18701171875,32.337646484375,high
87.10888671875,89.86865234375,87.03271484375,88.00341796875,high
126.83935546875,126.246337890625,125.421875,126.169189453125,high
55.0,55.0,55.0,55.0,high
33.989501953125,33.989501953125,33.989501953125,33.989501953125,high
25.031494140625,19.23486328125,18.441650390625,20.902669270833332,high
75.330078125,67.92626953125,63.666259765625,68.97420247395833,high
137.00390625,165.197509765625,191.016845703125,164.40608723958334,high
67.22607421875,73.763427734375,73.796630859375,71.59537760416667,high
28.645263671875,22.468505859375,23.7158203125,24.943196614583332,high
51.443603515625,39.73876953125,31.79345703125,40.991943359375,high
65.7998046875,64.9775390625,71.0205078125,67.26595052083333,high
71.614990234375,71.614990234375,71.614990234375,71.614990234375,high
115.88330078125,71.677978515625,51.00390625,79.521728515625,high
62.978515625,63.63330078125,61.290771484375,62.634195963541664,high
45.833740234375,45.833740234375,45.833740234375,45.833740234375,high
96.715087890625,84.947509765625,69.38818359375,83.68359375,high
27.27978515625,22.2119140625,21.501708984375,23.664469401041668,high
42.123291015625,32.756591796875,27.360107421875,34.079996744791664,high
44.68798828125,44.687744140625,44.67724609375,44.684326171875,high
88.360595703125,88.360595703125,88.360595703125,88.360595703125,high
45.472900390625,42.027099609375,38.509033203125,42.003011067708336,high
139.1279296875,139.671875,134.83056640625,137.87679036458334,high
43.90478515625,41.84375,44.308349609375,43.352294921875,high
11.5908203125,7.857666015625,11.830810546875,10.426432291666666,high
16.4814453125,16.9296875,18.202880859375,17.204671223958332,high
57.25830078125,39.117919921875,26.013427734375,40.796549479166664,high
76.14306640625,54.45068359375,45.78662109375,58.79345703125,high
88.887939453125,68.11572265625,34.52685546875,63.843505859375,high
49.513671875,55.417236328125,53.067138671875,52.666015625,high
118.290283203125,118.290283203125,118.290283203125,118.290283203125,high
98.83984375,98.83984375,98.83984375,98.83984375,high
42.919921875,39.669189453125,38.96826171875,40.519124348958336,high
149.7880859375,150.341796875,141.84326171875,147.32438151041666,high
44.01318359375,38.0634765625,33.2919921875,38.456217447916664,high
53.027099609375,66.27978515625,80.83837890625,66.715087890625,high
115.13525390625,93.6064453125,92.782470703125,100.508056640625,high
79.511474609375,79.3408203125,69.824951171875,76.22574869791667,high
36.3701171875,40.532958984375,34.498046875,37.133707682291664,high
138.50537109375,136.298828125,140.21630859375,138.34016927083334,high
38.2470703125,26.15380859375,18.784912109375,27.728597005208332,high
69.18505859375,75.165283203125,73.8427734375,72.73103841145833,high
38.875732421875,34.784912109375,29.107666015625,34.256103515625,high
62.8095703125,62.8095703125,62.8095703125,62.8095703125,high
68.921875,55.5380859375,45.291259765625,56.583740234375,high
81.708251953125,82.151123046875,77.4287109375,80.42936197916667,high
97.5087890625,86.239013671875,70.3466796875,84.69816080729167,high
46.962646484375,48.280029296875,74.282958984375,56.508544921875,high
27.810302734375,21.70947265625,21.6640625,23.727945963541668,high
37.283447265625,43.56689453125,44.703125,41.851155598958336,high
40.746337890625,42.037353515625,43.52490234375,42.102864583333336,high
52.879638671875,62.858642578125,75.01123046875,63.583170572916664,high
14.4716796875,14.47509765625,14.427490234375,14.458089192708334,high
37.6708984375,37.6708984375,37.6708984375,37.6708984375,high
108.79736328125,108.79736328125,108.79736328125,108.79736328125,high
130.1513671875,102.83642578125,88.089599609375,107.02579752604167,high
9.154541015625,4.9921875,9.921142578125,8.022623697916666,high
125.329345703125,108.944091796875,76.474609375,103.58268229166667,high
41.222412109375,33.989990234375,34.728271484375,36.646891276041664,high
45.498046875,32.087158203125,11.651123046875,29.745442708333332,high
72.973876953125,60.700439453125,46.264404296875,59.979573567708336,high
70.79931640625,60.246337890625,50.616455078125,60.554036458333336,high
46.241455078125,39.558349609375,38.466064453125,41.421956380208336,high
32.21728515625,29.826904296875,29.72998046875,30.591389973958332,high
92.8671875,92.951904296875,92.90869140625,92.90926106770833,high
143.77978515625,141.790771484375,138.691162109375,141.42057291666666,high
109.455810546875,97.706787109375,77.737060546875,94.966552734375,high
108.98291015625,96.812744140625,77.32080078125,94.37215169270833,high
63.408203125,63.7431640625,64.700439453125,63.950602213541664,high
80.708984375,80.708984375,80.708984375,80.708984375,high
23.797119140625,20.702392578125,24.17822265625,22.892578125,high
40.375244140625,42.25927734375,38.02392578125,40.219482421875,high
56.1318359375,56.1318359375,56.134521484375,56.132731119791664,high
41.284912109375,51.612060546875,55.851806640625,49.582926432291664,high
93.384765625,93.384765625,93.384765625,93.384765625,high
132.55029296875,24.384765625,14.600830078125,57.178629557291664,high
36.908203125,32.854248046875,29.581787109375,33.11474609375,high
68.530029296875,71.087890625,67.665283203125,69.09440104166667,high
89.57666015625,67.048095703125,51.063720703125,69.2294921875,high
48.36962890625,48.36962890625,48.36962890625,48.36962890625,high
42.319580078125,42.319580078125,42.319580078125,42.319580078125,high
55.9697265625,55.9697265625,55.9697265625,55.9697265625,high
48.81005859375,49.95556640625,47.690673828125,48.818766276041664,high
40.47607421875,36.024169921875,34.193115234375,36.897786458333336,high
59.87890625,44.370361328125,35.067138671875,46.438802083333336,high
70.94384765625,58.88916015625,54.722900390625,61.518636067708336,high
100.733154296875,117.783447265625,110.5771484375,109.69791666666667,high
64.63232421875,58.25390625,52.19677734375,58.361002604166664,high
38.81494140625,29.692626953125,27.720947265625,32.076171875,high
77.535888671875,77.28515625,80.646484375,78.48917643229167,high
84.45751953125,73.90966796875,76.64794921875,78.33837890625,high
34.402587890625,28.755615234375,23.792724609375,28.983642578125,high
92.64453125,92.64453125,92.64453125,92.64453125,high
60.292236328125,60.292236328125,60.292236328125,60.292236328125,high
94.267578125,90.044921875,82.866455078125,89.05965169270833,high
73.748046875,64.822998046875,74.7275390625,71.09952799479167,high
155.906494140625,144.5361328125,131.87890625,144.107177734375,high
136.57470703125,102.770751953125,83.662841796875,107.66943359375,high
163.73876953125,143.73291015625,118.47021484375,141.98063151041666,high
45.7705078125,45.7705078125,45.7705078125,45.7705078125,high
66.303466796875,45.636474609375,48.36328125,53.434407552083336,high
72.857177734375,69.325927734375,63.8154296875,68.66617838541667,high
71.509765625,76.69482421875,76.57763671875,74.92740885416667,high
39.66796875,49.66552734375,54.065673828125,47.799723307291664,high
19.811279296875,13.070068359375,9.169189453125,14.016845703125,high
149.02734375,129.81298828125,121.25341796875,133.36458333333334,high
82.933837890625,89.621826171875,97.681884765625,90.07918294270833,high
100.980224609375,117.514404296875,112.2939453125,110.26285807291667,high
55.178955078125,38.19775390625,23.151611328125,38.8427734375,high
88.77783203125,65.4765625,42.521484375,65.59195963541667,high
41.898193359375,39.593994140625,42.2138671875,41.2353515625,high
71.454345703125,61.025390625,49.8759765625,60.785237630208336,high
57.541748046875,58.67333984375,54.2412109375,56.818766276041664,high
76.98828125,76.987548828125,76.98779296875,76.98787434895833,high
21.914306640625,16.5546875,17.1240234375,18.531005859375,high
29.345458984375,21.189453125,17.1328125,22.555908203125,high
22.72412109375,38.354248046875,51.24462890625,37.440999348958336,high
95.080810546875,95.080810546875,95.080810546875,95.080810546875,high
73.191650390625,46.803955078125,34.51611328125,51.50390625,high
24.050048828125,24.150634765625,24.031982421875,24.077555338541668,high
93.766357421875,85.186767578125,80.094970703125,86.349365234375,high
8.285888671875,10.1640625,21.57763671875,13.342529296875,high
78.07958984375,67.292724609375,57.861572265625,67.74462890625,high
72.550048828125,63.3310546875,72.342529296875,69.40787760416667,high
19.919189453125,33.166259765625,41.217529296875,31.434326171875,high
56.22265625,56.22265625,56.22265625,56.22265625,high
63.26171875,43.883056640625,28.24169921875,45.128824869791664,high
121.66943359375,115.51171875,96.43408203125,111.205078125,high
81.628662109375,77.159912109375,68.058837890625,75.61580403645833,high
104.637939453125,97.36181640625,86.054931640625,96.01822916666667,high
95.4931640625,95.4931640625,95.4931640625,95.4931640625,high
94.737060546875,121.0703125,109.773681640625,108.52701822916667,high
61.521240234375,65.917724609375,69.087646484375,65.50887044270833,high
136.2861328125,136.2861328125,136.2861328125,136.2861328125,high
83.76708984375,83.76708984375,83.76708984375,83.76708984375,high
74.993408203125,55.360595703125,40.3671875,56.907063802083336,high
68.539794921875,68.9599609375,73.804443359375,70.43473307291667,high
22.152587890625,27.671142578125,36.405029296875,28.742919921875,high
42.230712890625,52.554931640625,62.1220703125,52.302571614583336,high
111.8896484375,124.007568359375,122.74853515625,119.548583984375,high
103.979248046875,103.984375,104.004638671875,103.98942057291667,high
13.553466796875,15.726318359375,17.39306640625,15.5576171875,high
140.73291015625,127.93994140625,112.484619140625,127.052490234375,high
60.2099609375,62.195068359375,65.597900390625,62.667643229166664,high
66.621826171875,66.64453125,66.6279296875,66.63142903645833,high
43.2265625,43.573486328125,42.547607421875,43.115885416666664,high
136.790771484375,161.8740234375,183.306884765625,160.6572265625,high
75.94287109375,75.94287109375,75.94287109375,75.94287109375,high
96.614013671875,85.1025390625,78.8203125,86.84562174479167,high
77.414794921875,73.269775390625,92.21826171875,80.96761067708333,high
50.4609375,50.4609375,50.4609375,50.4609375,high
75.121337890625,68.0263671875,57.40185546875,66.849853515625,high
57.21435546875,44.786865234375,38.637939453125,46.879720052083336,high
83.4970703125,89.332763671875,92.203369140625,88.34440104166667,high
48.770751953125,38.426513671875,20.825927734375,36.007731119791664,high
106.4248046875,106.4248046875,106.4248046875,106.4248046875,high
108.380126953125,96.38720703125,88.703369140625,97.82356770833333,high
115.8681640625,80.555419921875,52.9580078125,83.127197265625,high
73.383056640625,62.534423828125,50.078125,61.99853515625,high
53.78857421875,49.628173828125,52.535400390625,51.984049479166664,high
42.083740234375,34.07275390625,30.38623046875,35.514241536458336,high
46.60986328125,46.60986328125,46.60986328125,46.60986328125,high
52.75927734375,42.674560546875,36.4365234375,43.956787109375,high
68.44482421875,85.299560546875,96.83251953125,83.525634765625,high
72.258544921875,82.837646484375,82.48388671875,79.193359375,high
29.345703125,27.724853515625,29.461181640625,28.843912760416668,high
78.183349609375,83.884521484375,86.48583984375,82.85123697916667,high
103.03369140625,81.81884765625,66.114990234375,83.65584309895833,high
52.28466796875,52.28466796875,52.28466796875,52.28466796875,high
110.26025390625,86.90771484375,60.582763671875,85.91691080729167,high
133.802978515625,112.178466796875,83.196044921875,109.725830078125,high
75.376220703125,82.35693359375,80.1650390625,79.29939778645833,high
41.041259765625,41.041259765625,41.041259765625,41.041259765625,high
161.45556640625,157.904296875,150.11865234375,156.49283854166666,high
59.285888671875,52.595947265625,48.1513671875,53.344401041666664,high
49.22802734375,40.736083984375,25.040283203125,38.334798177083336,high
83.99560546875,76.1474609375,70.978271484375,77.04044596354167,high
81.177001953125,86.689453125,93.0185546875,86.961669921875,high
76.950927734375,62.78271484375,41.417236328125,60.383626302083336,high
27.931396484375,36.18505859375,35.298583984375,33.138346354166664,high
8.86572265625,16.86474609375,21.019775390625,15.583414713541666,high
9.58203125,18.019775390625,22.3427734375,16.648193359375,high
45.295654296875,49.59521484375,50.694580078125,48.528483072916664,high
44.193603515625,48.400634765625,49.20751953125,47.267252604166664,high
39.0888671875,32.193603515625,29.8017578125,33.694742838541664,high
56.619873046875,75.51171875,87.673828125,73.26847330729167,high
22.23828125,37.773193359375,51.04541015625,37.018961588541664,high
28.121826171875,47.008056640625,62.17578125,45.7685546875,high
23.593017578125,39.852783203125,52.992919921875,38.812906901041664,high
50.53125,50.467529296875,55.50537109375,52.168050130208336,high
53.781005859375,55.780029296875,52.654541015625,54.071858723958336,high
53.611572265625,29.99169921875,16.88134765625,33.494873046875,high
47.122314453125,41.275390625,42.210693359375,43.5361328125,high
84.382568359375,82.912109375,65.77392578125,77.68953450520833,high
49.338134765625,60.540771484375,65.006103515625,58.295003255208336,high
56.003662109375,45.531005859375,42.496337890625,48.010335286458336,high
38.687255859375,26.618408203125,24.5244140625,29.943359375,high
133.142578125,133.142578125,133.142578125,133.142578125,high
12.426025390625,12.511962890625,12.388671875,12.442220052083334,high
128.73681640625,131.701171875,133.47900390625,131.3056640625,high
34.735107421875,24.790771484375,21.53857421875,27.021484375,high
180.556884765625,145.70361328125,145.1767578125,157.145751953125,high
34.148681640625,29.531005859375,31.41357421875,31.69775390625,high
42.07275390625,42.07275390625,42.07275390625,42.07275390625,high
70.64599609375,70.64599609375,70.64599609375,70.64599609375,high
33.6953125,30.617919921875,30.295166015625,31.5361328125,high
18.159423828125,18.159423828125,18.159423828125,18.159423828125,high
143.71337890625,127.43310546875,113.368408203125,128.171630859375,high
69.983642578125,55.142333984375,45.2802734375,56.802083333333336,high
121.627685546875,122.239990234375,119.679443359375,121.182373046875,high
29.89013671875,34.8017578125,42.228271484375,35.640055338541664,high
63.072021484375,70.190185546875,53.892578125,62.384928385416664,high
69.96337890625,68.91162109375,83.85986328125,74.24495442708333,high
62.14599609375,79.255615234375,86.92626953125,76.10929361979167,high
38.365966796875,47.2578125,58.1123046875,47.912027994791664,high
34.259521484375,25.56494140625,23.338623046875,27.721028645833332,high
63.84375,63.84375,63.84375,63.84375,high
130.976318359375,115.01708984375,127.91748046875,124.636962890625,high
14.401123046875,10.065185546875,4.543701171875,9.670003255208334,high
73.598876953125,82.9296875,50.970947265625,69.16650390625,high
7.608154296875,9.505615234375,21.644287109375,12.919352213541666,high
66.513427734375,45.4951171875,48.524658203125,53.511067708333336,high
72.7587890625,63.01171875,54.280517578125,63.350341796875,high
89.5322265625,76.545654296875,70.272705078125,78.78352864583333,high
122.008056640625,103.376953125,88.14306640625,104.50935872395833,high
53.309326171875,106.806640625,117.97119140625,92.69571940104167,high
107.364013671875,111.0224609375,123.3583984375,113.91495768229167,high
95.6376953125,127.786376953125,154.358154296875,125.92740885416667,high
87.77294921875,46.31591796875,31.1240234375,55.070963541666664,high
30.643310546875,29.296142578125,29.983642578125,29.974365234375,high
120.987548828125,107.5322265625,73.77783203125,100.765869140625,high
32.229248046875,28.178955078125,26.62060546875,29.009602864583332,high
45.22705078125,45.22705078125,45.22705078125,45.22705078125,high
41.924560546875,19.6923828125,11.0322265625,24.216389973958332,high
49.541748046875,46.516357421875,36.841796875,44.299967447916664,high
41.53271484375,43.309326171875,41.631103515625,42.15771484375,high
71.526123046875,60.996337890625,49.275146484375,60.599202473958336,high
100.594482421875,102.3828125,105.039306640625,102.67220052083333,high
61.286376953125,32.7294921875,19.168701171875,37.728190104166664,high
73.5595703125,66.1083984375,64.7216796875,68.1298828125,high
43.31689453125,40.49609375,39.59912109375,41.137369791666664,high
76.354248046875,85.04736328125,65.6201171875,75.67390950520833,high
105.920654296875,100.201416015625,106.24072265625,104.12093098958333,high
26.4931640625,32.99560546875,34.959228515625,31.482666015625,high
58.74072265625,48.6689453125,42.20458984375,49.871419270833336,high
66.81201171875,73.24365234375,78.75341796875,72.93636067708333,high
42.352294921875,42.356201171875,42.346435546875,42.351643880208336,high
80.56689453125,59.75439453125,47.908935546875,62.743408203125,high
92.42333984375,89.72119140625,83.9560546875,88.7001953125,high
81.912353515625,61.193603515625,43.856201171875,62.320719401041664,high
49.155517578125,36.553955078125,32.93896484375,39.549479166666664,high
115.871826171875,110.7333984375,90.71875,105.774658203125,high
51.9794921875,51.9794921875,51.978271484375,51.979085286458336,high
29.139892578125,24.224853515625,25.53466796875,26.2998046875,high
84.239990234375,73.7890625,76.61328125,78.214111328125,high
13.781005859375,21.833251953125,19.778564453125,18.464274088541668,high
90.01904296875,90.01904296875,90.01904296875,90.01904296875,high
188.0771484375,170.512451171875,156.42236328125,171.670654296875,high
73.34912109375,48.585205078125,30.1513671875,50.695231119791664,high
92.15185546875,92.15185546875,92.039794921875,92.114501953125,high
155.488525390625,166.988037109375,143.2412109375,155.2392578125,high
69.893798828125,62.64794921875,51.443115234375,61.328287760416664,high
46.409423828125,41.7158203125,46.0703125,44.731852213541664,high
29.676025390625,21.265625,9.659912109375,20.200520833333332,high
19.607666015625,20.0546875,28.39404296875,22.685465494791668,high
78.1337890625,73.2783203125,58.995849609375,70.135986328125,high
41.52099609375,41.52099609375,41.526611328125,41.522867838541664,high
110.40869140625,79.385986328125,36.561767578125,75.4521484375,high
162.3154296875,145.029541015625,132.9365234375,146.760498046875,high
68.337158203125,61.6494140625,63.17138671875,64.385986328125,high
61.084716796875,61.877685546875,61.957763671875,61.640055338541664,high
51.4404296875,46.1904296875,45.141357421875,47.590738932291664,high
104.939453125,124.718505859375,125.378662109375,118.34554036458333,high
95.592041015625,95.625244140625,94.730712890625,95.31599934895833,high
71.795654296875,79.365478515625,81.714111328125,77.62508138020833,high
27.8271484375,31.630615234375,33.980224609375,31.14599609375,high
94.8232421875,94.8232421875,94.8232421875,94.8232421875,high
97.554931640625,97.554931640625,97.554931640625,97.554931640625,high
64.623046875,59.865234375,65.73193359375,63.40673828125,high
36.362060546875,41.25390625,41.568115234375,39.72802734375,high
62.31787109375,69.3994140625,69.713134765625,67.14347330729167,high
82.6611328125,53.963623046875,31.17822265625,55.934326171875,high
25.01513671875,65.617919921875,93.797607421875,61.476888020833336,high
87.769775390625,80.900634765625,77.36474609375,82.01171875,high
150.518310546875,148.98193359375,139.364990234375,146.28841145833334,high
97.62841796875,89.435791015625,79.670654296875,88.91162109375,high
117.845947265625,117.845947265625,117.845947265625,117.845947265625,high
112.083251953125,104.0986328125,94.473388671875,103.5517578125,high
62.064697265625,69.65869140625,66.366943359375,66.03011067708333,high
76.734619140625,77.136962890625,68.907958984375,74.25984700520833,high
37.683837890625,26.609130859375,20.45947265625,28.250813802083332,high
43.13232421875,43.13232421875,43.13232421875,43.13232421875,high
88.491455078125,88.491455078125,88.491455078125,88.491455078125,high
65.694091796875,90.703125,97.845703125,84.74763997395833,high
57.68798828125,54.47509765625,53.186279296875,55.116455078125,high
43.02099609375,44.078369140625,41.9521484375,43.017171223958336,high
47.371337890625,33.680419921875,26.310791015625,35.787516276041664,high
44.640380859375,44.640380859375,44.640380859375,44.640380859375,high
88.15673828125,85.333984375,74.69775390625,82.7294921875,high
35.85888671875,31.426025390625,31.082763671875,32.789225260416664,high
141.77880859375,141.843017578125,138.010986328125,140.54427083333334,high
40.177978515625,26.25732421875,25.554931640625,30.663411458333332,high
91.83056640625,79.867919921875,72.7685546875,81.489013671875,high
21.612060546875,23.2685546875,29.565673828125,24.8154296875,high
126.818359375,87.44970703125,25.88232421875,80.05013020833333,high
32.069091796875,18.3369140625,9.370849609375,19.925618489583332,high
120.411376953125,82.7099609375,66.91845703125,90.01326497395833,high
78.954833984375,78.954833984375,78.954833984375,78.954833984375,high
56.952880859375,56.95947265625,56.956787109375,56.956380208333336,high
97.2158203125,74.635986328125,55.8291015625,75.89363606770833,high
134.121337890625,134.121337890625,134.121337890625,134.121337890625,high
141.999755859375,130.822021484375,126.27880859375,133.03352864583334,high
118.948486328125,144.817138671875,158.907470703125,140.89103190104166,high
62.518798828125,56.5927734375,56.132568359375,58.414713541666664,high
65.610595703125,33.307373046875,20.71435546875,39.87744140625,high
50.91845703125,38.786376953125,32.036865234375,40.58056640625,high
34.045166015625,28.786376953125,26.45166015625,29.761067708333332,high
71.033203125,60.767822265625,49.406005859375,60.40234375,high
110.333251953125,110.333251953125,110.333251953125,110.333251953125,high
76.53369140625,61.807373046875,40.56640625,59.635823567708336,high
83.032470703125,83.032470703125,83.032470703125,83.032470703125,high
48.09326171875,48.6279296875,52.424560546875,49.715250651041664,high
30.489013671875,32.531494140625,38.3330078125,33.784505208333336,high
35.3798828125,64.33251953125,78.74853515625,59.486979166666664,high
108.359130859375,107.718994140625,93.005615234375,103.02791341145833,high
149.4140625,142.35791015625,129.092529296875,140.28816731770834,high
51.02001953125,51.02001953125,51.02001953125,51.02001953125,high
27.582763671875,29.201171875,22.803955078125,26.529296875,high
49.798583984375,45.642578125,42.764892578125,46.068684895833336,high
39.55810546875,29.685302734375,25.349609375,31.531005859375,high
28.779296875,30.65869140625,38.744140625,32.727376302083336,high
30.358642578125,25.57568359375,31.568359375,29.167561848958332,high
68.469970703125,58.817626953125,50.986083984375,59.424560546875,high
75.9990234375,75.9990234375,75.9990234375,75.9990234375,high
22.504638671875,17.27978515625,17.156005859375,18.980143229166668,high
62.489501953125,56.023193359375,52.257568359375,56.923421223958336,high
59.525146484375,44.516845703125,32.80712890625,45.616373697916664,high
90.918701171875,90.918701171875,90.918701171875,90.918701171875,high
59.565673828125,40.490966796875,38.0439453125,46.033528645833336,high
36.532470703125,36.532470703125,36.532470703125,36.532470703125,high
65.072509765625,57.12548828125,53.521728515625,58.5732421875,high
63.955810546875,61.084228515625,47.817138671875,57.619059244791664,high
43.46044921875,32.95166015625,34.176513671875,36.862874348958336,high
40.925537109375,40.925537109375,40.925537109375,40.925537109375,high
21.3505859375,24.126708984375,24.19970703125,23.225667317708332,high
115.86376953125,107.688720703125,95.35009765625,106.30086263020833,high
63.808349609375,63.808349609375,63.808349609375,63.808349609375,high
100.312255859375,78.67919921875,64.2822265625,81.09122721354167,high
126.51025390625,126.421142578125,120.224365234375,124.38525390625,high
40.6259765625,40.6259765625,40.6259765625,40.6259765625,high
92.602294921875,92.602294921875,92.602294921875,92.602294921875,high
51.90625,54.952880859375,57.58935546875,54.816162109375,high
44.591064453125,51.78125,60.810302734375,52.394205729166664,high
29.0869140625,24.32666015625,25.307861328125,26.240478515625,high
139.321044921875,139.321044921875,139.321044921875,139.321044921875,high
28.404052734375,18.88427734375,19.085693359375,22.124674479166668,high
90.95654296875,90.95654296875,90.95654296875,90.95654296875,high
66.56494140625,66.56494140625,66.56494140625,66.56494140625,high
36.974609375,33.888671875,33.84033203125,34.901204427083336,high
8.259521484375,4.217041015625,7.021484375,6.499348958333333,high
156.24609375,157.7490234375,154.520751953125,156.17195638020834,high
21.414306640625,21.414306640625,21.414306640625,21.414306640625,high
61.443359375,38.564208984375,27.95556640625,42.654378255208336,high
199.615234375,195.74365234375,193.4814453125,196.28011067708334,high
91.200439453125,47.769287109375,20.51123046875,53.160319010416664,high
5.492919921875,11.372314453125,46.580810546875,21.148681640625,high
37.694580078125,29.007568359375,19.295166015625,28.665771484375,high
108.889404296875,78.7685546875,36.8505859375,74.836181640625,high
55.078125,59.5224609375,62.482177734375,59.027587890625,high
57.19482421875,56.540283203125,56.030517578125,56.588541666666664,high
49.5126953125,49.5126953125,49.5126953125,49.5126953125,high
99.775634765625,117.183349609375,110.024658203125,108.99454752604167,high
32.67431640625,32.67431640625,32.67431640625,32.67431640625,high
25.955322265625,27.104736328125,36.871826171875,29.977294921875,high
88.522216796875,88.522216796875,88.522216796875,88.522216796875,high
36.066162109375,32.686279296875,32.862060546875,33.871500651041664,high
6.487548828125,6.3115234375,5.494140625,6.097737630208333,high
155.8056640625,150.83984375,144.904296875,150.5166015625,high
113.1875,113.1875,113.1875,113.1875,high
111.830810546875,105.306396484375,98.33203125,105.15641276041667,high
42.94140625,33.804443359375,29.876953125,35.540934244791664,high
110.143310546875,119.633056640625,126.05419921875,118.61018880208333,high
77.404541015625,77.404541015625,77.404541015625,77.404541015625,high
60.947265625,15.222900390625,9.268310546875,28.4794921875,high
72.098388671875,72.098388671875,72.098388671875,72.098388671875,high
48.16845703125,48.16845703125,48.16845703125,48.16845703125,high
35.907958984375,35.907958984375,35.907958984375,35.907958984375,high
109.75146484375,79.593505859375,36.744140625,75.363037109375,high
76.319091796875,65.791259765625,55.579345703125,65.89656575520833,high
82.46875,51.815185546875,27.75146484375,54.011800130208336,high
84.97265625,88.956298828125,109.3623046875,94.430419921875,high
71.93505859375,71.93505859375,71.93505859375,71.93505859375,high
37.16748046875,31.928955078125,33.546630859375,34.21435546875,high
98.81396484375,89.813720703125,67.273193359375,85.30029296875,high
40.047119140625,39.2314453125,39.582763671875,39.620442708333336,high
42.629150390625,51.36962890625,54.40625,49.468343098958336,high
79.1123046875,67.645751953125,56.8291015625,67.86238606770833,high
80.18896484375,74.041259765625,72.550537109375,75.59358723958333,high
41.3046875,29.102783203125,20.447509765625,30.284993489583332,high
29.550537109375,27.6669921875,28.4755859375,28.564371744791668,high
51.17236328125,38.605712890625,30.951904296875,40.243326822916664,high
53.94677734375,34.368896484375,58.0654296875,48.793701171875,high
73.40380859375,73.40380859375,73.40380859375,73.40380859375,high
54.0986328125,54.0986328125,54.0986328125,54.0986328125,high
56.33154296875,56.33154296875,56.33154296875,56.33154296875,high
69.60986328125,59.748779296875,69.303955078125,66.22086588541667,high
48.77490234375,55.95751953125,54.255859375,52.99609375,high
90.698974609375,78.77392578125,72.2421875,80.57169596354167,high
73.447509765625,70.526123046875,70.9384765625,71.63736979166667,high
130.38671875,139.516845703125,138.524169921875,136.142578125,high
87.626953125,90.682373046875,92.565673828125,90.29166666666667,high
51.277099609375,48.131591796875,48.71875,49.375813802083336,high
60.12548828125,45.447021484375,35.8154296875,47.129313151041664,high
51.335205078125,51.335205078125,51.335205078125,51.335205078125,high
115.59765625,101.4951171875,99.607666015625,105.56681315104167,high
89.907470703125,89.907470703125,89.907470703125,89.907470703125,high
17.157958984375,23.605712890625,15.067138671875,18.610270182291668,high
34.587890625,38.866943359375,46.721923828125,40.058919270833336,high
124.9833984375,124.9833984375,124.9833984375,124.9833984375,high
30.85205078125,25.81591796875,23.62158203125,26.76318359375,high
67.19287109375,73.1298828125,68.234375,69.51904296875,high
71.258056640625,71.258056640625,71.258056640625,71.258056640625,high
92.525634765625,92.525634765625,92.525634765625,92.525634765625,high
53.0322265625,53.034423828125,53.02197265625,53.029541015625,high
134.794921875,160.00634765625,179.89892578125,158.2333984375,high
95.90087890625,95.902587890625,95.900146484375,95.90120442708333,high
97.342041015625,85.2197265625,78.9697265625,87.17716471354167,high
77.07177734375,65.8935546875,56.232666015625,66.39933268229167,high
76.1826171875,69.9404296875,75.2294921875,73.7841796875,high
99.968505859375,94.54443359375,63.1083984375,85.873779296875,high
81.368408203125,80.826416015625,73.376708984375,78.52384440104167,high
46.670654296875,40.091552734375,36.051513671875,40.937906901041664,high
133.973388671875,133.8642578125,131.73876953125,133.192138671875,high
98.229736328125,96.537353515625,72.32958984375,89.0322265625,high
74.78125,73.54345703125,71.864501953125,73.39640299479167,high
37.784423828125,20.108642578125,19.13134765625,25.6748046875,high
45.82421875,45.82421875,45.82421875,45.82421875,high
84.177734375,84.0810546875,86.95458984375,85.07112630208333,high
62.161376953125,67.89208984375,78.820068359375,69.62451171875,high
56.391357421875,56.445068359375,56.40087890625,56.412434895833336,high
75.93994140625,73.84326171875,65.064453125,71.61588541666667,high
42.826904296875,46.774658203125,46.7607421875,45.4541015625,high
152.903076171875,152.23486328125,145.67822265625,150.27205403645834,high
96.243408203125,90.27197265625,84.1904296875,90.23527018229167,high
17.720703125,16.320068359375,14.24365234375,16.094807942708332,high
59.5771484375,33.883544921875,18.742919921875,37.401204427083336,high
30.43212890625,29.116943359375,30.0712890625,29.873453776041668,high
33.01318359375,36.607421875,40.416748046875,36.679117838541664,high
49.17822265625,59.8935546875,56.1201171875,55.06396484375,high
68.544189453125,68.544189453125,68.544189453125,68.544189453125,high
174.10205078125,149.67041015625,120.275634765625,148.01603190104166,high
10.357666015625,34.20166015625,55.528076171875,33.362467447916664,high
78.716552734375,99.37158203125,108.331298828125,95.47314453125,high
46.575927734375,46.576416015625,46.294677734375,46.482340494791664,high
94.769775390625,92.766845703125,83.4208984375,90.31917317708333,high
52.91455078125,59.65380859375,56.352783203125,56.307047526041664,high
153.591796875,147.841552734375,139.720703125,147.05135091145834,high
80.697021484375,80.697021484375,80.697021484375,80.697021484375,high
160.31201171875,150.367431640625,135.820068359375,148.83317057291666,high
24.6083984375,24.14453125,22.849609375,23.867513020833332,high
42.6298828125,49.798095703125,34.349853515625,42.25927734375,high
81.465087890625,83.68994140625,83.788818359375,82.98128255208333,high
90.53759765625,72.571044921875,57.584716796875,73.564453125,high
144.880859375,144.880859375,144.779052734375,144.846923828125,high
27.808837890625,21.39306640625,22.837158203125,24.013020833333332,high
76.4541015625,83.375,88.936767578125,82.92195638020833,high
54.227294921875,37.6533203125,27.404296875,39.761637369791664,high
82.438232421875,53.373291015625,30.53759765625,55.44970703125,high
139.593017578125,130.29736328125,125.949462890625,131.94661458333334,high
28.6787109375,22.3125,17.620849609375,22.870686848958332,high
47.13916015625,42.068359375,32.006103515625,40.404541015625,high
48.195068359375,46.250244140625,49.15966796875,47.868326822916664,high
201.175537109375,188.71826171875,182.9892578125,190.96101888020834,high
36.470458984375,35.58056640625,33.789306640625,35.280110677083336,high
60.5341796875,41.49658203125,26.776123046875,42.935628255208336,high
25.6533203125,28.205810546875,32.403076171875,28.754069010416668,high
64.568115234375,56.457763671875,41.9091796875,54.311686197916664,high
75.919921875,56.855712890625,30.7666015625,54.514078776041664,high
36.65869140625,36.65869140625,36.65869140625,36.65869140625,high
59.81787109375,54.0595703125,53.365234375,55.74755859375,high
25.66650390625,24.60009765625,23.200927734375,24.489176432291668,high
16.265625,24.260986328125,36.346923828125,25.62451171875,high
70.314697265625,33.432373046875,23.518310546875,42.421793619791664,high
60.80126953125,68.02587890625,67.0859375,65.30436197916667,high
94.787353515625,94.86328125,93.840087890625,94.49690755208333,high
77.631103515625,73.178955078125,72.61474609375,74.47493489583333,high
106.625244140625,107.90380859375,105.464599609375,106.66455078125,high
4.707275390625,28.458251953125,48.11083984375,27.092122395833332,high
19.08837890625,19.08837890625,19.08837890625,19.08837890625,high
100.98291015625,88.45751953125,74.781982421875,88.07413736979167,high
34.62646484375,49.864013671875,65.623046875,50.037841796875,high
34.2490234375,35.041259765625,43.478759765625,37.589680989583336,high
13.759765625,13.83447265625,13.69287109375,13.762369791666666,high
107.790771484375,97.374755859375,94.608154296875,99.924560546875,high
54.88818359375,40.215576171875,29.952880859375,41.685546875,high
91.26318359375,87.238037109375,78.357421875,85.61954752604167,high
45.642578125,44.788818359375,43.713623046875,44.715006510416664,high
55.431884765625,64.60302734375,62.431640625,60.822184244791664,high
125.17822265625,150.7822265625,165.109619140625,147.02335611979166,high
25.084228515625,35.645263671875,40.330810546875,33.686767578125,high
208.637451171875,205.36767578125,202.257080078125,205.42073567708334,high
82.963134765625,81.870361328125,86.479248046875,83.77091471354167,high
53.905029296875,53.905029296875,53.905029296875,53.905029296875,high
107.097900390625,63.24755859375,43.29052734375,71.21199544270833,high
77.996826171875,70.7470703125,62.906982421875,70.55029296875,high
116.53759765625,116.53759765625,116.53759765625,116.53759765625,high
66.03173828125,52.4580078125,46.36328125,54.951009114583336,high
32.083740234375,25.32080078125,24.654296875,27.352945963541668,high
81.47119140625,80.47998046875,80.6376953125,80.86295572916667,high
69.607421875,59.872802734375,70.02978515625,66.50333658854167,high
94.715576171875,92.016357421875,73.705810546875,86.81258138020833,high
82.255615234375,56.042236328125,41.11279296875,59.803548177083336,high
102.529541015625,99.67236328125,93.422119140625,98.54134114583333,high
35.76123046875,35.76123046875,35.76123046875,35.76123046875,high
124.046875,126.269287109375,124.133544921875,124.81656901041667,high
60.548095703125,67.6171875,64.261474609375,64.14225260416667,high
63.637939453125,71.40771484375,76.0439453125,70.36319986979167,high
67.559814453125,58.44775390625,50.177490234375,58.728352864583336,high
74.9208984375,61.147216796875,50.8955078125,62.321207682291664,high
2.601318359375,4.625,9.7431640625,5.656494140625,high
87.76171875,86.85400390625,67.267822265625,80.62784830729167,high
85.873291015625,90.869384765625,95.827392578125,90.856689453125,high
56.002685546875,55.38916015625,55.69921875,55.697021484375,high
49.76123046875,45.5986328125,47.3671875,47.57568359375,high
43.439453125,57.541015625,67.3662109375,56.115559895833336,high
29.297119140625,29.297119140625,29.297119140625,29.297119140625,high
50.916748046875,62.447509765625,65.859130859375,59.741129557291664,high
121.615478515625,100.711669921875,86.358642578125,102.895263671875,high
9.437255859375,4.89013671875,9.373046875,7.900146484375,high
134.36865234375,134.070068359375,136.052978515625,134.83056640625,high
191.975830078125,81.4326171875,28.442626953125,100.61702473958333,high
35.70556640625,35.70556640625,35.70556640625,35.70556640625,high
21.479248046875,18.814697265625,22.725830078125,21.006591796875,high
53.723388671875,53.723388671875,53.723388671875,53.723388671875,high
19.805908203125,14.163330078125,11.4833984375,15.15087890625,high
76.849365234375,61.402587890625,50.28759765625,62.846516927083336,high
132.760498046875,127.86865234375,124.947265625,128.52547200520834,high
84.378662109375,87.81298828125,83.69970703125,85.297119140625,high
147.722900390625,108.70849609375,82.727294921875,113.05289713541667,high
35.795166015625,35.39208984375,33.2841796875,34.823811848958336,high
190.74853515625,166.661376953125,164.23876953125,173.88289388020834,high
47.662109375,47.662109375,47.662109375,47.662109375,high
51.62841796875,51.62841796875,51.62841796875,51.62841796875,high
19.18115234375,20.98291015625,21.551513671875,20.571858723958332,high
15.86279296875,24.16015625,22.99267578125,21.005208333333332,high
94.484375,94.484375,94.484375,94.484375,high
71.372802734375,38.204345703125,35.425537109375,48.334228515625,high
59.585205078125,59.585205078125,59.585205078125,59.585205078125,high
61.046142578125,55.594482421875,55.152099609375,57.264241536458336,high
48.73193359375,43.158203125,41.528564453125,44.472900390625,high
94.976318359375,89.724609375,81.30517578125,88.668701171875,high
95.877685546875,95.877685546875,95.877685546875,95.877685546875,high
74.045654296875,74.180419921875,73.98974609375,74.07194010416667,high
78.886474609375,78.886474609375,78.886474609375,78.886474609375,high
86.329833984375,88.33447265625,85.273681640625,86.64599609375,high
245.34228515625,241.14453125,240.19921875,242.22867838541666,high
113.95947265625,113.95947265625,113.998779296875,113.97257486979167,high
34.68505859375,31.387451171875,30.810546875,32.294352213541664,high
15.82080078125,15.82080078125,15.82080078125,15.82080078125,high
125.2958984375,114.32763671875,103.826904296875,114.48347981770833,high
70.462158203125,78.591796875,90.510498046875,79.85481770833333,high
63.29736328125,71.086181640625,67.635498046875,67.33968098958333,high
48.94580078125,50.226806640625,51.71923828125,50.297281901041664,high
21.899169921875,18.365234375,17.0126953125,19.092366536458332,high
106.66015625,120.90087890625,126.9697265625,118.17692057291667,high
88.748046875,88.748046875,88.748046875,88.748046875,high
59.751220703125,68.102783203125,57.985595703125,61.946533203125,high
32.437255859375,25.87060546875,23.912353515625,27.40673828125,high
17.139892578125,13.066162109375,16.25927734375,15.488444010416666,high
45.054443359375,32.50634765625,29.410888671875,35.6572265625,high
49.404052734375,34.8271484375,27.316650390625,37.1826171875,high
157.480224609375,129.37548828125,100.228515625,129.028076171875,high
124.798095703125,119.218505859375,111.08544921875,118.36735026041667,high
41.234130859375,34.420654296875,34.530517578125,36.728434244791664,high
33.70703125,53.32861328125,66.351318359375,51.128987630208336,high
62.159912109375,44.40283203125,46.22314453125,50.928629557291664,high
160.6787109375,108.12890625,61.89453125,110.23404947916667,high
50.7255859375,45.9970703125,35.623046875,44.115234375,high
57.795654296875,53.412841796875,48.7333984375,53.31396484375,high
66.15380859375,66.15380859375,66.15380859375,66.15380859375,high
63.3046875,69.572265625,69.307861328125,67.39493815104167,high
60.815185546875,50.870849609375,45.396728515625,52.360921223958336,high
39.70849609375,52.362548828125,65.261962890625,52.4443359375,high
29.489990234375,40.955078125,54.25244140625,41.565836588541664,high
62.57080078125,60.493896484375,51.916748046875,58.3271484375,high
66.820556640625,60.096923828125,54.304931640625,60.407470703125,high
55.10693359375,55.10693359375,55.10693359375,55.10693359375,high
62.08935546875,52.355224609375,50.655029296875,55.033203125,high
83.767333984375,78.7177734375,73.38330078125,78.622802734375,high
36.689208984375,36.591796875,34.75927734375,36.013427734375,high
58.099609375,55.31689453125,58.153076171875,57.189860026041664,high
59.72802734375,46.546630859375,40.419189453125,48.89794921875,high
70.8505859375,70.8505859375,70.8505859375,70.8505859375,high
52.78173828125,56.509033203125,59.7490234375,56.346598307291664,high
84.86962890625,98.31640625,83.873779296875,89.01993815104167,high
24.37646484375,24.86474609375,33.97802734375,27.73974609375,high
88.522216796875,44.2587890625,24.041748046875,52.274251302083336,high
9.740234375,5.80908203125,10.83544921875,8.794921875,high
88.786376953125,89.531982421875,87.58349609375,88.63395182291667,high
39.9580078125,44.808837890625,54.626953125,46.464599609375,high
74.392822265625,78.350341796875,81.36474609375,78.03597005208333,high
64.662841796875,66.97314453125,47.517578125,59.717854817708336,high
57.1103515625,57.1103515625,57.1103515625,57.1103515625,high
60.466552734375,62.1591796875,65.876220703125,62.833984375,high
43.996826171875,40.857666015625,40.82373046875,41.892740885416664,high
240.415771484375,218.009521484375,217.110107421875,225.178466796875,high
59.763671875,44.370361328125,34.646728515625,46.26025390625,high
58.78857421875,49.26025390625,42.012939453125,50.020589192708336,high
56.910400390625,56.910400390625,56.910400390625,56.910400390625,high
88.788818359375,88.788818359375,88.788818359375,88.788818359375,high
90.223876953125,68.03173828125,51.650146484375,69.96858723958333,high
27.283203125,21.621337890625,21.33447265625,23.413004557291668,high
136.182373046875,121.1689453125,104.65869140625,120.67000325520833,high
118.218017578125,118.218017578125,118.218017578125,118.218017578125,high
21.800537109375,25.136962890625,20.439697265625,22.459065755208332,high
54.048095703125,66.75537109375,71.748779296875,64.18408203125,high
58.1181640625,46.848876953125,38.452392578125,47.806477864583336,high
64.74365234375,45.773193359375,37.67333984375,49.396728515625,high
63.404541015625,63.404541015625,63.404541015625,63.404541015625,high
183.745849609375,174.36376953125,179.1591796875,179.089599609375,high
63.48583984375,57.042236328125,50.28759765625,56.938557942708336,high
59.46630859375,70.3408203125,72.07666015625,67.29459635416667,high
20.683837890625,34.1875,33.0234375,29.298258463541668,high
50.416748046875,45.736083984375,36.081298828125,44.078043619791664,high
33.191162109375,33.191162109375,33.191162109375,33.191162109375,high
42.83056640625,37.87939453125,36.137939453125,38.949300130208336,high
83.7353515625,100.48779296875,111.9033203125,98.70882161458333,high
119.34423828125,131.989990234375,152.651611328125,134.66194661458334,high
58.401123046875,60.26904296875,67.185302734375,61.951822916666664,high
39.420166015625,39.420166015625,39.420166015625,39.420166015625,high
95.714111328125,115.82763671875,147.025390625,119.52237955729167,high
13.04736328125,16.105224609375,25.42724609375,18.193277994791668,high
17.017578125,10.174560546875,12.18017578125,13.124104817708334,high
96.54736328125,97.720458984375,90.309326171875,94.85904947916667,high
27.58203125,21.271484375,22.7294921875,23.861002604166668,high
124.904052734375,124.49755859375,118.882080078125,122.76123046875,high
70.504638671875,60.236083984375,49.052001953125,59.930908203125,high
54.56103515625,37.788818359375,23.388916015625,38.57958984375,high
45.247802734375,39.71484375,37.842041015625,40.934895833333336,high
74.06103515625,74.06103515625,74.06103515625,74.06103515625,high
38.46240234375,34.5703125,32.20458984375,35.0791015625,high
87.3740234375,87.3740234375,87.3740234375,87.3740234375,high
57.55419921875,49.37109375,35.81201171875,47.5791015625,high
72.338623046875,76.275390625,60.400146484375,69.67138671875,high
69.110107421875,55.411376953125,50.926025390625,58.482503255208336,high
57.171142578125,51.641845703125,32.769775390625,47.194254557291664,high
54.9775390625,48.74169921875,42.608154296875,48.775797526041664,high
37.22216796875,33.408935546875,27.42724609375,32.686116536458336,high
97.096435546875,88.622314453125,91.263671875,92.32747395833333,high
74.54638671875,75.7197265625,51.60693359375,67.291015625,high
87.044677734375,77.140625,76.160888671875,80.11539713541667,high
132.925048828125,124.61865234375,117.4248046875,124.989501953125,high
106.462646484375,106.462646484375,106.462646484375,106.462646484375,high
107.71337890625,107.71337890625,107.71337890625,107.71337890625,high
97.368896484375,97.369873046875,95.37890625,96.70589192708333,high
54.75732421875,66.25,74.8857421875,65.29768880208333,high
55.881103515625,55.881103515625,55.881103515625,55.881103515625,high
57.9794921875,59.1181640625,57.548583984375,58.215413411458336,high
123.357666015625,109.041748046875,108.364501953125,113.58797200520833,high
89.773681640625,89.773681640625,89.77685546875,89.77473958333333,high
49.0751953125,37.937744140625,30.747802734375,39.253580729166664,high
88.2998046875,91.968994140625,81.041015625,87.103271484375,high
90.889404296875,90.889404296875,90.889404296875,90.889404296875,high
41.818603515625,36.21044921875,32.007080078125,36.6787109375,high
67.32080078125,67.351806640625,67.334228515625,67.33561197916667,high
73.87255859375,73.87255859375,73.87255859375,73.87255859375,high
85.5146484375,85.5146484375,85.5146484375,85.5146484375,high
40.948486328125,34.33251953125,31.022216796875,35.434407552083336,high
61.099853515625,43.05322265625,31.527099609375,45.226725260416664,high
16.697998046875,17.393798828125,26.001953125,20.03125,high
107.34228515625,96.133544921875,77.096923828125,93.52425130208333,high
157.699951171875,155.174560546875,151.067626953125,154.64737955729166,high
55.224365234375,48.28857421875,50.9267578125,51.479899088541664,high
31.521240234375,35.5908203125,21.624755859375,29.578938802083332,high
21.76513671875,21.76513671875,21.76513671875,21.76513671875,high
34.864990234375,24.3232421875,24.68603515625,27.958089192708332,high
53.0546875,39.438720703125,30.6337890625,41.042399088541664,high
74.31005859375,71.27978515625,71.443359375,72.34440104166667,high
58.778076171875,57.45361328125,55.443603515625,57.22509765625,high
45.805908203125,57.573486328125,54.671142578125,52.683512369791664,high
132.215576171875,132.215576171875,132.215576171875,132.215576171875,high
73.17138671875,67.039794921875,59.935302734375,66.71549479166667,high
140.83984375,166.802734375,186.443603515625,164.69539388020834,high
46.9443359375,46.9443359375,46.9443359375,46.9443359375,high
53.576904296875,53.576904296875,53.576904296875,53.576904296875,high
108.02880859375,96.432373046875,77.78271484375,94.081298828125,high
104.23486328125,104.23486328125,104.23486328125,104.23486328125,high
49.61376953125,47.22412109375,42.21875,46.352213541666664,high
148.9150390625,148.53662109375,132.37158203125,143.2744140625,high
120.967041015625,115.677490234375,109.430419921875,115.35831705729167,high
82.029296875,89.30078125,91.23779296875,87.52262369791667,high
72.159912109375,69.58544921875,71.27197265625,71.00577799479167,high
22.9541015625,16.40625,6.349609375,15.236653645833334,high
52.815185546875,76.052978515625,94.517333984375,74.46183268229167,high
129.654052734375,93.7041015625,64.10107421875,95.81974283854167,high
130.109375,125.82080078125,111.7119140625,122.54736328125,high
62.818603515625,60.6728515625,53.305908203125,58.932454427083336,high
94.892822265625,96.055419921875,93.6826171875,94.876953125,high
49.783935546875,49.783935546875,49.783935546875,49.783935546875,high
43.03564453125,43.03564453125,43.03564453125,43.03564453125,high
75.67138671875,66.7216796875,61.86328125,68.08544921875,high
37.8681640625,32.134765625,30.34912109375,33.45068359375,high
86.953857421875,87.587890625,90.84765625,88.463134765625,high
38.999267578125,26.348876953125,22.167236328125,29.171793619791668,high
111.599853515625,104.14453125,83.436767578125,99.72705078125,high
46.86328125,46.86328125,46.862060546875,46.862874348958336,high
89.71533203125,89.714111328125,89.714599609375,89.71468098958333,high
28.3291015625,29.989013671875,30.531494140625,29.616536458333332,high
108.28759765625,102.35791015625,103.464111328125,104.70320638020833,high
139.747802734375,150.330322265625,139.98388671875,143.35400390625,high
42.8798828125,42.6787109375,44.42626953125,43.328287760416664,high
58.34423828125,40.7138671875,25.205078125,41.421061197916664,high
67.927978515625,64.268798828125,57.742919921875,63.313232421875,high
43.55615234375,34.060546875,30.82373046875,36.146809895833336,high
39.67822265625,27.809814453125,24.139404296875,30.54248046875,high
63.449462890625,62.211669921875,56.748291015625,60.803141276041664,high
43.386474609375,43.949951171875,42.785888671875,43.374104817708336,high
60.7041015625,55.8525390625,50.652099609375,55.736246744791664,high
20.788818359375,20.096923828125,29.15869140625,23.34814453125,high
93.54833984375,81.73388671875,70.89404296875,82.05875651041667,high
50.65380859375,50.65380859375,50.65380859375,50.65380859375,high
63.9873046875,33.90869140625,18.956298828125,38.950764973958336,high
56.1494140625,56.1494140625,55.5810546875,55.9599609375,high
69.814208984375,61.71630859375,54.276611328125,61.935709635416664,high
90.722900390625,90.722900390625,90.722900390625,90.722900390625,high
34.360107421875,34.360107421875,34.360107421875,34.360107421875,high
56.749267578125,59.979248046875,62.285888671875,59.671468098958336,high
25.26806640625,25.911376953125,34.812744140625,28.6640625,high
35.152587890625,16.438232421875,10.0,20.5302734375,high
50.951171875,35.77734375,30.79833984375,39.175618489583336,high
58.08642578125,38.510009765625,30.18994140625,42.262125651041664,high
92.20849609375,81.654541015625,71.1591796875,81.674072265625,high
131.82080078125,140.281494140625,138.60400390625,136.902099609375,high
91.016845703125,91.016845703125,91.016845703125,91.016845703125,high
32.2685546875,42.3115234375,53.140625,42.573567708333336,high
43.90869140625,37.173095703125,32.56005859375,37.880615234375,high
67.00634765625,47.954345703125,26.947998046875,47.302897135416664,high
55.87353515625,55.875,55.231689453125,55.660074869791664,high
43.611572265625,37.4189453125,33.728759765625,38.253092447916664,high
86.06201171875,86.064697265625,86.063232421875,86.06331380208333,high
98.07763671875,91.4794921875,89.40966796875,92.98893229166667,high
98.257568359375,73.216064453125,52.765625,74.74641927083333,high
78.225830078125,62.129150390625,50.049560546875,63.468180338541664,high
41.9326171875,42.31494140625,41.260986328125,41.836181640625,high
95.66259765625,98.696533203125,79.840087890625,91.39973958333333,high
72.744140625,62.973388671875,72.35595703125,69.35782877604167,high
100.77685546875,100.715576171875,85.35888671875,95.61710611979167,high
31.983642578125,31.983642578125,31.983642578125,31.983642578125,high
46.84912109375,44.154052734375,41.842041015625,44.28173828125,high
24.767822265625,18.099853515625,30.60986328125,24.492513020833332,high
41.859130859375,29.267822265625,20.322021484375,30.482991536458332,high
77.697998046875,77.7001953125,76.825439453125,77.40787760416667,high
143.861572265625,135.24365234375,136.302001953125,138.46907552083334,high
63.51904296875,42.94677734375,34.84033203125,47.10205078125,high
99.064208984375,99.601318359375,78.23388671875,92.2998046875,high
13.71630859375,22.002685546875,33.652099609375,23.123697916666668,high
103.133056640625,101.791259765625,90.791748046875,98.572021484375,high
40.155029296875,40.155029296875,39.908447265625,40.072835286458336,high
82.250244140625,78.118896484375,68.069580078125,76.146240234375,high
147.611328125,138.419921875,136.318115234375,140.78312174479166,high
45.992919921875,29.6123046875,23.630615234375,33.07861328125,high
68.864990234375,75.95947265625,86.229248046875,77.01790364583333,high
34.591552734375,36.3310546875,42.9990234375,37.973876953125,high
107.145263671875,105.070068359375,89.15869140625,100.4580078125,high
70.52685546875,65.1474609375,48.775390625,61.483235677083336,high
68.31298828125,65.109375,60.08837890625,64.50358072916667,high
50.401123046875,44.037353515625,46.970947265625,47.136474609375,high
61.542236328125,51.3232421875,47.205078125,53.356852213541664,high
58.056884765625,58.056884765625,58.056884765625,58.056884765625,high
141.60693359375,132.320068359375,124.265380859375,132.73079427083334,high
31.040771484375,31.005615234375,27.23486328125,29.760416666666668,high
173.466064453125,171.02197265625,169.2294921875,171.23917643229166,high
64.503173828125,64.577392578125,64.421142578125,64.50056966145833,high
115.849853515625,94.07568359375,67.568359375,92.49796549479167,high
49.039794921875,49.039794921875,49.039794921875,49.039794921875,high
92.008544921875,92.008544921875,92.008544921875,92.008544921875,high
52.54150390625,40.4541015625,38.3134765625,43.769694010416664,high
35.64892578125,39.81298828125,46.300537109375,40.587483723958336,high
169.474853515625,166.465576171875,159.94580078125,165.29541015625,high
59.28125,46.0244140625,25.578125,43.6279296875,high
32.078125,29.71630859375,30.80810546875,30.867513020833332,high
153.3388671875,143.1201171875,116.642822265625,137.70060221354166,high
14.203125,14.20654296875,14.142333984375,14.184000651041666,high
56.74658203125,47.471435546875,40.506103515625,48.241373697916664,high
63.621337890625,63.31005859375,59.215576171875,62.048990885416664,high
56.23486328125,54.895751953125,54.755615234375,55.29541015625,high
34.513916015625,16.222900390625,9.825927734375,20.187581380208332,high
67.169189453125,58.973388671875,51.411865234375,59.184814453125,high
78.1376953125,53.537841796875,32.455322265625,54.710286458333336,high
74.1181640625,64.47412109375,74.694580078125,71.09562174479167,high
43.4658203125,43.4658203125,43.4658203125,43.4658203125,high
57.572509765625,50.45751953125,42.582275390625,50.2041015625,high
53.476318359375,48.983154296875,43.79541015625,48.751627604166664,high
64.5576171875,64.927734375,57.384521484375,62.289957682291664,high
107.39453125,96.080322265625,89.375732421875,97.61686197916667,high
57.802734375,57.802734375,57.26513671875,57.62353515625,high
75.25,56.589599609375,43.697998046875,58.512532552083336,high
88.4072265625,84.4306640625,68.513916015625,80.45060221354167,high
43.645263671875,43.645263671875,43.645263671875,43.645263671875,high
55.414794921875,34.85009765625,28.16748046875,39.477457682291664,high
36.101318359375,44.758544921875,49.387451171875,43.415771484375,high
39.81103515625,21.683349609375,12.79833984375,24.764241536458332,high
66.051025390625,62.024169921875,52.004638671875,60.026611328125,high
106.086669921875,106.086669921875,106.086669921875,106.086669921875,high
47.354736328125,54.3974609375,61.45849609375,54.403564453125,high
27.50341796875,29.937744140625,39.690673828125,32.377278645833336,high
57.73828125,51.072998046875,44.46923828125,51.093505859375,high
13.021484375,12.25927734375,9.228759765625,11.503173828125,high
54.60205078125,67.085205078125,71.80322265625,64.496826171875,high
46.416015625,33.436279296875,27.90576171875,35.919352213541664,high
125.91748046875,150.534912109375,162.308837890625,146.25374348958334,high
94.92822265625,80.419189453125,65.51904296875,80.288818359375,high
48.635498046875,46.54736328125,44.043701171875,46.408854166666664,high
139.344482421875,164.5,186.86865234375,163.571044921875,high
78.93798828125,42.428466796875,26.026611328125,49.131022135416664,high
51.279052734375,46.62158203125,47.975830078125,48.62548828125,high
98.8251953125,98.8251953125,98.8251953125,98.8251953125,high
110.034912109375,85.359130859375,59.147705078125,84.84724934895833,high
52.844482421875,34.2109375,19.337646484375,35.46435546875,high
80.788330078125,81.786865234375,83.63427734375,82.06982421875,high
35.03662109375,27.225341796875,27.80615234375,30.022705078125,high
77.773193359375,62.02197265625,39.135009765625,59.643391927083336,high
58.86474609375,41.686767578125,26.13525390625,42.228922526041664,high
148.669677734375,144.296630859375,137.428955078125,143.465087890625,high
82.718994140625,65.375,53.226318359375,67.10677083333333,high
65.477294921875,58.115478515625,51.432861328125,58.341878255208336,high
73.297119140625,68.084716796875,67.935302734375,69.77237955729167,high
82.19970703125,69.61474609375,58.55908203125,70.12451171875,high
62.90087890625,62.90087890625,62.90087890625,62.90087890625,high
20.34814453125,33.251708984375,47.883544921875,33.827799479166664,high
65.28759765625,57.308349609375,50.754150390625,57.783365885416664,high
50.085693359375,54.535400390625,53.986328125,52.869140625,high
48.996826171875,52.221435546875,55.92578125,52.38134765625,high
71.854736328125,71.854736328125,71.854736328125,71.854736328125,high
50.20947265625,50.20947265625,50.201904296875,50.206949869791664,high
54.82275390625,54.82275390625,54.82275390625,54.82275390625,high
46.013916015625,40.097900390625,35.85498046875,40.655598958333336,high
50.330810546875,43.480224609375,46.276123046875,46.695719401041664,high
82.23876953125,87.980224609375,89.872802734375,86.697265625,high
97.244384765625,101.6591796875,83.55712890625,94.153564453125,high
80.4482421875,78.390625,69.625244140625,76.15470377604167,high
74.08837890625,54.676025390625,49.952880859375,59.572428385416664,high
51.13916015625,46.5537109375,35.75439453125,44.482421875,high
77.510986328125,77.510986328125,77.510986328125,77.510986328125,high
55.08837890625,46.91943359375,36.535888671875,46.181233723958336,high
132.99609375,131.651123046875,116.398681640625,127.01529947916667,high
105.86279296875,124.1220703125,120.91552734375,116.966796875,high
52.82080078125,52.82080078125,52.82080078125,52.82080078125,high
52.6669921875,57.283203125,55.900634765625,55.283610026041664,high
186.0283203125,184.264892578125,169.43017578125,179.90779622395834,high
18.350830078125,18.80908203125,16.01611328125,17.725341796875,high
91.810791015625,91.810791015625,91.810791015625,91.810791015625,high
101.708984375,101.708984375,101.708984375,101.708984375,high
3.723876953125,5.027587890625,5.414306640625,4.721923828125,high
55.30810546875,46.448486328125,47.5966796875,49.784423828125,high
86.6591796875,92.44384765625,98.771484375,92.62483723958333,high
55.55712890625,44.293212890625,60.412353515625,53.4208984375,high
24.896484375,38.3544921875,48.75830078125,37.33642578125,high
97.388916015625,88.95263671875,101.838134765625,96.05989583333333,high
144.139892578125,133.873046875,121.19873046875,133.070556640625,high
89.3876953125,89.3876953125,89.3876953125,89.3876953125,high
52.034912109375,52.034912109375,52.034912109375,52.034912109375,high
45.222900390625,40.37353515625,38.84033203125,41.478922526041664,high
62.4052734375,56.40869140625,50.090576171875,56.301513671875,high
97.749755859375,73.2314453125,52.965087890625,74.64876302083333,high
24.802001953125,24.80419921875,24.670166015625,24.7587890625,high
31.13671875,31.13671875,31.13671875,31.13671875,high
55.4580078125,54.2451171875,58.543701171875,56.082275390625,high
65.62841796875,65.62841796875,65.62841796875,65.62841796875,high
76.46484375,32.43212890625,16.57080078125,41.822591145833336,high
33.580078125,33.745849609375,40.870849609375,36.065592447916664,high
37.034912109375,33.19140625,29.031982421875,33.086100260416664,high
66.340087890625,57.744384765625,53.291259765625,59.125244140625,high
26.67041015625,26.67041015625,26.67041015625,26.67041015625,high
48.80712890625,48.80712890625,48.39599609375,48.670084635416664,high
83.3759765625,70.9765625,68.30712890625,74.21988932291667,high
93.245361328125,94.15625,91.96337890625,93.12166341145833,high
49.1357421875,55.486572265625,60.368408203125,54.996907552083336,high
37.37060546875,20.043701171875,11.773681640625,23.062662760416668,high
75.83154296875,55.2421875,44.926513671875,58.666748046875,high
73.140869140625,58.12548828125,51.946533203125,61.070963541666664,high
102.0703125,76.359619140625,53.3828125,77.27091471354167,high
64.194580078125,64.20263671875,64.1796875,64.19230143229167,high
9.517333984375,8.3837890625,10.87353515625,9.591552734375,high
44.512939453125,23.30322265625,12.107177734375,26.64111328125,high
37.5224609375,29.134521484375,25.978515625,30.878499348958332,high
39.783935546875,46.932373046875,53.12744140625,46.614583333333336,high
65.923583984375,47.72607421875,42.002685546875,51.884114583333336,high
59.81640625,61.8115234375,58.615478515625,60.081136067708336,high
136.587646484375,120.316162109375,103.502197265625,120.13533528645833,high
48.734130859375,58.93408203125,66.68017578125,58.116129557291664,high
26.384521484375,18.83935546875,9.606201171875,18.276692708333332,high
27.94384765625,27.94482421875,27.7744140625,27.8876953125,high
79.9296875,79.9296875,79.9296875,79.9296875,high
142.01806640625,167.33544921875,169.44189453125,159.59847005208334,high
35.457763671875,29.23876953125,28.25,30.982177734375,high
62.429443359375,56.384765625,49.352783203125,56.0556640625,high
66.104248046875,56.514404296875,51.781005859375,58.133219401041664,high
179.097900390625,169.024169921875,156.042236328125,168.05476888020834,high
26.23876953125,24.225830078125,22.628662109375,24.364420572916668,high
25.1748046875,26.311279296875,26.920166015625,26.135416666666668,high
44.349609375,37.41552734375,34.416015625,38.72705078125,high
107.497802734375,101.701171875,93.19580078125,100.79825846354167,high
38.77978515625,38.77978515625,38.77978515625,38.77978515625,high
74.506103515625,59.758544921875,45.665771484375,59.976806640625,high
125.294921875,125.294921875,125.294921875,125.294921875,high
47.537353515625,45.5029296875,40.423095703125,44.48779296875,high
41.680908203125,41.680908203125,41.680908203125,41.680908203125,high
96.631591796875,93.7509765625,81.0400390625,90.47420247395833,high
61.906494140625,53.138427734375,62.893310546875,59.312744140625,high
89.22265625,74.781494140625,69.029296875,77.67781575520833,high
70.095458984375,59.75634765625,48.97119140625,59.607666015625,high
89.28271484375,89.28271484375,89.28271484375,89.28271484375,high
139.71142578125,116.345458984375,78.996337890625,111.68440755208333,high
84.79345703125,86.797607421875,83.69775390625,85.09627278645833,high
59.6650390625,59.66552734375,58.970703125,59.433756510416664,high
64.641357421875,65.240966796875,65.0380859375,64.97347005208333,high
18.326171875,32.655517578125,41.3447265625,30.775472005208332,high
20.689453125,20.689453125,20.68798828125,20.68896484375,high
104.8720703125,91.990478515625,75.99072265625,90.95109049479167,high
45.3837890625,44.393798828125,42.44091796875,44.072835286458336,high
106.50244140625,106.50244140625,106.50244140625,106.50244140625,high
21.141845703125,22.163818359375,32.21142578125,25.17236328125,high
53.8193359375,65.285400390625,73.687744140625,64.26416015625,high
18.182861328125,24.060791015625,28.531494140625,23.591715494791668,high
98.67578125,98.67578125,98.67578125,98.67578125,high
36.041015625,32.67724609375,33.415771484375,34.044677734375,high
52.79833984375,47.640380859375,46.620361328125,49.019694010416664,high
67.618896484375,67.618896484375,67.618896484375,67.618896484375,high
63.312255859375,59.81787109375,58.229736328125,60.453287760416664,high
51.833740234375,51.834716796875,51.835205078125,51.834554036458336,high
43.477783203125,46.951904296875,43.668212890625,44.699300130208336,high
52.20458984375,37.578369140625,23.94921875,37.910725911458336,high
80.734130859375,71.435791015625,60.583251953125,70.917724609375,high
57.7294921875,57.7294921875,57.7294921875,57.7294921875,high
66.412353515625,66.4150390625,65.86181640625,66.229736328125,high
53.07958984375,44.5712890625,35.89599609375,44.515625,high
97.81298828125,85.833984375,79.596923828125,87.74796549479167,high
125.06884765625,125.06884765625,125.06884765625,125.06884765625,high
121.91748046875,133.509033203125,144.562744140625,133.32975260416666,high
46.279541015625,47.1328125,67.540283203125,53.65087890625,high
61.35107421875,76.92333984375,89.572021484375,75.94881184895833,high
110.84814453125,117.885498046875,109.733154296875,112.822265625,high
39.263671875,35.0556640625,30.27685546875,34.865397135416664,high
59.087158203125,59.087158203125,59.087158203125,59.087158203125,high
52.692626953125,35.357666015625,24.873046875,37.64111328125,high
39.9755859375,38.115478515625,41.158203125,39.749755859375,high
60.267822265625,60.267822265625,60.267822265625,60.267822265625,high
129.65283203125,124.287353515625,95.08837890625,116.34285481770833,high
31.2421875,31.8427734375,37.229736328125,33.438232421875,high
95.33056640625,107.246826171875,109.242919921875,103.94010416666667,high
30.59619140625,28.77685546875,43.483642578125,34.285563151041664,high
39.56396484375,35.666748046875,32.308349609375,35.846354166666664,high
51.510009765625,54.58544921875,58.950927734375,55.015462239583336,high
70.835693359375,65.828125,55.99462890625,64.219482421875,high
39.10693359375,36.09228515625,32.173583984375,35.790934244791664,high
42.460205078125,36.469482421875,29.552490234375,36.160725911458336,high
80.92626953125,85.700927734375,84.931884765625,83.85302734375,high
117.241455078125,118.687255859375,119.048095703125,118.32560221354167,high
55.884765625,55.884765625,55.884765625,55.884765625,high
81.268798828125,81.268798828125,81.268798828125,81.268798828125,high
69.36328125,61.3291015625,53.927001953125,61.539794921875,high
109.28857421875,79.3759765625,37.12939453125,75.2646484375,high
46.739013671875,56.05859375,57.273193359375,53.35693359375,high
43.643310546875,53.97412109375,63.4287109375,53.682047526041664,high
94.529052734375,90.26025390625,83.07861328125,89.289306640625,high
53.953369140625,38.109375,24.4736328125,38.845458984375,high
24.720947265625,22.488037109375,20.965576171875,22.724853515625,high
144.540283203125,144.540283203125,144.540283203125,144.540283203125,high
57.364013671875,55.953125,51.138671875,54.818603515625,high
23.898681640625,26.62158203125,23.001953125,24.507405598958332,high
44.21533203125,52.041748046875,59.495361328125,51.91748046875,high
35.72412109375,31.716064453125,31.1650390625,32.868408203125,high
71.918212890625,64.2783203125,53.658935546875,63.28515625,high
83.05810546875,83.05810546875,83.05810546875,83.05810546875,high
68.6181640625,48.281982421875,50.25390625,55.718017578125,high
43.51123046875,44.7841796875,48.0458984375,45.447102864583336,high
73.3134765625,62.809326171875,53.89404296875,63.338948567708336,high
80.731689453125,80.731689453125,80.731689453125,80.731689453125,high
81.00830078125,67.451416015625,58.065673828125,68.841796875,high
99.60205078125,99.60205078125,99.60205078125,99.60205078125,high
41.383544921875,41.383544921875,41.383544921875,41.383544921875,high
76.54931640625,76.54931640625,76.54931640625,76.54931640625,high
68.789306640625,76.714599609375,82.616455078125,76.04012044270833,high
91.13525390625,70.39453125,63.30615234375,74.9453125,high
119.547607421875,84.89111328125,68.602783203125,91.01383463541667,high
60.397705078125,60.40966796875,60.402587890625,60.4033203125,high
138.62548828125,137.49169921875,133.796142578125,136.63777669270834,high
69.0380859375,59.392822265625,68.437255859375,65.62272135416667,high
102.705322265625,102.70654296875,102.74072265625,102.717529296875,high
81.832763671875,69.495849609375,58.42333984375,69.91731770833333,high
29.096923828125,30.663330078125,31.23193359375,30.330729166666668,high
37.031982421875,40.26513671875,47.27978515625,41.525634765625,high
66.850830078125,54.883056640625,46.269287109375,56.001057942708336,high
148.880615234375,148.880615234375,148.880615234375,148.880615234375,high
93.760498046875,82.154052734375,67.183349609375,81.03263346354167,high
72.380859375,63.1259765625,52.77490234375,62.760579427083336,high
57.2265625,59.765869140625,57.779052734375,58.257161458333336,high
80.561767578125,80.561767578125,80.561767578125,80.561767578125,high
24.2470703125,19.84814453125,27.141845703125,23.745686848958332,high
18.952392578125,18.952392578125,18.952392578125,18.952392578125,high
52.68798828125,46.035888671875,41.06982421875,46.597900390625,high
32.603271484375,32.603271484375,32.603271484375,32.603271484375,high
68.21826171875,68.21826171875,68.21826171875,68.21826171875,high
39.160888671875,39.160888671875,39.160888671875,39.160888671875,high
61.762939453125,49.038818359375,45.521484375,52.107747395833336,high
81.3603515625,80.41162109375,69.984619140625,77.252197265625,high
20.0615234375,19.630859375,19.122314453125,19.604899088541668,high
59.665771484375,59.679443359375,59.66552734375,59.670247395833336,high
75.483154296875,75.483154296875,75.483154296875,75.483154296875,high
17.09130859375,17.09130859375,17.09130859375,17.09130859375,high
39.082763671875,33.375732421875,35.19873046875,35.8857421875,high
62.491455078125,56.31103515625,55.97802734375,58.260172526041664,high
113.956787109375,117.9296875,116.1123046875,115.99959309895833,high
67.82421875,63.850341796875,55.336181640625,62.3369140625,high
78.67578125,98.6923828125,107.610595703125,94.992919921875,high
42.62158203125,54.96923828125,60.040283203125,52.543701171875,high
95.46240234375,112.840576171875,114.4404296875,107.58113606770833,high
42.40478515625,30.2216796875,22.00537109375,31.5439453125,high
35.7333984375,23.378662109375,23.8916015625,27.667887369791668,high
93.69189453125,102.610595703125,58.109619140625,84.80403645833333,high
56.098388671875,57.8955078125,54.37255859375,56.122151692708336,high
37.893798828125,37.893798828125,37.892822265625,37.893473307291664,high
57.453857421875,57.453857421875,57.453857421875,57.453857421875,high
78.8603515625,54.587890625,38.677978515625,57.375406901041664,high
78.355224609375,78.355224609375,78.355224609375,78.355224609375,high
49.514404296875,22.671142578125,10.12109375,27.435546875,high
92.3427734375,88.9482421875,66.109375,82.466796875,high
34.75244140625,34.75244140625,34.75244140625,34.75244140625,high
105.229736328125,127.193603515625,111.484619140625,114.635986328125,high
37.97607421875,37.26513671875,40.215087890625,38.485432942708336,high
24.30615234375,24.30615234375,24.30615234375,24.30615234375,high
39.61474609375,42.54833984375,48.561767578125,43.574951171875,high
23.340576171875,25.96826171875,31.317138671875,26.875325520833332,high
99.485107421875,99.547607421875,108.541748046875,102.52482096354167,high
61.691650390625,46.974609375,33.10595703125,47.257405598958336,high
66.56298828125,74.076904296875,73.427978515625,71.35595703125,high
110.509765625,110.1015625,99.3896484375,106.6669921875,high
44.972412109375,44.972412109375,44.972412109375,44.972412109375,high
58.42626953125,44.97119140625,32.453857421875,45.283772786458336,high
114.79443359375,95.541748046875,95.410888671875,101.91569010416667,high
49.747314453125,42.35302734375,37.923583984375,43.34130859375,high
52.052001953125,37.083251953125,23.470458984375,37.535237630208336,high
37.4677734375,33.48779296875,28.489990234375,33.148518880208336,high
75.857666015625,69.931884765625,74.843994140625,73.54451497395833,high
101.04443359375,78.69091796875,63.345703125,81.02701822916667,high
130.51611328125,157.050048828125,164.331298828125,150.63248697916666,high
51.893798828125,55.576171875,70.728515625,59.399495442708336,high
94.83642578125,90.328369140625,83.466796875,89.54386393229167,high
43.849365234375,38.21728515625,35.7119140625,39.259521484375,high
38.807861328125,28.760498046875,28.255126953125,31.941162109375,high
28.77001953125,32.69287109375,33.720947265625,31.727945963541668,high
70.8896484375,64.91845703125,57.564208984375,64.45743815104167,high
57.13427734375,78.273193359375,91.206298828125,75.53792317708333,high
171.24853515625,190.290771484375,214.7451171875,192.09480794270834,high
46.266845703125,46.265625,46.26416015625,46.265543619791664,high
152.0498046875,137.69775390625,123.358642578125,137.70206705729166,high
41.6982421875,49.803955078125,56.53564453125,49.345947265625,high
83.5166015625,79.196044921875,73.164306640625,78.62565104166667,high
86.62890625,86.62890625,86.62890625,86.62890625,high
90.149169921875,89.361328125,83.125244140625,87.54524739583333,high
72.264892578125,72.264892578125,72.264892578125,72.264892578125,high
47.557861328125,53.2880859375,40.767822265625,47.20458984375,high
32.269775390625,30.07470703125,30.681640625,31.008707682291668,high
55.915771484375,55.915771484375,55.915771484375,55.915771484375,high
54.787353515625,38.001708984375,25.73974609375,39.509602864583336,high
77.153076171875,77.153076171875,77.153076171875,77.153076171875,high
95.130615234375,93.543212890625,85.700927734375,91.458251953125,high
31.357177734375,25.48388671875,27.65087890625,28.163981119791668,high
150.04931640625,159.837158203125,167.28125,159.055908203125,high
47.00048828125,39.79736328125,37.271484375,41.3564453125,high
46.2734375,53.322021484375,65.1220703125,54.905843098958336,high
85.269287109375,85.269287109375,85.269287109375,85.269287109375,high
22.359130859375,19.58740234375,27.089111328125,23.011881510416668,high
91.625732421875,91.625732421875,91.625732421875,91.625732421875,high
53.161865234375,46.473388671875,45.225830078125,48.287027994791664,high
71.42138671875,61.687255859375,55.084716796875,62.731119791666664,high
72.425048828125,72.425048828125,72.425048828125,72.425048828125,high
43.57958984375,47.71826171875,59.4345703125,50.244140625,high
48.3212890625,33.390380859375,28.7548828125,36.822184244791664,high
37.536865234375,37.536865234375,37.536865234375,37.536865234375,high
100.249267578125,100.404541015625,100.166015625,100.27327473958333,high
31.7646484375,38.186767578125,45.437744140625,38.463053385416664,high
61.889404296875,61.889404296875,61.889404296875,61.889404296875,high
73.6123046875,73.6123046875,73.6123046875,73.6123046875,high
63.0869140625,63.0869140625,63.0869140625,63.0869140625,high
31.12109375,25.10400390625,19.783447265625,25.336181640625,high
61.196533203125,49.267822265625,39.760498046875,50.074951171875,high
104.334228515625,91.20751953125,91.83642578125,95.792724609375,high
49.642578125,31.33984375,25.525146484375,35.502522786458336,high
26.050537109375,22.368408203125,20.303955078125,22.907633463541668,high
50.217529296875,37.219482421875,20.811279296875,36.082763671875,high
29.220703125,21.5302734375,19.8828125,23.544596354166668,high
78.337646484375,78.3369140625,78.33740234375,78.33732096354167,high
162.74609375,145.609130859375,140.013916015625,149.45638020833334,high
72.75732421875,70.196533203125,66.0966796875,69.68351236979167,high
107.802490234375,92.16064453125,80.2568359375,93.40665690104167,high
46.9091796875,47.51025390625,47.85595703125,47.425130208333336,high
108.663818359375,93.411376953125,90.156982421875,97.41072591145833,high
78.3779296875,99.123779296875,107.707275390625,95.06966145833333,high
63.659423828125,78.50927734375,83.8310546875,75.333251953125,high
47.826416015625,39.860107421875,43.02392578125,43.570149739583336,high
32.958984375,46.529296875,60.010009765625,46.499430338541664,high
37.086669921875,33.24755859375,33.285888671875,34.5400390625,high
77.0205078125,77.0205078125,77.0205078125,77.0205078125,high
106.9873046875,97.883056640625,87.561279296875,97.47721354166667,high
129.30224609375,158.9716796875,176.11572265625,154.79654947916666,high
33.49853515625,23.69189453125,20.861328125,26.017252604166668,high
32.952880859375,37.0458984375,45.061279296875,38.353352864583336,high
54.54931640625,54.552978515625,54.081787109375,54.394694010416664,high
115.202392578125,115.202392578125,115.202392578125,115.202392578125,high
52.00830078125,68.0478515625,75.414794921875,65.156982421875,high
12.57470703125,19.76171875,33.519287109375,21.951904296875,high
28.78271484375,27.9580078125,30.77978515625,29.173502604166668,high
71.899169921875,71.6943359375,68.259033203125,70.61751302083333,high
81.41552734375,60.68408203125,43.789794921875,61.963134765625,high
45.893798828125,41.093017578125,43.30029296875,43.429036458333336,high
38.59521484375,34.6337890625,31.197998046875,34.809000651041664,high
150.22705078125,124.890625,108.206787109375,127.77482096354167,high
77.729736328125,77.729736328125,77.729736328125,77.729736328125,high
58.328369140625,66.491455078125,67.861572265625,64.22713216145833,high
30.503662109375,22.705810546875,18.08984375,23.766438802083332,high
13.9375,22.9462890625,32.919921875,23.267903645833332,high
23.59326171875,22.585693359375,22.06689453125,22.748616536458332,high
101.68359375,101.68359375,101.68505859375,101.68408203125,high
60.74169921875,69.216552734375,59.53857421875,63.165608723958336,high
90.96630859375,95.953857421875,98.806396484375,95.2421875,high
94.32373046875,94.693115234375,80.8759765625,89.96427408854167,high
36.84423828125,28.388671875,24.448486328125,29.893798828125,high
128.864013671875,148.394775390625,161.771728515625,146.343505859375,high
23.369873046875,17.880615234375,15.255126953125,18.835205078125,high
55.111328125,55.111328125,55.064208984375,55.095621744791664,high
175.440185546875,152.041259765625,112.6748046875,146.71875,high
79.50439453125,80.147705078125,78.50390625,79.38533528645833,high
105.86279296875,102.58447265625,121.10302734375,109.85009765625,high
76.245849609375,105.332763671875,113.26708984375,98.28190104166667,high
73.28515625,65.26708984375,54.77978515625,64.44401041666667,high
51.655517578125,51.0244140625,48.925537109375,50.53515625,high
28.560546875,30.326904296875,38.84619140625,32.577880859375,high
98.129150390625,97.430419921875,78.035888671875,91.198486328125,high
29.13916015625,22.275146484375,31.845947265625,27.75341796875,high
67.501220703125,67.501220703125,67.501220703125,67.501220703125,high
119.48046875,120.98681640625,121.949462890625,120.80558268229167,high
43.160400390625,31.653076171875,23.68017578125,32.831217447916664,high
22.91455078125,22.840576171875,22.010498046875,22.588541666666668,high
29.202392578125,32.887939453125,29.7578125,30.616048177083332,high
47.70166015625,34.215576171875,27.567138671875,36.494791666666664,high
109.322265625,86.357666015625,60.678955078125,85.45296223958333,high
56.790771484375,56.792724609375,56.2548828125,56.61279296875,high
109.266845703125,105.62109375,88.52685546875,101.13826497395833,high
54.843505859375,54.845458984375,54.27001953125,54.652994791666664,high
55.590576171875,24.820068359375,14.967041015625,31.792561848958332,high
92.82080078125,82.10009765625,67.912109375,80.9443359375,high
58.41455078125,61.20068359375,70.327880859375,63.314371744791664,high
49.543701171875,34.00244140625,23.099365234375,35.548502604166664,high
69.4931640625,77.546875,77.851806640625,74.96394856770833,high
60.238525390625,60.524169921875,60.416748046875,60.393147786458336,high
117.403076171875,117.403076171875,117.403076171875,117.403076171875,high
39.9765625,36.08154296875,31.583740234375,35.880615234375,high
37.41357421875,28.88671875,25.6904296875,30.66357421875,high
70.26904296875,55.531494140625,45.702392578125,57.167643229166664,high
65.23486328125,63.113037109375,57.013427734375,61.787109375,high
25.580322265625,16.44970703125,17.77685546875,19.935628255208332,high
73.455322265625,67.13134765625,65.787109375,68.791259765625,high
90.139404296875,75.124267578125,52.36865234375,72.54410807291667,high
20.361328125,32.199951171875,42.2978515625,31.619710286458332,high
84.117919921875,102.502197265625,108.0634765625,98.22786458333333,high
92.638427734375,93.718505859375,91.505859375,92.62093098958333,high
66.67041015625,44.67919921875,34.563720703125,48.637776692708336,high
126.23291015625,126.23291015625,126.23291015625,126.23291015625,high
80.87744140625,59.237060546875,31.59814453125,57.237548828125,high
140.276611328125,149.033935546875,158.848388671875,149.38631184895834,high
43.582763671875,52.737060546875,58.656005859375,51.658610026041664,high
55.9150390625,55.9150390625,55.9150390625,55.9150390625,high
62.66552734375,48.60595703125,39.785400390625,50.352294921875,high
60.753173828125,71.376220703125,72.50927734375,68.212890625,high
64.1650390625,56.600830078125,52.009033203125,57.591634114583336,high
58.7119140625,75.69189453125,78.916015625,71.10660807291667,high
130.491943359375,129.885498046875,127.0888671875,129.15543619791666,high
89.3681640625,92.54541015625,81.7216796875,87.87841796875,high
74.7578125,66.137939453125,65.3984375,68.76472981770833,high
20.146484375,15.1767578125,19.1513671875,18.158203125,high
116.716796875,117.59619140625,110.37744140625,114.89680989583333,high
90.5185546875,88.851806640625,83.999755859375,87.7900390625,high
72.573974609375,53.972412109375,41.98974609375,56.1787109375,high
93.145751953125,81.5498046875,56.912109375,77.20255533854167,high
75.552001953125,47.812255859375,35.32763671875,52.897298177083336,high
46.960205078125,51.724609375,48.2568359375,48.980550130208336,high
46.866455078125,48.240234375,48.743408203125,47.950032552083336,high
88.20947265625,84.982421875,67.276123046875,80.156005859375,high
125.475341796875,125.475341796875,125.475341796875,125.475341796875,high
92.34814453125,92.348876953125,92.34814453125,92.348388671875,high
73.11474609375,64.0859375,72.864990234375,70.02189127604167,high
130.95458984375,139.655029296875,138.5458984375,136.38517252604166,high
81.18505859375,72.04638671875,80.25830078125,77.82991536458333,high
44.889404296875,44.889404296875,44.889404296875,44.889404296875,high
79.720458984375,55.0263671875,33.137451171875,55.96142578125,high
18.73388671875,30.52880859375,42.474609375,30.5791015625,high
44.580078125,33.893798828125,23.396728515625,33.956868489583336,high
89.698486328125,80.92822265625,73.565185546875,81.39729817708333,high
121.516845703125,144.02294921875,156.696533203125,140.74544270833334,high
57.362548828125,57.362548828125,56.743896484375,57.156331380208336,high
97.637939453125,73.365478515625,53.19287109375,74.73209635416667,high
23.147216796875,36.416259765625,32.58740234375,30.716959635416668,high
157.78759765625,79.188232421875,102.37451171875,113.11678059895833,high
41.986328125,35.844970703125,32.3291015625,36.720133463541664,high
35.40283203125,47.4140625,60.002685546875,47.606526692708336,high
58.23388671875,58.2353515625,58.254150390625,58.241129557291664,high
118.804931640625,113.867431640625,113.69189453125,115.45475260416667,high
63.294677734375,90.64892578125,99.55859375,84.500732421875,high
47.937744140625,48.65478515625,48.85888671875,48.483805338541664,high
61.200927734375,64.647216796875,67.936767578125,64.594970703125,high
87.249755859375,83.829833984375,80.26708984375,83.7822265625,high
62.82080078125,62.82080078125,62.82080078125,62.82080078125,high
43.34619140625,48.27783203125,60.282958984375,50.635660807291664,high
67.86572265625,70.09033203125,74.2744140625,70.74348958333333,high
127.627197265625,83.0361328125,61.794189453125,90.81917317708333,high
48.16748046875,48.16748046875,48.16748046875,48.16748046875,high
34.758056640625,16.350341796875,9.943115234375,20.350504557291668,high
51.95947265625,49.453369140625,50.890380859375,50.767740885416664,high
33.38720703125,36.277099609375,35.54296875,35.069091796875,high
48.69189453125,36.326904296875,20.697265625,35.238688151041664,high
33.662353515625,37.35546875,41.79345703125,37.603759765625,high
121.95263671875,83.37548828125,60.275146484375,88.534423828125,high
47.997314453125,46.71533203125,38.15625,44.289632161458336,high
32.09716796875,32.09716796875,31.893310546875,32.029215494791664,high
46.95556640625,40.6328125,46.189453125,44.592610677083336,high
30.410400390625,26.529296875,26.25439453125,27.731363932291668,high
90.679931640625,87.95068359375,89.71923828125,89.449951171875,high
56.4130859375,52.41357421875,51.31787109375,53.381510416666664,high
113.465576171875,115.91357421875,127.83447265625,119.07120768229167,high
110.194091796875,109.63330078125,109.756103515625,109.86116536458333,high
85.428955078125,99.853759765625,68.736572265625,84.673095703125,high
72.65576171875,72.65576171875,72.65576171875,72.65576171875,high
23.6884765625,17.47216796875,15.8291015625,18.99658203125,high
77.658447265625,55.107666015625,28.564697265625,53.776936848958336,high
39.186279296875,45.08203125,46.027587890625,43.431966145833336,high
82.46875,73.718994140625,67.343505859375,74.51041666666667,high
141.2021484375,142.49658203125,139.105224609375,140.93465169270834,high
40.196044921875,40.196044921875,40.196533203125,40.196207682291664,high
21.049560546875,33.325439453125,45.115478515625,33.163492838541664,high
59.8681640625,78.311279296875,45.376220703125,61.185221354166664,high
110.079833984375,110.079833984375,110.079833984375,110.079833984375,high
60.700927734375,42.8173828125,43.767822265625,49.095377604166664,high
79.41552734375,79.41552734375,79.41552734375,79.41552734375,high
110.97119140625,130.431884765625,102.401611328125,114.6015625,high
86.9560546875,78.2265625,78.529541015625,81.23738606770833,high
63.19140625,39.705322265625,19.65673828125,40.851155598958336,high
19.441162109375,20.05419921875,26.38671875,21.960693359375,high
79.998046875,74.306396484375,62.106689453125,72.13704427083333,high
60.864013671875,68.3779296875,62.9765625,64.07283528645833,high
85.331787109375,75.041259765625,68.420654296875,76.26456705729167,high
82.393798828125,82.393798828125,82.393798828125,82.393798828125,high
41.1240234375,30.043701171875,26.556884765625,32.574869791666664,high
68.808349609375,67.017822265625,62.1279296875,65.98470052083333,high
77.82666015625,70.064697265625,64.96630859375,70.95255533854167,high
109.2783203125,109.2783203125,109.2783203125,109.2783203125,high
103.4189453125,127.412841796875,113.201904296875,114.67789713541667,high
71.3505859375,126.011474609375,162.090576171875,119.81754557291667,high
123.99267578125,123.99267578125,123.99267578125,123.99267578125,high
21.8994140625,23.0615234375,23.58935546875,22.85009765625,high
44.306396484375,76.48388671875,68.088134765625,62.95947265625,high
47.2568359375,42.319580078125,32.248046875,40.608154296875,high
50.53955078125,27.894287109375,16.494140625,31.642659505208332,high
18.152587890625,16.77197265625,21.73291015625,18.885823567708332,high
70.25732421875,75.957275390625,70.64599609375,72.286865234375,high
92.397216796875,82.426025390625,59.33154296875,78.05159505208333,high
55.559326171875,25.843017578125,8.197509765625,29.866617838541668,high
78.721435546875,78.72021484375,78.720947265625,78.72086588541667,high
10.041748046875,5.832763671875,9.80859375,8.56103515625,high
68.989013671875,59.564208984375,55.34521484375,61.299479166666664,high
54.847412109375,42.431640625,27.49658203125,41.591878255208336,high
91.259033203125,91.259033203125,91.259033203125,91.259033203125,high
63.958251953125,57.09765625,49.616455078125,56.890787760416664,high
82.35400390625,82.35400390625,82.35400390625,82.35400390625,high
26.526123046875,31.28466796875,41.4033203125,33.071370442708336,high
101.57763671875,95.386962890625,87.5751953125,94.84659830729167,high
77.486083984375,86.5595703125,72.210693359375,78.75211588541667,high
50.802978515625,31.300048828125,21.204345703125,34.435791015625,high
108.710205078125,108.711669921875,108.602294921875,108.67472330729167,high
85.540283203125,85.540283203125,85.540283203125,85.540283203125,high
96.69140625,93.365234375,96.17431640625,95.41031901041667,high
99.54443359375,82.361572265625,67.988525390625,83.29817708333333,high
39.609375,33.8916015625,31.451171875,34.984049479166664,high
60.4169921875,65.853515625,70.126220703125,65.465576171875,high
152.80224609375,125.78466796875,51.3154296875,109.96744791666667,high
75.85205078125,59.757568359375,49.91748046875,61.842366536458336,high
43.022705078125,42.279541015625,42.06982421875,42.457356770833336,high
108.796875,110.87353515625,111.945068359375,110.53849283854167,high
37.72900390625,29.455810546875,28.28759765625,31.824137369791668,high
81.553466796875,81.556396484375,81.554931640625,81.554931640625,high
107.721435546875,97.2490234375,74.99462890625,93.32169596354167,high
69.23291015625,62.158935546875,51.689208984375,61.027018229166664,high
136.263671875,124.827392578125,108.22998046875,123.10701497395833,high
43.471435546875,31.30126953125,25.644287109375,33.472330729166664,high
27.401611328125,25.465087890625,24.540283203125,25.802327473958332,high
101.12451171875,101.12451171875,101.12451171875,101.12451171875,high
57.67431640625,57.67431640625,57.67431640625,57.67431640625,high
43.97607421875,38.718994140625,38.906494140625,40.533854166666664,high
124.73046875,150.26123046875,166.477783203125,147.156494140625,high
91.763427734375,76.177978515625,74.038818359375,80.66007486979167,high
82.996826171875,82.999267578125,82.998291015625,82.99812825520833,high
72.850341796875,83.715087890625,75.34326171875,77.30289713541667,high
65.29736328125,58.476318359375,51.82177734375,58.531819661458336,high
131.43701171875,122.96044921875,113.511962890625,122.636474609375,high
53.422607421875,36.89306640625,30.76123046875,40.358968098958336,high
88.993896484375,75.5439453125,62.9169921875,75.81827799479167,high
62.69189453125,35.6708984375,20.522216796875,39.628336588541664,high
141.904541015625,134.131591796875,133.822021484375,136.619384765625,high
80.362060546875,50.310546875,55.2802734375,61.984293619791664,high
53.51708984375,47.890625,40.33740234375,47.248372395833336,high
49.021728515625,44.370849609375,34.32666015625,42.573079427083336,high
52.109619140625,52.111328125,52.109130859375,52.110026041666664,high
44.0400390625,36.706787109375,37.60302734375,39.449951171875,high
60.6884765625,41.92431640625,43.41357421875,48.675455729166664,high
125.458251953125,145.389892578125,144.182861328125,138.34366861979166,high
60.743896484375,50.85107421875,49.15966796875,53.584879557291664,high
49.2724609375,72.137939453125,55.085693359375,58.83203125,high
50.1416015625,48.85009765625,48.36669921875,49.119466145833336,high
89.073486328125,89.073486328125,89.073486328125,89.073486328125,high
47.095703125,33.98681640625,27.196044921875,36.092854817708336,high
67.05859375,48.078125,34.34716796875,49.827962239583336,high
98.28857421875,98.28857421875,98.28857421875,98.28857421875,high
28.239013671875,21.995361328125,22.16845703125,24.13427734375,high
37.62060546875,37.62060546875,37.62060546875,37.62060546875,high
83.440185546875,83.440185546875,83.440185546875,83.440185546875,high
26.2333984375,29.106689453125,30.2392578125,28.526448567708332,high
76.0810546875,76.0810546875,76.0810546875,76.0810546875,high
61.24072265625,41.6357421875,29.72021484375,44.198893229166664,high
64.800537109375,68.455322265625,68.13623046875,67.13069661458333,high
72.070068359375,89.698486328125,58.29931640625,73.35595703125,high
88.445068359375,95.234375,84.3623046875,89.34724934895833,high
157.580810546875,129.294921875,117.7412109375,134.872314453125,high
100.251220703125,117.7646484375,110.573974609375,109.52994791666667,high
34.08984375,41.424072265625,44.555908203125,40.023274739583336,high
87.126953125,82.343994140625,78.5927734375,82.68790690104167,high
34.281494140625,36.2861328125,33.01171875,34.526448567708336,high
40.347900390625,34.083740234375,29.360107421875,34.597249348958336,high
66.02490234375,65.737060546875,67.01220703125,66.258056640625,high
83.772216796875,82.675537109375,65.42333984375,77.29036458333333,high
65.43505859375,66.84375,63.557861328125,65.27888997395833,high
10.302001953125,6.1865234375,10.541259765625,9.009928385416666,high
100.439697265625,76.9287109375,49.595947265625,75.65478515625,high
55.917724609375,34.89599609375,29.273193359375,40.028971354166664,high
119.74072265625,108.1845703125,106.8720703125,111.59912109375,high
72.328125,63.852783203125,57.159912109375,64.44694010416667,high
40.498046875,40.498046875,40.4580078125,40.484700520833336,high
63.59228515625,48.818115234375,43.66845703125,52.026285807291664,high
38.0654296875,33.918701171875,35.528076171875,35.83740234375,high
20.71142578125,24.068359375,30.558837890625,25.112874348958332,high
43.1767578125,43.844970703125,41.858154296875,42.9599609375,high
44.8173828125,44.8173828125,44.8173828125,44.8173828125,high
70.02734375,55.185302734375,46.810546875,57.341064453125,high
29.460205078125,39.269287109375,49.98388671875,39.571126302083336,high
9.297607421875,4.800537109375,7.624267578125,7.240804036458333,high
66.66015625,55.6787109375,47.6650390625,56.66796875,high
173.407958984375,168.5283203125,165.5224609375,169.15291341145834,high
100.2734375,117.461669921875,110.12890625,109.28800455729167,high
89.722412109375,93.60498046875,82.527587890625,88.61832682291667,high
60.29833984375,64.71630859375,37.808349609375,54.274332682291664,high
70.397705078125,54.521240234375,43.72412109375,56.21435546875,high
79.990234375,71.609375,67.08203125,72.89388020833333,high
45.006103515625,25.990478515625,23.1416015625,31.37939453125,high
151.865966796875,147.235595703125,142.724365234375,147.27530924479166,high
44.255126953125,44.255126953125,44.19384765625,44.234700520833336,high
145.72119140625,158.51171875,196.298583984375,166.84383138020834,high
102.65234375,102.65234375,102.65234375,102.65234375,high
62.1064453125,46.6748046875,39.025146484375,49.268798828125,high
83.889404296875,78.071533203125,71.437255859375,77.79939778645833,high
7.664306640625,10.087646484375,21.315673828125,13.022542317708334,high
24.885498046875,29.13427734375,37.712158203125,30.577311197916668,high
56.4267578125,41.816650390625,28.75146484375,42.331624348958336,high
110.33154296875,91.992919921875,82.333251953125,94.88590494791667,high
70.049072265625,55.157958984375,46.048583984375,57.085205078125,high
86.619873046875,68.4267578125,56.794189453125,70.61360677083333,high
105.894775390625,62.28564453125,42.202392578125,70.12760416666667,high
29.722412109375,22.138671875,23.396484375,25.085856119791668,high
37.52001953125,35.35400390625,38.19921875,37.0244140625,high
107.17041015625,107.404052734375,95.62548828125,103.39998372395833,high
48.88818359375,48.82763671875,47.5810546875,48.432291666666664,high
113.947998046875,98.178955078125,77.09521484375,96.40738932291667,high
93.25146484375,81.862060546875,70.695556640625,81.93636067708333,high
57.699951171875,58.279052734375,58.3486328125,58.109212239583336,high
47.736083984375,34.90185546875,33.33203125,38.656656901041664,high
53.658203125,63.754638671875,76.43359375,64.615478515625,high
37.6416015625,20.690185546875,20.828125,26.386637369791668,high
129.95703125,129.95703125,129.95703125,129.95703125,high
59.817138671875,69.087890625,71.153564453125,66.68619791666667,high
135.92138671875,163.33935546875,188.458251953125,162.572998046875,high
40.829345703125,40.11767578125,42.265625,41.070882161458336,high
127.16552734375,122.630615234375,108.789794921875,119.52864583333333,high
82.56787109375,90.2861328125,112.9033203125,95.25244140625,high
18.4091796875,16.010986328125,15.94384765625,16.788004557291668,high
91.3330078125,91.334228515625,91.300048828125,91.32242838541667,high
31.25732421875,41.12841796875,52.2314453125,41.5390625,high
32.079345703125,41.624755859375,52.52587890625,42.07666015625,high
66.888671875,70.855712890625,70.329833984375,69.35807291666667,high
85.310546875,87.372802734375,81.912353515625,84.865234375,high
26.30810546875,33.125,41.500732421875,33.644612630208336,high
95.218994140625,81.609619140625,69.671142578125,82.16658528645833,high
38.110595703125,38.492919921875,37.1591796875,37.9208984375,high
68.048583984375,78.24169921875,77.427490234375,74.57259114583333,high
128.332763671875,100.825927734375,79.605712890625,102.92146809895833,high
62.51953125,35.553955078125,21.3525390625,39.808675130208336,high
87.437255859375,91.251220703125,87.92626953125,88.87158203125,high
67.1083984375,44.92333984375,28.670654296875,46.900797526041664,high
129.6240234375,150.382080078125,162.330078125,147.44539388020834,high
105.468994140625,61.723388671875,38.76513671875,68.65250651041667,high
42.177734375,47.765380859375,45.980712890625,45.307942708333336,high
48.78125,48.78125,48.78125,48.78125,high
46.9287109375,46.9287109375,46.9287109375,46.9287109375,high
99.9765625,87.468994140625,73.8740234375,87.10652669270833,high
112.224853515625,115.2666015625,76.8330078125,101.44148763020833,high
95.900634765625,88.385009765625,85.599609375,89.96175130208333,high
134.768310546875,111.52783203125,81.171142578125,109.15576171875,high
22.04638671875,20.6171875,18.71875,20.460774739583332,high
42.29052734375,42.29052734375,42.29052734375,42.29052734375,high
71.38818359375,71.38818359375,71.38818359375,71.38818359375,high
44.39306640625,37.683837890625,28.79248046875,36.956461588541664,high
196.240966796875,195.23583984375,195.560546875,195.67911783854166,high
82.8173828125,74.027099609375,68.970947265625,75.27180989583333,high
218.684814453125,220.433837890625,227.984130859375,222.36759440104166,high
61.356689453125,73.4794921875,77.595703125,70.81062825520833,high
34.31787109375,27.8828125,34.6708984375,32.29052734375,high
68.07568359375,84.703369140625,97.04638671875,83.275146484375,high
33.2041015625,25.333251953125,19.984619140625,26.173990885416668,high
44.581787109375,52.467529296875,66.919677734375,54.656331380208336,high
47.238525390625,54.974853515625,61.208251953125,54.473876953125,high
71.685791015625,61.329345703125,50.2158203125,61.076985677083336,high
67.682373046875,54.88720703125,65.2177734375,62.595784505208336,high
84.26220703125,84.26220703125,84.26220703125,84.26220703125,high
77.2900390625,77.99658203125,80.564453125,78.61702473958333,high
126.05810546875,119.950439453125,110.750244140625,118.91959635416667,high
64.616455078125,44.7509765625,46.159912109375,51.842447916666664,high
20.807373046875,31.90673828125,41.62060546875,31.444905598958332,high
73.201904296875,73.201904296875,73.203857421875,73.20255533854167,high
82.767578125,91.653564453125,66.913330078125,80.44482421875,high
51.969482421875,60.22998046875,66.784912109375,59.661458333333336,high
60.81787109375,47.544677734375,42.030517578125,50.131022135416664,high
22.970458984375,25.867919921875,30.85986328125,26.566080729166668,high
67.669921875,67.669921875,67.669921875,67.669921875,high
56.166259765625,45.27880859375,37.087158203125,46.177408854166664,high
108.0556640625,124.9736328125,146.18310546875,126.40413411458333,high
23.435546875,23.436279296875,23.430419921875,23.43408203125,high
111.135498046875,111.135498046875,111.135498046875,111.135498046875,high
70.425537109375,56.281494140625,53.599853515625,60.102294921875,high
130.069580078125,125.7705078125,126.080322265625,127.30680338541667,high
67.68798828125,69.654052734375,67.056640625,68.13289388020833,high
139.162109375,132.62109375,129.884521484375,133.88924153645834,high
39.1904296875,35.5302734375,34.191162109375,36.303955078125,high
80.176025390625,85.79638671875,84.737548828125,83.56998697916667,high
62.626708984375,62.626708984375,62.626708984375,62.626708984375,high
51.707275390625,45.58935546875,35.015380859375,44.10400390625,high
106.626953125,111.252685546875,124.39990234375,114.09318033854167,high
30.273681640625,36.71142578125,41.80078125,36.261962890625,high
139.207763671875,117.114501953125,105.834228515625,120.71883138020833,high
22.7314453125,22.7314453125,22.725341796875,22.729410807291668,high
81.66943359375,81.66943359375,81.66943359375,81.66943359375,high
65.940185546875,68.56005859375,68.491455078125,67.66389973958333,high
60.233154296875,47.78125,40.690185546875,49.568196614583336,high
41.391357421875,35.15234375,31.588623046875,36.044108072916664,high
68.726318359375,50.514404296875,32.360107421875,50.533610026041664,high
79.42626953125,129.533447265625,166.70703125,125.22224934895833,high
52.68359375,52.6845703125,52.681396484375,52.683186848958336,high
58.186767578125,62.072021484375,66.134033203125,62.130940755208336,high
153.557861328125,170.829345703125,162.848876953125,162.41202799479166,high
18.09619140625,15.565673828125,12.51123046875,15.391031901041666,high
50.935791015625,43.016845703125,30.8291015625,41.593912760416664,high
63.61962890625,59.217041015625,49.50830078125,57.448323567708336,high
199.676025390625,181.034912109375,168.733642578125,183.148193359375,high
101.281494140625,99.802978515625,88.743408203125,96.60929361979167,high
79.974853515625,69.4013671875,60.865234375,70.08048502604167,high
25.283935546875,25.283935546875,25.283935546875,25.283935546875,high
57.5693359375,40.456298828125,33.595703125,43.873779296875,high
26.849365234375,28.190185546875,29.431396484375,28.156982421875,high
70.29296875,59.8916015625,48.96484375,59.716471354166664,high
41.0927734375,41.093017578125,40.6865234375,40.957438151041664,high
131.836669921875,140.550537109375,138.70849609375,137.03190104166666,high
81.5693359375,77.552734375,67.910888671875,75.67765299479167,high
37.010986328125,25.082275390625,23.927734375,28.673665364583332,high
63.160400390625,74.09423828125,84.437744140625,73.8974609375,high
96.44140625,83.8896484375,59.15087890625,79.82731119791667,high
58.157470703125,65.552978515625,62.974365234375,62.228271484375,high
64.916015625,70.349853515625,79.834716796875,71.7001953125,high
21.251220703125,32.806396484375,42.283935546875,32.113850911458336,high
67.98583984375,69.60888671875,68.366943359375,68.65388997395833,high
65.673828125,45.1474609375,37.277587890625,49.366292317708336,high
25.507080078125,28.9921875,30.82275390625,28.440673828125,high
46.90380859375,12.6748046875,2.81103515625,20.796549479166668,high
60.9443359375,49.232666015625,44.681884765625,51.61962890625,high
60.282958984375,48.084228515625,44.1259765625,50.8310546875,high
16.2548828125,17.8056640625,28.15625,20.738932291666668,high
58.216064453125,40.99951171875,33.309814453125,44.175130208333336,high
95.8662109375,95.91748046875,95.83642578125,95.87337239583333,high
69.961181640625,43.208740234375,36.5673828125,49.912434895833336,high
30.810791015625,23.89599609375,25.38232421875,26.696370442708332,high
80.44775390625,77.61083984375,64.36474609375,74.14111328125,high
123.606689453125,106.2802734375,97.40576171875,109.09757486979167,high
144.22607421875,140.73291015625,132.216552734375,139.05851236979166,high
72.330078125,64.645263671875,61.134033203125,66.03645833333333,high
59.770751953125,52.4638671875,43.030029296875,51.7548828125,high
91.23974609375,91.23974609375,91.23974609375,91.23974609375,high
70.214111328125,87.663818359375,92.779541015625,83.552490234375,high
65.005615234375,50.84326171875,40.862060546875,52.236979166666664,high
37.7255859375,28.730712890625,24.137451171875,30.197916666666668,high
81.780517578125,61.395751953125,27.537109375,56.904459635416664,high
40.400390625,33.764892578125,22.7548828125,32.306722005208336,high
59.541015625,59.541015625,59.541015625,59.541015625,high
81.0703125,85.46435546875,96.036376953125,87.523681640625,high
130.1240234375,103.294921875,76.928955078125,103.44930013020833,high
64.910888671875,50.18017578125,43.732421875,52.941162109375,high
71.73046875,65.733154296875,64.748046875,67.40388997395833,high
28.27490234375,28.28564453125,28.058349609375,28.206298828125,high
52.0234375,55.7587890625,59.16796875,55.650065104166664,high
60.07177734375,60.07177734375,60.07177734375,60.07177734375,high
126.607666015625,124.8037109375,131.91845703125,127.776611328125,high
88.51318359375,69.19287109375,59.169677734375,72.29191080729167,high
92.19677734375,79.67919921875,79.263671875,83.71321614583333,high
7.45751953125,9.235595703125,21.507080078125,12.7333984375,high
17.6572265625,26.506103515625,24.728759765625,22.964029947916668,high
52.5712890625,33.135498046875,27.12353515625,37.610107421875,high
42.648193359375,30.546142578125,24.826171875,32.673502604166664,high
24.55859375,22.386474609375,20.909912109375,22.618326822916668,high
97.35009765625,98.397216796875,96.23486328125,97.327392578125,high
41.6416015625,36.018798828125,35.820068359375,37.826822916666664,high
48.9365234375,30.930908203125,25.154541015625,35.00732421875,high
39.929443359375,40.53515625,37.759765625,39.408121744791664,high
103.475341796875,103.475341796875,103.475341796875,103.475341796875,high
77.172119140625,126.244873046875,164.4296875,122.61555989583333,high
70.1083984375,45.595458984375,34.89892578125,50.200927734375,high
88.16748046875,88.16748046875,88.1689453125,88.16796875,high
51.576171875,38.823974609375,34.9453125,41.781819661458336,high
41.42431640625,41.4267578125,41.153564453125,41.334879557291664,high
106.507568359375,124.692626953125,120.947998046875,117.38273111979167,high
95.07666015625,95.727783203125,87.8740234375,92.892822265625,high
24.705322265625,24.705322265625,24.705322265625,24.705322265625,high
165.983154296875,157.753173828125,148.805419921875,157.513916015625,high
40.389892578125,38.929443359375,39.89892578125,39.739420572916664,high
53.52587890625,21.759765625,16.66455078125,30.650065104166668,high
64.38427734375,68.976806640625,71.4384765625,68.26652018229167,high
90.96728515625,90.96728515625,90.96728515625,90.96728515625,high
27.6435546875,27.6435546875,27.6435546875,27.6435546875,high
79.05908203125,87.21826171875,90.5810546875,85.61946614583333,high
53.011962890625,58.695068359375,63.298583984375,58.335205078125,high
180.069580078125,151.693603515625,107.549560546875,146.43758138020834,high
71.443359375,61.00341796875,49.697265625,60.714680989583336,high
52.364013671875,61.019775390625,70.22509765625,61.202962239583336,high
65.108154296875,69.650390625,71.74169921875,68.83341471354167,high
77.798583984375,77.504150390625,72.78369140625,76.02880859375,high
89.325927734375,88.610595703125,81.068359375,86.3349609375,high
89.51708984375,87.115478515625,88.407958984375,88.34684244791667,high
25.467041015625,25.430419921875,25.9580078125,25.618489583333332,high
52.294677734375,35.51953125,27.7822265625,38.532145182291664,high
47.49755859375,36.630126953125,33.3115234375,39.146402994791664,high
20.7548828125,32.8212890625,42.862548828125,32.146240234375,high
68.263671875,68.263671875,68.263671875,68.263671875,high
86.703125,84.5400390625,66.670166015625,79.304443359375,high
62.987060546875,50.87890625,41.4365234375,51.767496744791664,high
36.59814453125,34.5263671875,37.462158203125,36.195556640625,high
57.4560546875,45.849853515625,44.83203125,49.379313151041664,high
96.9169921875,85.571044921875,70.191162109375,84.22639973958333,high
93.41552734375,120.178955078125,110.879638671875,108.15804036458333,high
51.376708984375,52.559814453125,57.8505859375,53.929036458333336,high
78.94189453125,54.67333984375,34.5869140625,56.0673828125,high
43.030517578125,43.030517578125,43.030517578125,43.030517578125,high
105.462646484375,107.3701171875,106.551025390625,106.46126302083333,high
43.845458984375,39.23876953125,36.496826171875,39.8603515625,high
80.642578125,80.642578125,80.642578125,80.642578125,high
131.0380859375,108.371337890625,94.941650390625,111.45035807291667,high
14.6435546875,10.4052734375,9.86181640625,11.636881510416666,high
44.916748046875,44.92431640625,44.9140625,44.918375651041664,high
75.8134765625,75.8134765625,75.8134765625,75.8134765625,high
60.551025390625,60.551025390625,60.551025390625,60.551025390625,high
56.846435546875,37.653076171875,23.084228515625,39.194580078125,high
80.1201171875,71.0751953125,60.210205078125,70.468505859375,high
22.331787109375,70.95654296875,117.424560546875,70.23763020833333,high
14.97900390625,14.97900390625,14.916259765625,14.958089192708334,high
43.255126953125,43.255126953125,43.255126953125,43.255126953125,high
41.594970703125,41.594970703125,41.58837890625,41.5927734375,high
50.400146484375,50.400146484375,50.400146484375,50.400146484375,high
19.47412109375,32.842041015625,33.952392578125,28.756184895833332,high
47.3798828125,39.62890625,37.70849609375,41.572428385416664,high
125.53466796875,80.89990234375,59.5302734375,88.65494791666667,high
32.08544921875,35.859619140625,38.267578125,35.404215494791664,high
124.931884765625,118.944091796875,97.677734375,113.85123697916667,high
98.1591796875,85.98486328125,77.634033203125,87.25935872395833,high
80.73583984375,104.909423828125,101.4296875,95.691650390625,high
35.524658203125,30.28076171875,28.07568359375,31.293701171875,high
46.26416015625,40.559326171875,37.88232421875,41.568603515625,high
35.45947265625,52.66748046875,69.2919921875,52.472981770833336,high
74.006103515625,74.006103515625,74.006103515625,74.006103515625,high
40.14111328125,40.139892578125,39.8740234375,40.051676432291664,high
39.80712890625,38.22900390625,36.846923828125,38.294352213541664,high
107.767822265625,105.166748046875,119.592529296875,110.84236653645833,high
60.947265625,68.2626953125,64.765380859375,64.658447265625,high
140.542724609375,165.134033203125,185.0791015625,163.58528645833334,high
117.7880859375,120.08984375,94.166015625,110.68131510416667,high
97.093017578125,71.2900390625,55.59716796875,74.66007486979167,high
60.89697265625,42.70947265625,37.190673828125,46.932373046875,high
58.44091796875,48.0576171875,44.07666015625,50.191731770833336,high
122.88232421875,117.45068359375,98.038818359375,112.79060872395833,high
86.273193359375,86.273193359375,86.273193359375,86.273193359375,high
36.024169921875,26.820556640625,22.600830078125,28.481852213541668,high
76.299560546875,73.056884765625,63.43505859375,70.93050130208333,high
32.603515625,32.603515625,32.603515625,32.603515625,high
79.152099609375,55.000732421875,35.7060546875,56.61962890625,high
75.418701171875,28.897705078125,14.53125,39.615885416666664,high
22.20166015625,12.6396484375,12.957275390625,15.932861328125,high
87.73779296875,117.827392578125,133.858642578125,113.14127604166667,high
114.61279296875,86.89208984375,65.9521484375,89.15234375,high
68.590087890625,77.536376953125,67.336669921875,71.15437825520833,high
83.042236328125,73.439208984375,61.25244140625,72.57796223958333,high
115.995849609375,115.995849609375,116.057861328125,116.01652018229167,high
48.8515625,48.8515625,48.8515625,48.8515625,high
74.859375,51.47412109375,36.065185546875,54.132893880208336,high
49.894287109375,39.7724609375,21.144775390625,36.937174479166664,high
53.496337890625,53.496337890625,53.496337890625,53.496337890625,high
67.412841796875,67.412841796875,67.412841796875,67.412841796875,high
98.876220703125,98.876220703125,98.876220703125,98.876220703125,high
81.303955078125,75.941162109375,63.444580078125,73.563232421875,high
154.568603515625,144.6376953125,132.76025390625,143.98885091145834,high
52.9150390625,50.57666015625,51.74365234375,51.7451171875,high
20.398193359375,33.24365234375,48.01953125,33.887125651041664,high
190.69677734375,150.539794921875,128.703369140625,156.64664713541666,high
74.038330078125,74.038330078125,74.038330078125,74.038330078125,high
77.94287109375,66.416259765625,56.46533203125,66.94148763020833,high
65.8857421875,50.75537109375,36.453125,51.031412760416664,high
35.42626953125,35.42626953125,35.422119140625,35.424886067708336,high
70.6181640625,60.3271484375,48.68603515625,59.877115885416664,high
51.43212890625,32.6318359375,26.55712890625,36.873697916666664,high
48.74169921875,53.449951171875,52.060791015625,51.41748046875,high
131.15380859375,130.737548828125,131.169921875,131.02042643229166,high
28.891845703125,20.4052734375,18.749267578125,22.68212890625,high
50.40380859375,43.626220703125,38.368408203125,44.1328125,high
132.033447265625,115.783203125,101.7685546875,116.52840169270833,high
80.0546875,76.518310546875,70.471435546875,75.68147786458333,high
77.521240234375,44.064208984375,23.404052734375,48.329833984375,high
109.14404296875,111.670654296875,90.635986328125,103.81689453125,high
184.589111328125,102.193359375,41.23779296875,109.340087890625,high
112.927490234375,112.435791015625,104.756591796875,110.03995768229167,high
76.0322265625,70.014892578125,74.59228515625,73.54646809895833,high
65.302001953125,50.57080078125,45.221923828125,53.6982421875,high
59.393798828125,42.374267578125,34.62841796875,45.465494791666664,high
75.946533203125,82.7783203125,80.4716796875,79.732177734375,high
86.916748046875,83.14013671875,73.900390625,81.319091796875,high
47.938232421875,43.893310546875,41.59521484375,44.4755859375,high
74.025146484375,74.025146484375,74.025146484375,74.025146484375,high
48.737548828125,37.127197265625,33.12353515625,39.662760416666664,high
60.981689453125,46.986328125,26.67919921875,44.882405598958336,high
90.086669921875,90.086669921875,90.086669921875,90.086669921875,high
74.18359375,60.540283203125,53.130126953125,62.618001302083336,high
85.634765625,73.36962890625,65.748779296875,74.917724609375,high
53.102294921875,57.6318359375,61.135986328125,57.2900390625,high
16.5224609375,13.291748046875,9.327392578125,13.047200520833334,high
34.71533203125,34.71533203125,34.7109375,34.7138671875,high
109.354248046875,118.1201171875,119.57470703125,115.68302408854167,high
75.76318359375,68.219970703125,64.750732421875,69.57796223958333,high
70.590087890625,70.590087890625,70.590087890625,70.590087890625,high
39.261474609375,45.87451171875,48.49462890625,44.543538411458336,high
45.053466796875,42.0234375,37.4560546875,41.510986328125,high
102.511962890625,79.868408203125,56.003662109375,79.46134440104167,high
39.29150390625,39.29150390625,39.29150390625,39.29150390625,high
55.475830078125,55.496826171875,55.482666015625,55.485107421875,high
79.8974609375,68.19580078125,57.63427734375,68.57584635416667,high
35.628173828125,32.2197265625,31.23388671875,33.027262369791664,high
44.638916015625,31.616455078125,29.558349609375,35.271240234375,high
108.8203125,112.297607421875,123.80615234375,114.97469075520833,high
45.0556640625,44.50390625,36.08447265625,41.88134765625,high
32.993896484375,32.993896484375,32.9892578125,32.992350260416664,high
123.7470703125,123.7470703125,123.7470703125,123.7470703125,high
18.744873046875,18.74609375,18.74658203125,18.745849609375,high
14.709228515625,20.28271484375,27.6904296875,20.894124348958332,high
53.030517578125,24.89599609375,11.13525390625,29.687255859375,high
122.648193359375,62.318115234375,82.386474609375,89.11759440104167,high
82.953125,85.974853515625,106.29833984375,91.74210611979167,high
75.427001953125,75.427001953125,75.427001953125,75.427001953125,high
35.689208984375,41.87890625,37.363525390625,38.310546875,high
86.9404296875,64.903076171875,42.12939453125,64.65763346354167,high
63.30859375,73.760986328125,64.84619140625,67.30525716145833,high
82.89990234375,87.272705078125,91.7333984375,87.302001953125,high
77.6455078125,75.410400390625,54.725830078125,69.26057942708333,high
27.802490234375,27.34130859375,24.786865234375,26.6435546875,high
65.001220703125,47.263916015625,30.437255859375,47.567464192708336,high
64.748779296875,35.82177734375,19.532470703125,40.034342447916664,high
55.591552734375,57.866943359375,56.265380859375,56.574625651041664,high
123.84228515625,123.84228515625,123.84228515625,123.84228515625,high
43.567138671875,43.56884765625,43.56640625,43.567464192708336,high
127.743408203125,147.089111328125,158.50732421875,144.44661458333334,high
32.9697265625,36.96826171875,35.541748046875,35.159912109375,high
20.798828125,10.560302734375,14.166015625,15.175048828125,high
61.073486328125,61.804931640625,62.0556640625,61.644694010416664,high
64.119140625,49.033935546875,41.801025390625,51.6513671875,high
34.670654296875,26.33740234375,25.9716796875,28.993245442708332,high
47.507080078125,47.507080078125,47.507080078125,47.507080078125,high
59.19482421875,55.595458984375,67.4482421875,60.746175130208336,high
101.214111328125,105.365234375,103.183837890625,103.25439453125,high
89.061279296875,68.669677734375,34.46142578125,64.06412760416667,high
64.27001953125,64.27001953125,64.27001953125,64.27001953125,high
18.167236328125,32.396240234375,41.214111328125,30.592529296875,high
34.20947265625,34.20947265625,34.20947265625,34.20947265625,high
38.3525390625,29.330078125,29.135986328125,32.272867838541664,high
62.903564453125,65.6171875,65.566650390625,64.69580078125,high
74.906494140625,70.66064453125,91.02099609375,78.86271158854167,high
48.312744140625,43.292724609375,41.876708984375,44.494059244791664,high
40.271240234375,46.36083984375,48.926025390625,45.18603515625,high
115.987060546875,110.329833984375,92.658447265625,106.32511393229167,high
35.1943359375,38.4560546875,34.869873046875,36.173421223958336,high
34.592529296875,30.95458984375,29.472900390625,31.67333984375,high
22.6494140625,27.260009765625,32.46435546875,27.457926432291668,high
84.82177734375,84.82177734375,84.82177734375,84.82177734375,high
26.35693359375,24.417236328125,37.047607421875,29.27392578125,high
80.445068359375,56.267578125,35.322509765625,57.345052083333336,high
32.82080078125,30.583740234375,30.5380859375,31.314208984375,high
19.708740234375,43.508056640625,44.671875,35.962890625,high
51.405517578125,31.199462890625,20.777587890625,34.460856119791664,high
39.94287109375,35.95068359375,32.0341796875,35.975911458333336,high
83.961669921875,83.978759765625,82.71630859375,83.55224609375,high
107.25537109375,93.89404296875,79.86181640625,93.67041015625,high
94.22802734375,71.1396484375,54.524169921875,73.29728190104167,high
101.78271484375,101.78564453125,101.78125,101.783203125,high
35.91162109375,35.912353515625,35.90869140625,35.910888671875,high
50.362060546875,55.553466796875,60.5283203125,55.481282552083336,high
110.238525390625,112.84716796875,102.829833984375,108.63850911458333,high
82.483154296875,75.93798828125,74.1015625,77.507568359375,high
66.995361328125,72.929931640625,71.556396484375,70.493896484375,high
49.95849609375,73.079833984375,55.297607421875,59.4453125,high
83.951416015625,83.303955078125,65.591552734375,77.61564127604167,high
132.528564453125,104.735595703125,64.044677734375,100.436279296875,high
25.88427734375,26.08984375,23.194580078125,25.056233723958332,high
106.825439453125,62.41796875,43.02001953125,70.75447591145833,high
11.6923828125,24.305908203125,52.00537109375,29.334554036458332,high
82.597900390625,91.49365234375,67.093994140625,80.39518229166667,high
94.589111328125,94.589111328125,94.589111328125,94.589111328125,high
75.476806640625,83.93798828125,65.688720703125,75.03450520833333,high
20.1103515625,22.102783203125,26.169189453125,22.794108072916668,high
77.6728515625,57.233154296875,39.97802734375,58.294677734375,high
21.28515625,21.2861328125,21.285400390625,21.285563151041668,high
86.01416015625,64.945068359375,29.527587890625,60.162272135416664,high
51.991455078125,33.575927734375,24.6826171875,36.75,high
10.370361328125,126.069580078125,194.676513671875,110.37215169270833,high
39.202880859375,45.220458984375,46.968994140625,43.797444661458336,high
58.451416015625,56.042236328125,59.611083984375,58.034912109375,high
68.484375,68.484375,68.484375,68.484375,high
42.7724609375,25.54638671875,22.26318359375,30.194010416666668,high
90.531005859375,82.239501953125,76.72265625,83.16438802083333,high
67.779541015625,67.781982421875,67.780517578125,67.78068033854167,high
63.78125,69.127685546875,70.011962890625,67.64029947916667,high
157.13720703125,118.604248046875,71.555908203125,115.76578776041667,high
56.539306640625,56.539306640625,56.539306640625,56.539306640625,high
40.254638671875,40.254638671875,40.254638671875,40.254638671875,high
156.278564453125,138.754638671875,103.98193359375,133.00504557291666,high
57.40576171875,57.68896484375,72.70458984375,62.599772135416664,high
70.75244140625,60.25341796875,49.367919921875,60.124593098958336,high
74.7177734375,74.7177734375,74.7177734375,74.7177734375,high
76.3779296875,76.3779296875,76.3779296875,76.3779296875,high
12.33740234375,12.33740234375,12.33740234375,12.33740234375,high
34.7939453125,29.81494140625,27.533447265625,30.714111328125,high
42.016357421875,42.016357421875,42.016357421875,42.016357421875,high
127.77197265625,141.0419921875,146.233642578125,138.34920247395834,high
15.2802734375,12.26171875,28.867431640625,18.803141276041668,high
51.39794921875,30.095458984375,22.6787109375,34.724039713541664,high
69.375732421875,51.0390625,32.966064453125,51.126953125,high
108.009765625,110.13037109375,110.912841796875,109.684326171875,high
27.960693359375,27.982177734375,27.761962890625,27.901611328125,high
109.377685546875,67.3828125,41.84130859375,72.86726888020833,high
74.63671875,74.63671875,74.63671875,74.63671875,high
29.195556640625,26.544677734375,27.91845703125,27.88623046875,high
154.625732421875,154.460693359375,147.78173828125,152.28938802083334,high
103.403564453125,103.403564453125,103.403564453125,103.403564453125,high
21.31640625,19.49169921875,23.420166015625,21.409423828125,high
90.14990234375,78.212890625,66.87158203125,78.41145833333333,high
70.291015625,43.50634765625,33.151611328125,48.982991536458336,high
13.58251953125,21.93701171875,33.46337890625,22.994303385416668,high
108.84423828125,135.7880859375,107.563232421875,117.39851888020833,high
92.4794921875,92.4794921875,92.4794921875,92.4794921875,high
42.787841796875,46.902099609375,58.327880859375,49.339274088541664,high
84.9599609375,84.9599609375,84.9599609375,84.9599609375,high
120.4345703125,114.237548828125,118.978759765625,117.88362630208333,high
32.876953125,42.238037109375,41.66015625,38.925048828125,high
31.37744140625,34.0263671875,34.589599609375,33.331136067708336,high
81.7529296875,89.822509765625,113.66796875,95.08113606770833,high
36.719482421875,36.719482421875,36.719482421875,36.719482421875,high
56.166259765625,57.51953125,56.45458984375,56.713460286458336,high
114.492919921875,138.939697265625,153.898193359375,135.77693684895834,high
60.6845703125,54.811767578125,53.47802734375,56.324788411458336,high
48.25927734375,57.728271484375,62.480224609375,56.155924479166664,high
98.12451171875,111.82177734375,111.830810546875,107.259033203125,high
108.62841796875,95.85888671875,80.301513671875,94.92960611979167,high
39.801025390625,34.904052734375,36.63623046875,37.11376953125,high
102.645751953125,102.645751953125,102.645751953125,102.645751953125,high
61.66552734375,52.572998046875,44.144775390625,52.79443359375,high
65.412841796875,37.230712890625,32.416259765625,45.019938151041664,high
66.888427734375,46.09912109375,48.966064453125,53.984537760416664,high
126.873046875,104.152587890625,84.78515625,105.270263671875,high
39.11767578125,39.11767578125,39.11767578125,39.11767578125,high
60.64501953125,46.19775390625,23.369140625,43.403971354166664,high
47.487060546875,51.830810546875,52.563720703125,50.627197265625,high
34.436767578125,30.53173828125,30.1337890625,31.700764973958332,high
55.531005859375,60.552978515625,61.456298828125,59.180094401041664,high
84.78466796875,102.99755859375,108.21240234375,98.66487630208333,high
37.35107421875,33.980712890625,33.99853515625,35.110107421875,high
82.12158203125,82.12158203125,82.12158203125,82.12158203125,high
96.006103515625,97.4765625,94.8974609375,96.126708984375,high
117.999755859375,112.71435546875,86.7724609375,105.828857421875,high
29.004150390625,24.022705078125,23.201416015625,25.409423828125,high
62.775634765625,64.213134765625,72.40625,66.46500651041667,high
121.04150390625,122.69482421875,119.25830078125,120.99820963541667,high
39.914306640625,39.914306640625,39.914306640625,39.914306640625,high
102.808349609375,102.808349609375,102.808349609375,102.808349609375,high
19.73291015625,22.243408203125,23.5419921875,21.839436848958332,high
62.393798828125,59.575439453125,63.9892578125,61.986165364583336,high
30.554443359375,30.229248046875,35.034912109375,31.939534505208332,high
23.1142578125,36.230224609375,32.181396484375,30.508626302083332,high
59.01025390625,58.374267578125,48.814208984375,55.399576822916664,high
18.54296875,18.54296875,18.54296875,18.54296875,high
71.7060546875,57.776123046875,51.114990234375,60.199055989583336,high
66.69921875,71.119384765625,66.993408203125,68.27067057291667,high
62.68603515625,44.5419921875,35.395263671875,47.541097005208336,high
23.421630859375,28.486572265625,29.511962890625,27.140055338541668,high
75.730224609375,56.869873046875,40.18408203125,57.5947265625,high
87.256591796875,62.341552734375,53.4111328125,67.66975911458333,high
60.041259765625,54.36962890625,53.41552734375,55.942138671875,high
68.510986328125,49.12841796875,36.546142578125,51.395182291666664,high
29.5205078125,33.96728515625,30.916748046875,31.468180338541668,high
89.913818359375,89.916259765625,89.9150390625,89.9150390625,high
90.1357421875,90.1357421875,90.1357421875,90.1357421875,high
31.421142578125,31.253662109375,33.724365234375,32.133056640625,high
98.240234375,99.40869140625,97.12841796875,98.25911458333333,high
218.0380859375,217.261474609375,218.488037109375,217.92919921875,high
147.9521484375,129.300537109375,124.348388671875,133.86702473958334,high
95.605712890625,93.433837890625,86.884765625,91.97477213541667,high
87.32568359375,77.878173828125,57.78662109375,74.33015950520833,high
8.530517578125,16.523681640625,31.503173828125,18.852457682291668,high
35.13720703125,31.6767578125,33.656982421875,33.490315755208336,high
92.8037109375,97.939208984375,97.81591796875,96.186279296875,high
105.511962890625,109.35009765625,121.047607421875,111.96988932291667,high
54.781005859375,54.781005859375,54.77490234375,54.778971354166664,high
69.806884765625,52.368408203125,48.113525390625,56.762939453125,high
58.06103515625,74.35302734375,49.45166015625,60.621907552083336,high
63.4677734375,49.864990234375,41.65185546875,51.661539713541664,high
52.767822265625,52.7685546875,52.240966796875,52.592447916666664,high
44.13720703125,31.41259765625,29.189697265625,34.913167317708336,high
90.76953125,90.416748046875,67.1064453125,82.76424153645833,high
31.93603515625,45.42626953125,59.017333984375,45.459879557291664,high
109.52783203125,56.3720703125,44.560791015625,70.153564453125,high
46.086181640625,38.774658203125,33.1591796875,39.340006510416664,high
100.16064453125,117.6630859375,110.65087890625,109.49153645833333,high
48.432373046875,48.432373046875,48.432373046875,48.432373046875,high
45.248779296875,14.644287109375,59.81494140625,39.902669270833336,high
50.683837890625,51.615478515625,55.019287109375,52.439534505208336,high
62.080810546875,80.5146484375,63.158447265625,68.58463541666667,high
40.201904296875,37.372802734375,37.724609375,38.43310546875,high
88.56396484375,82.92041015625,88.95849609375,86.81429036458333,high
72.644775390625,72.644775390625,72.644775390625,72.644775390625,high
12.7490234375,12.7490234375,12.7490234375,12.7490234375,high
101.169921875,126.677978515625,142.6923828125,123.513427734375,high
132.31103515625,98.609619140625,53.137939453125,94.68619791666667,high
48.01806640625,48.01806640625,48.01806640625,48.01806640625,high
81.98876953125,69.981689453125,58.408203125,70.126220703125,high
30.9697265625,30.9697265625,30.9697265625,30.9697265625,high
75.966552734375,77.153076171875,75.92041015625,76.3466796875,high
108.253173828125,96.70849609375,77.938720703125,94.30013020833333,high
141.8671875,120.453125,95.74072265625,119.35367838541667,high
125.5810546875,109.510009765625,121.71728515625,118.93611653645833,high
91.66259765625,93.987060546875,80.87255859375,88.84073893229167,high
32.858642578125,22.72119140625,20.061767578125,25.2138671875,high
146.042724609375,138.998046875,128.79443359375,137.945068359375,high
61.997314453125,56.2744140625,55.798583984375,58.0234375,high
40.63623046875,35.900146484375,32.57373046875,36.370035807291664,high
39.9765625,35.857666015625,32.259521484375,36.03125,high
99.02490234375,124.012451171875,113.094970703125,112.04410807291667,high
104.81689453125,106.28515625,97.095458984375,102.73250325520833,high
61.98974609375,61.98974609375,61.98974609375,61.98974609375,high
45.120361328125,38.52880859375,43.025390625,42.224853515625,high
71.52880859375,68.11572265625,62.037353515625,67.227294921875,high
43.074462890625,26.186279296875,23.622314453125,30.961018880208332,high
104.999755859375,85.16650390625,71.300537109375,87.15559895833333,high
162.48779296875,154.6533203125,145.589111328125,154.243408203125,high
170.539794921875,131.423583984375,128.598876953125,143.520751953125,high
60.363525390625,63.87841796875,67.052490234375,63.764811197916664,high
25.936767578125,28.097412109375,38.494140625,30.8427734375,high
110.47265625,113.240966796875,125.4306640625,116.38142903645833,high
45.7236328125,37.034423828125,31.4560546875,38.071370442708336,high
125.009765625,125.009765625,125.009765625,125.009765625,high
27.336669921875,26.935546875,23.199462890625,25.823893229166668,high
43.884033203125,33.53369140625,32.21533203125,36.544352213541664,high
153.41162109375,140.0849609375,121.83837890625,138.44498697916666,high
117.27978515625,84.696533203125,71.9892578125,91.32185872395833,high
37.140380859375,32.33251953125,33.48486328125,34.319254557291664,high
75.26708984375,74.924560546875,74.30517578125,74.832275390625,high
130.7216796875,57.4375,39.6611328125,75.94010416666667,high
75.903564453125,57.63232421875,40.818603515625,58.1181640625,high
77.357666015625,72.631591796875,90.939453125,80.3095703125,high
43.782470703125,40.50634765625,33.93017578125,39.406331380208336,high
117.512451171875,139.422119140625,149.540283203125,135.49161783854166,high
147.26025390625,137.672119140625,129.672607421875,138.20166015625,high
41.30029296875,39.626220703125,40.640380859375,40.522298177083336,high
96.71533203125,93.252685546875,81.565185546875,90.51106770833333,high
150.629150390625,138.30224609375,138.7216796875,142.551025390625,high
33.85205078125,33.85205078125,33.85205078125,33.85205078125,high
66.97021484375,61.177490234375,41.302001953125,56.483235677083336,high
28.976806640625,22.9091796875,21.881591796875,24.589192708333332,high
54.972900390625,61.405029296875,61.66943359375,59.34912109375,high
23.453369140625,23.453369140625,23.453369140625,23.453369140625,high
39.744873046875,39.744873046875,39.542724609375,39.677490234375,high
33.552001953125,21.40380859375,21.941650390625,25.632486979166668,high
45.5615234375,45.5615234375,45.5615234375,45.5615234375,high
101.522216796875,101.522216796875,101.522216796875,101.522216796875,high
26.583740234375,25.13330078125,23.443359375,25.053466796875,high
83.927001953125,87.036376953125,87.071044921875,86.011474609375,high
51.3076171875,74.243896484375,57.210205078125,60.920572916666664,high
138.952392578125,129.69921875,115.20166015625,127.95109049479167,high
25.04150390625,24.04443359375,31.8037109375,26.963216145833332,high
132.262939453125,138.7587890625,111.7958984375,127.60587565104167,high
60.199951171875,64.14208984375,60.35693359375,61.566324869791664,high
48.507568359375,36.304443359375,31.864013671875,38.892008463541664,high
52.25341796875,27.671142578125,20.583251953125,33.502604166666664,high
15.77783203125,18.09619140625,20.30419921875,18.059407552083332,high
72.137939453125,68.42724609375,65.0361328125,68.53377278645833,high
25.683837890625,31.07275390625,31.92236328125,29.559651692708332,high
34.787353515625,34.787353515625,34.787353515625,34.787353515625,high
33.03662109375,63.4013671875,79.1259765625,58.521321614583336,high
80.36865234375,87.895263671875,93.68115234375,87.31502278645833,high
29.95849609375,26.6767578125,26.947509765625,27.860921223958332,high
45.5634765625,45.5634765625,45.5634765625,45.5634765625,high
84.16015625,75.7890625,73.044677734375,77.66463216145833,high
54.53759765625,54.53759765625,54.53759765625,54.53759765625,high
154.38720703125,105.4599609375,70.122802734375,109.989990234375,high
87.945068359375,84.127685546875,75.165283203125,82.41267903645833,high
27.738037109375,21.982421875,23.396728515625,24.372395833333332,high
52.056640625,54.527587890625,56.59912109375,54.394449869791664,high
151.500732421875,154.610107421875,99.588134765625,135.23299153645834,high
97.33349609375,104.959228515625,101.109619140625,101.13411458333333,high
36.110107421875,29.94580078125,24.974365234375,30.343424479166668,high
39.741455078125,36.027587890625,45.159423828125,40.309488932291664,high
89.248779296875,91.249755859375,88.21533203125,89.5712890625,high
85.5,85.5,85.5,85.5,high
81.129638671875,81.129638671875,81.129638671875,81.129638671875,high
51.245361328125,38.400390625,35.542724609375,41.7294921875,high
148.988525390625,139.2626953125,129.65234375,139.30118815104166,high
51.506591796875,41.91552734375,36.197509765625,43.20654296875,high
86.33056640625,83.013671875,69.072509765625,79.47224934895833,high
41.68408203125,41.68408203125,41.684326171875,41.684163411458336,high
58.779052734375,58.934814453125,58.44287109375,58.718912760416664,high
63.19677734375,35.361083984375,17.974365234375,38.844075520833336,high
58.65771484375,25.396728515625,15.410888671875,33.155110677083336,high
89.562255859375,89.562255859375,89.562255859375,89.562255859375,high
85.05859375,82.084228515625,65.04931640625,77.39737955729167,high
129.920166015625,140.3759765625,74.443603515625,114.91324869791667,high
68.990478515625,54.985107421875,45.2412109375,56.405598958333336,high
32.12451171875,27.978515625,26.7265625,28.943196614583332,high
72.280517578125,127.804931640625,163.912353515625,121.33260091145833,high
52.13916015625,65.23486328125,79.9052734375,65.759765625,high
20.2578125,33.565673828125,32.2998046875,28.707763671875,high
76.0458984375,76.0458984375,76.0458984375,76.0458984375,high
64.9111328125,64.912109375,64.911865234375,64.91170247395833,high
26.22314453125,28.28173828125,35.630859375,30.045247395833332,high
26.474365234375,31.2490234375,38.07275390625,31.932047526041668,high
100.301025390625,77.74609375,63.105224609375,80.38411458333333,high
152.58984375,147.338623046875,138.5625,146.16365559895834,high
34.92431640625,33.029052734375,28.930908203125,32.294759114583336,high
20.05908203125,21.271728515625,20.44873046875,20.593180338541668,high
35.01123046875,35.01123046875,35.01123046875,35.01123046875,high
51.37353515625,37.39013671875,29.877197265625,39.546956380208336,high
18.232666015625,32.382080078125,41.720947265625,30.778564453125,high
40.987060546875,36.316162109375,32.7197265625,36.67431640625,high
56.34375,40.404541015625,32.412109375,43.053466796875,high
23.021240234375,16.407958984375,6.21533203125,15.21484375,high
42.9462890625,42.9462890625,42.9462890625,42.9462890625,high
6.391845703125,15.8515625,23.07421875,15.105875651041666,high
57.292724609375,66.372802734375,68.689453125,64.11832682291667,high
98.170166015625,98.60205078125,97.213623046875,97.99527994791667,high
93.4306640625,103.087158203125,105.9189453125,100.812255859375,high
124.253173828125,122.305908203125,118.974609375,121.84456380208333,high
39.582275390625,26.81884765625,21.62109375,29.340738932291668,high
24.21923828125,28.83447265625,32.07958984375,28.377766927083332,high
23.951171875,30.6279296875,32.28662109375,28.955240885416668,high
66.15380859375,69.859375,69.15185546875,68.38834635416667,high
29.06787109375,31.985595703125,34.558349609375,31.87060546875,high
13.77587890625,19.64599609375,19.2626953125,17.5615234375,low
171.21435546875,160.180419921875,149.71728515625,160.37068684895834,low
75.89990234375,73.78564453125,70.6845703125,73.45670572916667,low
13.4599609375,21.27001953125,32.830810546875,22.520263671875,low
64.179443359375,63.380859375,54.064697265625,60.541666666666664,low
80.767822265625,80.767822265625,80.767822265625,80.767822265625,low
137.03515625,137.03515625,137.03515625,137.03515625,low
45.321533203125,45.3203125,45.32080078125,45.320882161458336,low
31.679931640625,26.572021484375,22.782958984375,27.011637369791668,low
68.69921875,57.419921875,58.591796875,61.5703125,low
19.29248046875,19.738525390625,23.361572265625,20.797526041666668,low
42.29833984375,37.4365234375,26.270263671875,35.335042317708336,low
36.7685546875,35.2666015625,35.831298828125,35.955485026041664,low
83.005859375,72.04248046875,61.161376953125,72.06990559895833,low
109.44677734375,102.4697265625,95.159912109375,102.35880533854167,low
27.353271484375,23.150390625,15.867919921875,22.123860677083332,low
83.972900390625,83.972900390625,83.972900390625,83.972900390625,low
53.02197265625,53.02197265625,53.02197265625,53.02197265625,low
89.443115234375,91.125244140625,88.630859375,89.73307291666667,low
62.12890625,58.26904296875,39.655517578125,53.351155598958336,low
44.83740234375,38.285888671875,37.797607421875,40.306966145833336,low
81.966552734375,81.967529296875,81.94189453125,81.95865885416667,low
37.165283203125,22.390625,18.698974609375,26.0849609375,low
64.658935546875,57.864990234375,50.037353515625,57.520426432291664,low
63.604248046875,72.0927734375,82.353759765625,72.68359375,low
32.236083984375,45.287353515625,59.964599609375,45.829345703125,low
112.21875,123.925537109375,127.536376953125,121.22688802083333,low
122.140869140625,95.87646484375,80.655029296875,99.55745442708333,low
23.365966796875,21.414794921875,18.593505859375,21.124755859375,low
77.701416015625,73.583740234375,75.07666015625,75.45393880208333,low
63.454833984375,69.2431640625,71.948486328125,68.21549479166667,low
33.712646484375,26.06103515625,27.490234375,29.087972005208332,low
31.80615234375,30.150390625,29.58740234375,30.5146484375,low
57.751220703125,54.0576171875,45.733642578125,52.51416015625,low
52.2177734375,39.217529296875,33.836669921875,41.75732421875,low
64.77001953125,58.685546875,55.11767578125,59.5244140625,low
149.352783203125,118.91845703125,118.6640625,128.97843424479166,low
28.82421875,15.959716796875,16.70703125,20.496988932291668,low
51.02734375,50.837158203125,47.763916015625,49.876139322916664,low
36.621826171875,34.606201171875,35.027587890625,35.418538411458336,low
60.5576171875,72.06982421875,85.3544921875,72.66064453125,low
72.327392578125,78.9423828125,65.0673828125,72.11238606770833,low
50.98876953125,46.14306640625,42.843017578125,46.658284505208336,low
49.0185546875,50.725341796875,49.87451171875,49.872802734375,low
129.2392578125,102.800537109375,88.7626953125,106.93416341145833,low
97.69873046875,87.169921875,77.4345703125,87.43440755208333,low
45.271240234375,38.28271484375,35.295166015625,39.616373697916664,low
42.368408203125,34.42626953125,25.969970703125,34.2548828125,low
137.97900390625,144.658203125,174.7080078125,152.44840494791666,low
58.752197265625,50.5380859375,41.599365234375,50.296549479166664,low
45.19287109375,47.19189453125,49.159423828125,47.181396484375,low
44.443115234375,38.333251953125,35.848388671875,39.541585286458336,low
45.90869140625,75.202880859375,78.53466796875,66.54874674479167,low
41.8330078125,24.6875,14.338134765625,26.952880859375,low
23.25634765625,17.795654296875,19.319580078125,20.123860677083332,low
113.107177734375,126.27197265625,133.658203125,124.34578450520833,low
54.919189453125,61.4599609375,71.356689453125,62.57861328125,low
44.033935546875,44.37158203125,41.099853515625,43.16845703125,low
20.532470703125,18.798095703125,18.02685546875,19.119140625,low
65.6767578125,40.609619140625,28.482666015625,44.923014322916664,low
110.904052734375,125.28466796875,135.767333984375,123.9853515625,low
138.53076171875,133.55419921875,133.05517578125,135.04671223958334,low
37.49755859375,32.8388671875,35.0966796875,35.144368489583336,low
32.5634765625,26.11767578125,27.89990234375,28.8603515625,low
85.83056640625,71.62060546875,61.165771484375,72.872314453125,low
42.44873046875,42.52197265625,46.33251953125,43.767740885416664,low
67.309326171875,56.264404296875,41.083984375,54.885904947916664,low
37.545654296875,29.62890625,27.27978515625,31.484781901041668,low
31.935791015625,31.963623046875,31.91357421875,31.937662760416668,low
85.7294921875,85.372802734375,80.36572265625,83.82267252604167,low
129.08935546875,106.275390625,90.233154296875,108.53263346354167,low
59.8125,41.32421875,30.527099609375,43.887939453125,low
54.736328125,66.663330078125,87.838134765625,69.74593098958333,low
107.337890625,118.888671875,111.094482421875,112.44034830729167,low
71.93310546875,97.612548828125,60.030029296875,76.52522786458333,low
24.236572265625,22.056884765625,22.26318359375,22.852213541666668,low
78.36181640625,78.36181640625,78.36181640625,78.36181640625,low
31.264404296875,28.66357421875,30.0458984375,29.991292317708332,low
96.570556640625,94.50830078125,92.4443359375,94.50773111979167,low
58.382568359375,54.697998046875,35.87548828125,49.652018229166664,low
58.72998046875,70.492919921875,81.6455078125,70.28946940104167,low
36.10595703125,25.5927734375,19.3759765625,27.02490234375,low
39.40478515625,44.730712890625,48.049072265625,44.0615234375,low
66.338134765625,58.44287109375,50.097900390625,58.29296875,low
26.962158203125,26.962158203125,26.962158203125,26.962158203125,low
85.6669921875,90.648193359375,88.7880859375,88.36775716145833,low
18.546875,17.396240234375,16.069091796875,17.33740234375,low
133.01806640625,133.01806640625,133.01806640625,133.01806640625,low
89.8984375,65.97265625,40.405029296875,65.42537434895833,low
27.34716796875,24.899169921875,26.840576171875,26.3623046875,low
45.287841796875,38.245849609375,35.4033203125,39.645670572916664,low
15.5302734375,14.55908203125,17.365234375,15.818196614583334,low
19.517822265625,18.128662109375,20.244140625,19.296875,low
54.964599609375,62.639892578125,75.908935546875,64.50447591145833,low
30.847900390625,22.264404296875,23.733642578125,25.615315755208332,low
105.471435546875,105.471435546875,105.471435546875,105.471435546875,low
51.177734375,41.36572265625,25.850341796875,39.464599609375,low
67.923095703125,59.16796875,54.941650390625,60.677571614583336,low
68.03271484375,100.865234375,141.89501953125,103.59765625,low
64.726318359375,63.062255859375,64.166015625,63.98486328125,low
22.617431640625,21.179931640625,23.6162109375,22.47119140625,low
29.68505859375,26.791748046875,26.6435546875,27.706787109375,low
82.28515625,71.29931640625,61.081298828125,71.55525716145833,low
70.591552734375,53.23291015625,41.10400390625,54.976155598958336,low
24.076171875,29.07958984375,35.464111328125,29.539957682291668,low
72.7685546875,66.9091796875,55.66650390625,65.11474609375,low
42.592041015625,56.014404296875,107.668701171875,68.75838216145833,low
119.93359375,143.73779296875,184.906494140625,149.52596028645834,low
118.7431640625,168.95556640625,219.2099609375,168.96956380208334,low
28.5869140625,21.49169921875,22.7119140625,24.263509114583332,low
41.1376953125,35.587158203125,35.85302734375,37.525960286458336,low
61.32568359375,61.07763671875,58.49267578125,60.298665364583336,low
25.53564453125,35.04541015625,48.09228515625,36.224446614583336,low
66.1875,56.939697265625,52.771728515625,58.632975260416664,low
107.9052734375,115.572265625,114.103271484375,112.52693684895833,low
72.291748046875,72.291748046875,72.291748046875,72.291748046875,low
31.9091796875,17.446533203125,17.300537109375,22.21875,low
39.218017578125,26.628662109375,25.380126953125,30.408935546875,low
27.367431640625,21.201416015625,19.932861328125,22.833902994791668,low
23.156982421875,21.314697265625,18.757568359375,21.076416015625,low
65.048828125,59.265380859375,57.50244140625,60.605550130208336,low
48.979736328125,56.17724609375,64.43798828125,56.531656901041664,low
57.84814453125,28.44482421875,20.677978515625,35.656982421875,low
95.195556640625,84.738037109375,70.369873046875,83.43448893229167,low
19.7255859375,19.611572265625,27.55615234375,22.297770182291668,low
26.1103515625,26.11376953125,26.1142578125,26.11279296875,low
119.627197265625,135.4130859375,140.91015625,131.98347981770834,low
59.264404296875,66.99658203125,74.304931640625,66.85530598958333,low
65.74658203125,67.487548828125,67.105712890625,66.77994791666667,low
20.2490234375,19.72900390625,23.423583984375,21.133870442708332,low
100.459716796875,135.449951171875,160.16943359375,132.0263671875,low
99.967529296875,108.796630859375,111.052978515625,106.605712890625,low
70.938232421875,70.938232421875,70.938232421875,70.938232421875,low
23.64306640625,20.539306640625,16.12548828125,20.102620442708332,low
31.3330078125,31.3330078125,31.3330078125,31.3330078125,low
26.881591796875,23.2578125,18.943603515625,23.027669270833332,low
44.81640625,47.253173828125,48.17333984375,46.747639973958336,low
90.455078125,90.494873046875,93.41162109375,91.453857421875,low
41.9609375,41.961181640625,41.960205078125,41.960774739583336,low
39.744873046875,34.341064453125,30.992919921875,35.026285807291664,low
109.765625,109.765625,109.765625,109.765625,low
54.328369140625,53.12841796875,54.974609375,54.143798828125,low
73.428466796875,73.428466796875,73.428466796875,73.428466796875,low
40.376708984375,38.3623046875,40.291015625,39.676676432291664,low
19.06884765625,19.06884765625,19.06884765625,19.06884765625,low
68.2353515625,51.878662109375,59.1650390625,59.759684244791664,low
54.02294921875,56.209228515625,54.304443359375,54.845540364583336,low
54.73583984375,56.166259765625,55.994140625,55.632080078125,low
69.98681640625,82.763671875,126.111572265625,92.95402018229167,low
125.5947265625,133.28515625,129.21044921875,129.36344401041666,low
25.0107421875,21.77099609375,21.0458984375,22.609212239583332,low
36.7919921875,40.505126953125,43.0849609375,40.127360026041664,low
92.67724609375,82.457763671875,85.0791015625,86.738037109375,low
104.69921875,102.06591796875,73.350830078125,93.37198893229167,low
33.63916015625,24.842529296875,29.69140625,29.391031901041668,low
42.2705078125,37.596923828125,26.128173828125,35.331868489583336,low
19.514404296875,16.593994140625,21.1630859375,19.090494791666668,low
26.888916015625,22.80615234375,15.890625,21.861897786458332,low
26.271240234375,26.272216796875,26.271240234375,26.271565755208332,low
28.38427734375,28.38427734375,28.38427734375,28.38427734375,low
21.111572265625,18.9033203125,18.455810546875,19.490234375,low
20.423583984375,18.61474609375,19.25537109375,19.431233723958332,low
79.595703125,55.786376953125,36.681640625,57.354573567708336,low
69.670166015625,94.28173828125,100.347900390625,88.09993489583333,low
121.897705078125,125.69091796875,109.743408203125,119.11067708333333,low
73.40673828125,73.40673828125,73.40673828125,73.40673828125,low
14.416259765625,14.416259765625,14.416259765625,14.416259765625,low
149.49658203125,131.86328125,101.050537109375,127.47013346354167,low
86.611572265625,86.611572265625,85.12158203125,86.11490885416667,low
37.063720703125,31.824951171875,31.78466796875,33.557779947916664,low
74.75146484375,65.949462890625,64.423583984375,68.37483723958333,low
25.641357421875,35.10009765625,48.05908203125,36.266845703125,low
45.336181640625,46.22314453125,46.70361328125,46.087646484375,low
23.677978515625,19.57568359375,20.515380859375,21.25634765625,low
44.564697265625,25.6953125,25.794921875,32.018310546875,low
64.84228515625,58.587158203125,55.298095703125,59.575846354166664,low
29.551513671875,21.536865234375,29.918701171875,27.002360026041668,low
32.406494140625,23.938232421875,24.572021484375,26.972249348958332,low
126.056884765625,87.3994140625,52.951171875,88.802490234375,low
130.345458984375,122.661376953125,100.663330078125,117.89005533854167,low
109.035400390625,123.676513671875,137.365478515625,123.359130859375,low
48.174072265625,43.18017578125,38.52392578125,43.292724609375,low
53.26708984375,70.762451171875,74.783447265625,66.27099609375,low
82.389892578125,82.389892578125,82.389892578125,82.389892578125,low
106.592529296875,116.52978515625,111.069580078125,111.39729817708333,low
71.65625,62.572509765625,51.76806640625,61.998942057291664,low
73.94677734375,76.847412109375,75.32421875,75.372802734375,low
12.452392578125,19.64306640625,38.175537109375,23.423665364583332,low
22.89111328125,27.375,32.2880859375,27.51806640625,low
62.794921875,58.02783203125,54.84765625,58.556803385416664,low
114.122802734375,138.015869140625,138.896484375,130.34505208333334,low
52.361328125,54.498779296875,52.76708984375,53.209065755208336,low
60.118896484375,79.776611328125,84.142578125,74.67936197916667,low
19.554931640625,16.567138671875,21.158203125,19.093424479166668,low
57.968505859375,32.07666015625,26.123291015625,38.722819010416664,low
53.453369140625,59.861328125,69.189453125,60.834716796875,low
28.93310546875,33.47705078125,45.1142578125,35.841471354166664,low
55.568359375,39.444091796875,33.853515625,42.955322265625,low
20.656494140625,20.600830078125,21.0869140625,20.781412760416668,low
25.531494140625,5.12060546875,1.8837890625,10.845296223958334,low
56.346435546875,35.29052734375,19.954345703125,37.197102864583336,low
46.862548828125,41.9462890625,89.703369140625,59.504069010416664,low
72.650390625,52.064697265625,37.157958984375,53.957682291666664,low
34.08154296875,25.73583984375,30.527099609375,30.114827473958332,low
135.92919921875,135.92919921875,135.92919921875,135.92919921875,low
164.224365234375,171.893798828125,167.25048828125,167.78955078125,low
100.548828125,139.5068359375,179.58447265625,139.88004557291666,low
21.641845703125,21.877685546875,23.121337890625,22.213623046875,low
70.502685546875,56.70703125,56.1533203125,61.121012369791664,low
48.407470703125,47.390380859375,42.880859375,46.226236979166664,low
137.364990234375,141.479248046875,142.98046875,140.60823567708334,low
50.18212890625,55.07861328125,63.32470703125,56.195149739583336,low
41.783935546875,37.01123046875,26.271484375,35.022216796875,low
106.974853515625,66.299072265625,24.503173828125,65.92569986979167,low
39.20458984375,42.151123046875,41.16943359375,40.841715494791664,low
12.5078125,11.223876953125,10.47314453125,11.401611328125,low
29.724853515625,33.43115234375,39.462890625,34.206298828125,low
53.0712890625,51.056884765625,46.056396484375,50.0615234375,low
143.98583984375,132.90478515625,115.385009765625,130.758544921875,low
43.785888671875,38.612060546875,36.970947265625,39.789632161458336,low
55.877685546875,59.65283203125,77.274169921875,64.26822916666667,low
102.357177734375,91.697265625,83.622802734375,92.55908203125,low
78.365478515625,79.36328125,78.415283203125,78.71468098958333,low
120.896484375,124.822265625,109.278076171875,118.332275390625,low
66.40869140625,51.917724609375,50.7919921875,56.372802734375,low
83.38671875,82.21923828125,107.97998046875,91.1953125,low
56.060546875,56.060546875,56.060546875,56.060546875,low
174.745361328125,169.85107421875,155.829833984375,166.80875651041666,low
28.08056640625,25.30029296875,26.151611328125,26.510823567708332,low
4.726318359375,15.775146484375,37.130859375,19.210774739583332,low
46.74951171875,19.47900390625,4.0126953125,23.413736979166668,low
79.344482421875,84.9736328125,79.662109375,81.32674153645833,low
34.6318359375,37.071044921875,46.300048828125,39.334309895833336,low
20.751220703125,16.295654296875,21.4091796875,19.4853515625,low
82.7294921875,82.7294921875,82.7294921875,82.7294921875,low
150.5908203125,148.9326171875,150.482666015625,150.00203450520834,low
52.8515625,58.735595703125,68.095458984375,59.894205729166664,low
60.134765625,57.7255859375,57.722900390625,58.527750651041664,low
52.07421875,52.07421875,52.07421875,52.07421875,low
134.458740234375,157.11328125,142.011962890625,144.52799479166666,low
28.69384765625,23.123291015625,26.3173828125,26.044840494791668,low
35.73291015625,40.23828125,46.633544921875,40.868245442708336,low
68.115966796875,93.419677734375,99.886962890625,87.140869140625,low
63.4072265625,63.615478515625,62.619873046875,63.214192708333336,low
21.87060546875,16.863525390625,21.169189453125,19.9677734375,low
39.414306640625,31.59033203125,30.7216796875,33.908772786458336,low
50.48095703125,41.276123046875,36.6083984375,42.788492838541664,low
43.295166015625,30.599609375,39.20751953125,37.700764973958336,low
62.494384765625,70.02392578125,81.19580078125,71.238037109375,low
80.17919921875,92.296875,87.25390625,86.57666015625,low
62.055908203125,69.4013671875,80.184326171875,70.54720052083333,low
46.598388671875,40.098388671875,29.140869140625,38.612548828125,low
44.564697265625,41.32080078125,36.565185546875,40.81689453125,low
50.169677734375,50.169921875,50.16796875,50.169189453125,low
29.1025390625,25.89013671875,25.854736328125,26.949137369791668,low
58.75830078125,43.44384765625,26.576904296875,42.926350911458336,low
33.74462890625,25.76171875,21.4326171875,26.979654947916668,low
85.294677734375,62.247802734375,37.770751953125,61.771077473958336,low
70.715576171875,61.203369140625,49.9892578125,60.636067708333336,low
53.164794921875,44.8203125,40.044921875,46.010009765625,low
63.319580078125,70.6611328125,81.005859375,71.66219075520833,low
138.60009765625,114.72119140625,106.119873046875,119.813720703125,low
20.750732421875,20.750732421875,20.75,20.75048828125,low
53.3916015625,55.6064453125,53.853271484375,54.283772786458336,low
35.4130859375,49.3330078125,41.637939453125,42.128011067708336,low
94.714111328125,99.08837890625,96.25048828125,96.684326171875,low
54.51708984375,54.519775390625,54.521484375,54.519449869791664,low
133.8974609375,137.025634765625,122.686767578125,131.20328776041666,low
101.9365234375,101.9365234375,101.9365234375,101.9365234375,low
58.452880859375,58.6796875,57.8369140625,58.323160807291664,low
87.2265625,65.526611328125,35.0400390625,62.597737630208336,low
81.18701171875,80.970703125,91.87158203125,84.67643229166667,low
157.082275390625,114.80078125,60.65185546875,110.844970703125,low
27.165771484375,22.71044921875,15.747802734375,21.874674479166668,low
31.7919921875,35.304931640625,42.6376953125,36.578206380208336,low
73.67626953125,77.06396484375,75.4072265625,75.38248697916667,low
155.346435546875,146.852294921875,140.453369140625,147.55069986979166,low
44.39208984375,44.39208984375,44.39208984375,44.39208984375,low
92.339111328125,89.883544921875,94.977294921875,92.39998372395833,low
34.979248046875,28.639404296875,30.09619140625,31.23828125,low
44.0029296875,44.0029296875,44.0029296875,44.0029296875,low
55.678955078125,44.108642578125,37.6640625,45.817220052083336,low
64.158447265625,72.49658203125,83.2373046875,73.29744466145833,low
70.619384765625,96.55419921875,102.976318359375,90.04996744791667,low
51.05908203125,37.729736328125,35.5390625,41.442626953125,low
65.4208984375,59.81201171875,56.458251953125,60.563720703125,low
22.455078125,21.774169921875,23.931884765625,22.720377604166668,low
29.628173828125,17.30322265625,16.963134765625,21.298177083333332,low
93.221923828125,116.24462890625,141.64404296875,117.036865234375,low
45.67236328125,40.67431640625,29.045166015625,38.463948567708336,low
135.33447265625,114.27783203125,97.425048828125,115.67911783854167,low
107.6826171875,107.6826171875,107.6826171875,107.6826171875,low
52.376220703125,43.2548828125,44.312744140625,46.64794921875,low
32.853271484375,18.020263671875,16.216064453125,22.363199869791668,low
99.9755859375,87.486328125,89.260009765625,92.24064127604167,low
42.596923828125,37.535400390625,27.045166015625,35.725830078125,low
21.444580078125,19.064208984375,18.73876953125,19.749186197916668,low
35.388671875,31.55029296875,31.410888671875,32.783284505208336,low
22.917724609375,29.02587890625,35.243896484375,29.0625,low
26.321533203125,14.658935546875,16.595703125,19.192057291666668,low
41.48388671875,28.650146484375,28.766357421875,32.966796875,low
63.84130859375,72.399658203125,83.006103515625,73.08235677083333,low
120.51220703125,142.621826171875,136.711669921875,133.28190104166666,low
22.235107421875,20.4716796875,26.677978515625,23.128255208333332,low
21.134033203125,18.082275390625,18.52099609375,19.245768229166668,low
136.47802734375,136.47802734375,136.47802734375,136.47802734375,low
33.200927734375,25.8515625,21.833251953125,26.9619140625,low
51.541748046875,49.235595703125,44.01708984375,48.264811197916664,low
36.0830078125,33.190185546875,34.544921875,34.606038411458336,low
52.97412109375,55.130859375,52.88525390625,53.663411458333336,low
39.982666015625,16.910888671875,4.239013671875,20.377522786458332,low
34.3671875,32.542236328125,33.118896484375,33.3427734375,low
22.085693359375,18.519287109375,18.35302734375,19.652669270833332,low
72.142333984375,76.18603515625,75.8662109375,74.73152669270833,low
86.53125,64.7236328125,34.26953125,61.841471354166664,low
30.61328125,32.447265625,32.704833984375,31.921793619791668,low
23.659423828125,6.197998046875,2.72265625,10.860026041666666,low
19.761962890625,19.830810546875,23.831298828125,21.141357421875,low
51.04248046875,38.85107421875,37.574951171875,42.489501953125,low
72.488525390625,77.00732421875,75.33642578125,74.944091796875,low
35.21484375,35.21484375,35.21484375,35.21484375,low
40.063720703125,38.542724609375,37.62060546875,38.742350260416664,low
97.662353515625,97.65087890625,96.966552734375,97.42659505208333,low
15.990478515625,19.84423828125,26.939697265625,20.9248046875,low
69.07958984375,67.162353515625,65.10205078125,67.11466471354167,low
72.03955078125,53.6025390625,43.004638671875,56.215576171875,low
54.459716796875,52.382080078125,47.17578125,51.339192708333336,low
69.319580078125,101.358154296875,142.4521484375,104.37662760416667,low
69.52587890625,96.34375,103.1279296875,89.66585286458333,low
45.874267578125,38.9453125,39.9443359375,41.587972005208336,low
40.833740234375,38.27880859375,28.74560546875,35.952718098958336,low
73.109375,73.109375,73.109375,73.109375,low
5.251953125,18.3828125,26.3447265625,16.659830729166668,low
59.366943359375,49.052001953125,45.92236328125,51.447102864583336,low
46.771240234375,43.989990234375,38.4697265625,43.076985677083336,low
78.892822265625,113.25439453125,121.94677734375,104.697998046875,low
53.358154296875,41.03271484375,38.525634765625,44.305501302083336,low
50.742431640625,39.07470703125,34.3935546875,41.403564453125,low
81.319580078125,59.483154296875,36.81591796875,59.206217447916664,low
85.341064453125,63.77294921875,34.17333984375,61.095784505208336,low
85.578369140625,83.044189453125,83.2998046875,83.97412109375,low
11.465087890625,13.8125,8.060302734375,11.112630208333334,low
60.232421875,54.426025390625,52.037109375,55.565185546875,low
54.8935546875,40.6953125,39.115234375,44.9013671875,low
100.6728515625,123.356201171875,131.795654296875,118.60823567708333,low
214.826416015625,164.468505859375,128.79052734375,169.36181640625,low
89.028076171875,63.007568359375,51.302490234375,67.77937825520833,low
46.0048828125,38.041748046875,32.862548828125,38.9697265625,low
100.5673828125,93.6484375,85.177490234375,93.131103515625,low
64.298095703125,57.0341796875,49.317138671875,56.883138020833336,low
95.54541015625,68.06005859375,53.12744140625,72.24430338541667,low
134.796875,110.896240234375,91.157958984375,112.28369140625,low
25.079833984375,21.460205078125,24.11962890625,23.55322265625,low
32.517333984375,30.52392578125,29.2041015625,30.748453776041668,low
34.286865234375,30.58154296875,30.734619140625,31.86767578125,low
27.501953125,23.8779296875,20.83642578125,24.072102864583332,low
105.630126953125,117.2265625,121.185546875,114.68074544270833,low
24.469482421875,20.939697265625,22.577392578125,22.662190755208332,low
50.316162109375,47.766357421875,43.563232421875,47.215250651041664,low
18.6826171875,24.108154296875,33.69189453125,25.494222005208332,low
62.895751953125,54.894775390625,50.94287109375,56.244466145833336,low
148.279541015625,160.001953125,140.760009765625,149.68050130208334,low
35.6240234375,26.963623046875,31.843994140625,31.477213541666668,low
31.60986328125,24.04736328125,24.14111328125,26.599446614583332,low
37.322998046875,49.902099609375,53.5712890625,46.93212890625,low
26.196533203125,21.881103515625,24.365966796875,24.147867838541668,low
69.99072265625,94.864013671875,101.057373046875,88.63736979166667,low
70.0302734375,95.150390625,101.974853515625,89.05183919270833,low
75.9306640625,81.43359375,79.346923828125,78.90372721354167,low
77.637939453125,76.396240234375,68.716552734375,74.250244140625,low
70.029541015625,69.808349609375,52.855712890625,64.231201171875,low
22.744384765625,6.01513671875,1.96533203125,10.241617838541666,low
39.552001953125,26.9716796875,25.74853515625,30.757405598958332,low
21.0185546875,18.803955078125,18.486083984375,19.436197916666668,low
40.874755859375,39.134033203125,39.144775390625,39.717854817708336,low
45.2890625,41.5556640625,38.368408203125,41.737711588541664,low
30.953857421875,27.34375,26.983154296875,28.426920572916668,low
36.160400390625,33.981689453125,34.267578125,34.80322265625,low
119.32470703125,140.81884765625,137.530517578125,132.55802408854166,low
86.41845703125,86.684814453125,64.946533203125,79.34993489583333,low
23.1396484375,21.441162109375,19.523193359375,21.368001302083332,low
53.8876953125,55.474609375,55.72265625,55.0283203125,low
28.933837890625,26.9541015625,28.802734375,28.230224609375,low
11.082275390625,10.83251953125,18.724609375,13.546468098958334,low
159.54345703125,154.99658203125,150.728271484375,155.08943684895834,low
119.923583984375,123.59912109375,109.2431640625,117.588623046875,low
52.973388671875,52.973388671875,52.359375,52.768717447916664,low
46.237548828125,46.238037109375,45.85009765625,46.108561197916664,low
94.495849609375,84.40576171875,69.39501953125,82.76554361979167,low
71.333251953125,61.634033203125,51.153564453125,61.373616536458336,low
174.282470703125,158.819580078125,134.9111328125,156.00439453125,low
117.633056640625,142.0029296875,142.075927734375,133.90397135416666,low
7.3505859375,9.0302734375,9.4462890625,8.609049479166666,low
44.69580078125,37.290771484375,38.540283203125,40.175618489583336,low
178.375732421875,176.71728515625,178.85791015625,177.983642578125,low
30.219482421875,26.154541015625,26.357421875,27.5771484375,low
60.332763671875,73.077392578125,87.22607421875,73.54541015625,low
52.078857421875,46.49072265625,40.22216796875,46.263916015625,low
123.748046875,107.418212890625,101.012451171875,110.72623697916667,low
116.8828125,139.702392578125,137.76611328125,131.450439453125,low
100.304931640625,116.0576171875,122.65478515625,113.00577799479167,low
61.652587890625,56.242919921875,53.072998046875,56.989501953125,low
49.410400390625,51.351806640625,49.56689453125,50.109700520833336,low
21.92822265625,19.31689453125,18.962890625,20.0693359375,low
60.393798828125,52.246337890625,44.826416015625,52.488850911458336,low
33.7001953125,33.716796875,33.7060546875,33.707682291666664,low
97.2314453125,86.12744140625,89.087646484375,90.81551106770833,low
70.421630859375,64.015625,61.405029296875,65.28076171875,low
24.526611328125,21.115966796875,24.322021484375,23.321533203125,low
52.569580078125,60.36181640625,68.42138671875,60.450927734375,low
36.851318359375,27.641357421875,23.08203125,29.191569010416668,low
54.62451171875,61.515625,88.6005859375,68.24690755208333,low
57.26416015625,50.109130859375,43.4169921875,50.263427734375,low
26.59326171875,14.046142578125,16.07080078125,18.903401692708332,low
53.13330078125,43.408447265625,38.53466796875,45.025472005208336,low
24.75732421875,20.178955078125,24.218017578125,23.051432291666668,low
132.556640625,107.24853515625,81.30908203125,107.0380859375,low
34.87744140625,31.26220703125,31.14013671875,32.426595052083336,low
66.687744140625,82.89892578125,87.37841796875,78.98836263020833,low
29.3818359375,37.0625,46.885498046875,37.776611328125,low
31.8642578125,26.9990234375,29.0859375,29.31640625,low
31.40234375,36.553466796875,42.85546875,36.937093098958336,low
63.173583984375,63.18505859375,63.1787109375,63.179117838541664,low
166.880859375,191.3466796875,197.95068359375,185.39274088541666,low
106.216552734375,133.0869140625,164.31396484375,134.53914388020834,low
36.187255859375,33.883056640625,36.977783203125,35.682698567708336,low
99.896728515625,87.261962890625,76.5234375,87.89404296875,low
83.380126953125,81.651123046875,79.083740234375,81.37166341145833,low
42.34375,45.603271484375,56.87939453125,48.275472005208336,low
63.76708984375,70.975341796875,80.856689453125,71.86637369791667,low
40.487548828125,40.48828125,40.486572265625,40.487467447916664,low
96.656494140625,81.80126953125,78.496826171875,85.65152994791667,low
179.50048828125,183.146728515625,184.60595703125,182.417724609375,low
36.425048828125,33.92822265625,32.78759765625,34.380289713541664,low
216.264404296875,220.2509765625,222.88671875,219.80069986979166,low
69.385498046875,53.835205078125,51.618896484375,58.279866536458336,low
16.783203125,10.241943359375,19.98974609375,15.671630859375,low
74.874755859375,70.009033203125,75.415771484375,73.43318684895833,low
93.869140625,68.510986328125,63.840576171875,75.40690104166667,low
92.6982421875,92.229736328125,94.88671875,93.27156575520833,low
84.87109375,77.3251953125,76.799560546875,79.665283203125,low
70.7138671875,70.737548828125,70.726318359375,70.72591145833333,low
94.490966796875,84.52001953125,75.085693359375,84.69889322916667,low
113.52197265625,99.738525390625,80.864013671875,98.04150390625,low
40.906005859375,34.093017578125,33.420166015625,36.139729817708336,low
46.9794921875,41.40673828125,43.1025390625,43.82958984375,low
46.4931640625,46.4931640625,46.050048828125,46.345458984375,low
91.2041015625,78.936767578125,80.18115234375,83.440673828125,low
40.77978515625,30.341064453125,24.830322265625,31.983723958333332,low
129.25244140625,147.23388671875,150.939453125,142.47526041666666,low
23.02001953125,35.437255859375,47.166015625,35.207763671875,low
101.211181640625,103.1337890625,87.799560546875,97.38151041666667,low
100.88818359375,110.63525390625,117.29296875,109.60546875,low
28.264404296875,24.845458984375,21.642333984375,24.917399088541668,low
100.55419921875,100.55419921875,100.55419921875,100.55419921875,low
26.23486328125,20.201171875,22.4287109375,22.954915364583332,low
50.602783203125,55.2021484375,63.483642578125,56.429524739583336,low
52.581298828125,81.112060546875,111.62109375,81.771484375,low
91.058349609375,80.0234375,77.366943359375,82.81624348958333,low
100.184814453125,80.463623046875,68.630615234375,83.093017578125,low
71.76708984375,49.94677734375,39.128173828125,53.614013671875,low
70.598876953125,61.037109375,49.2509765625,60.295654296875,low
132.390869140625,125.981689453125,116.318359375,124.89697265625,low
32.037353515625,28.736083984375,28.855224609375,29.876220703125,low
25.51025390625,20.6953125,20.93115234375,22.37890625,low
119.974365234375,105.614013671875,98.510498046875,108.032958984375,low
137.21533203125,133.60205078125,127.19921875,132.67220052083334,low
93.365966796875,93.365966796875,91.8935546875,92.87516276041667,low
24.219970703125,35.464111328125,83.828369140625,47.837483723958336,low
21.595703125,17.23779296875,21.329345703125,20.054280598958332,low
31.635498046875,28.253662109375,27.905029296875,29.264729817708332,low
103.93212890625,104.7822265625,110.33203125,106.34879557291667,low
158.171630859375,155.1962890625,153.547607421875,155.63850911458334,low
94.517822265625,84.16748046875,69.513671875,82.73299153645833,low
130.873779296875,148.8564453125,135.881591796875,138.53727213541666,low
18.415771484375,14.656005859375,18.939208984375,17.336995442708332,low
64.220703125,87.233154296875,104.010986328125,85.15494791666667,low
199.535888671875,198.85205078125,202.857177734375,200.4150390625,low
40.981201171875,42.08203125,40.955810546875,41.339680989583336,low
82.997802734375,82.997802734375,82.997802734375,82.997802734375,low
151.578857421875,150.72021484375,149.65966796875,150.65291341145834,low
20.771240234375,19.484375,22.937255859375,21.064290364583332,low
64.982421875,58.216552734375,54.300048828125,59.166341145833336,low
95.3837890625,109.856201171875,134.787353515625,113.34244791666667,low
46.4765625,41.3603515625,40.995361328125,42.944091796875,low
63.250732421875,38.11181640625,24.467529296875,41.943359375,low
30.2421875,25.732177734375,29.510986328125,28.4951171875,low
23.509765625,22.963134765625,29.251220703125,25.241373697916668,low
30.96240234375,24.437255859375,22.460205078125,25.953287760416668,low
27.073974609375,24.975341796875,26.656005859375,26.235107421875,low
11.160400390625,6.00927734375,4.05615234375,7.075276692708333,low
211.437744140625,202.54638671875,187.6982421875,200.560791015625,low
115.648681640625,133.96923828125,137.52734375,129.04842122395834,low
63.9453125,72.261474609375,83.2431640625,73.14998372395833,low
40.5185546875,32.51611328125,31.428466796875,34.821044921875,low
49.10498046875,41.9248046875,38.265625,43.098470052083336,low
102.52783203125,118.77880859375,131.66845703125,117.65836588541667,low
135.92578125,139.2392578125,148.129638671875,141.09822591145834,low
112.90478515625,112.90478515625,112.90478515625,112.90478515625,low
53.236083984375,48.580322265625,47.344970703125,49.720458984375,low
98.232421875,98.232421875,98.232421875,98.232421875,low
110.053955078125,119.87744140625,128.124267578125,119.35188802083333,low
59.698486328125,59.823486328125,56.644287109375,58.722086588541664,low
97.29296875,106.46435546875,109.19873046875,104.31868489583333,low
34.5595703125,27.592529296875,22.422119140625,28.19140625,low
40.7333984375,31.18212890625,29.763427734375,33.892985026041664,low
136.309814453125,136.309814453125,136.309814453125,136.309814453125,low
70.7119140625,91.0126953125,106.89990234375,89.54150390625,low
79.35205078125,79.35205078125,79.350830078125,79.35164388020833,low
85.643310546875,82.97265625,62.830322265625,77.14876302083333,low
15.3701171875,18.28076171875,20.904541015625,18.185139973958332,low
45.31982421875,43.39697265625,36.029296875,41.58203125,low
21.704833984375,21.681884765625,27.729248046875,23.705322265625,low
77.085205078125,89.980712890625,96.12744140625,87.73111979166667,low
92.435302734375,122.186767578125,163.224365234375,125.94881184895833,low
26.20458984375,22.04345703125,22.686767578125,23.644938151041668,low
168.4814453125,170.819091796875,174.51513671875,171.27189127604166,low
28.518798828125,33.030029296875,43.947509765625,35.165445963541664,low
164.935546875,131.051025390625,113.57275390625,136.519775390625,low
45.56640625,73.9384765625,114.183349609375,77.89607747395833,low
62.889404296875,50.8564453125,42.04541015625,51.930419921875,low
129.550048828125,135.735595703125,136.80029296875,134.02864583333334,low
39.097900390625,30.094482421875,28.563232421875,32.585205078125,low
76.617919921875,74.5400390625,63.11669921875,71.42488606770833,low
25.677734375,20.9208984375,24.027587890625,23.542073567708332,low
54.045654296875,47.798583984375,40.5283203125,47.45751953125,low
33.822021484375,33.869384765625,33.842529296875,33.844645182291664,low
47.785400390625,49.622802734375,47.98046875,48.462890625,low
121.49169921875,134.41064453125,148.38037109375,134.76090494791666,low
34.220458984375,33.9912109375,35.214111328125,34.475260416666664,low
30.0244140625,26.7939453125,27.038818359375,27.952392578125,low
58.385009765625,58.385009765625,58.349365234375,58.373128255208336,low
62.997314453125,62.997314453125,62.997314453125,62.997314453125,low
51.208740234375,48.796875,43.375732421875,47.793782552083336,low
16.427490234375,10.3251953125,20.603271484375,15.785319010416666,low
50.86962890625,48.03759765625,40.412353515625,46.439860026041664,low
32.8369140625,31.523681640625,31.25341796875,31.871337890625,low
26.954345703125,16.80126953125,17.04638671875,20.267333984375,low
81.6875,59.626953125,36.523193359375,59.279215494791664,low
14.66455078125,17.21337890625,19.5068359375,17.128255208333332,low
162.6494140625,157.199951171875,151.8837890625,157.244384765625,low
53.1640625,75.432373046875,56.70556640625,61.767333984375,low
66.6513671875,69.07763671875,70.9013671875,68.87679036458333,low
32.5390625,31.779296875,28.7080078125,31.0087890625,low
81.989990234375,81.989990234375,81.989990234375,81.989990234375,low
36.25634765625,50.888427734375,44.62939453125,43.924723307291664,low
49.523193359375,48.89501953125,46.46484375,48.294352213541664,low
72.074462890625,71.87255859375,71.007568359375,71.65152994791667,low
49.449951171875,49.449951171875,49.449951171875,49.449951171875,low
29.280517578125,29.298583984375,29.29296875,29.290690104166668,low
118.577392578125,103.35205078125,93.79150390625,105.24031575520833,low
63.208251953125,57.474365234375,56.26904296875,58.98388671875,low
79.837890625,56.362548828125,41.918701171875,59.373046875,low
72.749755859375,72.749755859375,72.749755859375,72.749755859375,low
20.91552734375,21.69580078125,25.884033203125,22.831787109375,low
55.162353515625,49.845458984375,43.879638671875,49.629150390625,low
19.978759765625,18.322265625,19.0146484375,19.105224609375,low
59.69384765625,41.870361328125,29.54345703125,43.702555338541664,low
24.469970703125,19.949462890625,24.127197265625,22.848876953125,low
43.3779296875,43.0439453125,40.466552734375,42.296142578125,low
22.024658203125,19.630615234375,26.5,22.718424479166668,low
24.15283203125,20.73486328125,24.068115234375,22.985270182291668,low
32.57763671875,24.64111328125,30.058837890625,29.092529296875,low
59.6533203125,59.65380859375,59.62353515625,59.6435546875,low
64.40478515625,63.321533203125,65.081298828125,64.26920572916667,low
47.704833984375,53.95263671875,60.062744140625,53.90673828125,low
66.162841796875,57.427978515625,53.16357421875,58.918131510416664,low
153.111328125,148.162353515625,137.090087890625,146.12125651041666,low
51.429931640625,53.8525390625,56.632568359375,53.9716796875,low
28.1884765625,24.839599609375,21.45166015625,24.826578776041668,low
35.599609375,49.804931640625,42.674072265625,42.69287109375,low
27.47900390625,23.83447265625,20.51611328125,23.943196614583332,low
79.56689453125,79.56689453125,79.56689453125,79.56689453125,low
46.720458984375,44.07763671875,40.906005859375,43.9013671875,low
37.0517578125,55.661865234375,78.081298828125,56.931640625,low
79.47705078125,91.30078125,77.76513671875,82.84765625,low
25.216064453125,20.4638671875,21.13623046875,22.272054036458332,low
46.74365234375,51.777587890625,39.243408203125,45.921549479166664,low
50.39990234375,47.547119140625,41.4853515625,46.477457682291664,low
83.77587890625,163.334228515625,170.90576171875,139.338623046875,low
116.40576171875,117.5576171875,116.50244140625,116.82194010416667,low
35.217041015625,25.93798828125,21.686279296875,27.61376953125,low
87.514404296875,99.585693359375,119.05078125,102.05029296875,low
28.4736328125,20.62451171875,29.343017578125,26.147054036458332,low
98.980712890625,21.4794921875,18.381591796875,46.280598958333336,low
169.427490234375,185.654296875,202.892822265625,185.99153645833334,low
86.37939453125,86.37939453125,86.37939453125,86.37939453125,low
71.89892578125,70.477294921875,71.185302734375,71.18717447916667,low
53.524169921875,35.0615234375,34.44287109375,41.009521484375,low
65.606689453125,34.469482421875,19.21044921875,39.76220703125,low
96.117431640625,85.014892578125,88.14599609375,89.75944010416667,low
56.747802734375,40.333740234375,31.50634765625,42.862630208333336,low
100.5263671875,89.6923828125,93.183349609375,94.46736653645833,low
31.9892578125,25.801513671875,20.8134765625,26.201416015625,low
43.12109375,43.12109375,43.12109375,43.12109375,low
19.076171875,88.331298828125,130.900634765625,79.43603515625,low
49.761962890625,51.094482421875,49.75927734375,50.205240885416664,low
69.416015625,99.72705078125,113.72509765625,94.28938802083333,low
216.947265625,197.229248046875,179.542724609375,197.90641276041666,low
38.504638671875,54.361328125,48.955078125,47.273681640625,low
38.775390625,43.42626953125,46.3125,42.838053385416664,low
53.892822265625,53.892822265625,53.892822265625,53.892822265625,low
68.2666015625,56.193359375,40.776611328125,55.078857421875,low
33.60595703125,25.516845703125,29.886962890625,29.669921875,low
25.993408203125,25.998046875,25.9951171875,25.995524088541668,low
66.76416015625,58.865478515625,49.339599609375,58.323079427083336,low
44.60498046875,36.924560546875,34.334716796875,38.621419270833336,low
59.126953125,97.79833984375,96.942626953125,84.62263997395833,low
31.297119140625,22.75732421875,23.37548828125,25.809977213541668,low
53.970947265625,54.515869140625,60.350341796875,56.279052734375,low
38.4150390625,32.0283203125,28.527099609375,32.990152994791664,low
51.727294921875,54.29541015625,52.916748046875,52.979817708333336,low
79.330078125,111.654541015625,118.906005859375,103.296875,low
69.5478515625,94.784912109375,101.71533203125,88.68269856770833,low
29.68603515625,25.075439453125,25.087646484375,26.616373697916668,low
66.072265625,57.169677734375,52.66650390625,58.636149088541664,low
154.080322265625,156.407958984375,168.906494140625,159.79825846354166,low
12.314697265625,11.86181640625,12.665771484375,12.28076171875,low
101.43603515625,110.88671875,117.001220703125,109.774658203125,low
57.9794921875,12.55615234375,14.193603515625,28.243082682291668,low
37.06494140625,36.54150390625,38.022216796875,37.209554036458336,low
89.201416015625,116.98193359375,120.509765625,108.897705078125,low
116.542724609375,132.7431640625,40.407958984375,96.56461588541667,low
88.750732421875,88.103271484375,91.433349609375,89.42911783854167,low
50.25390625,49.190673828125,31.919677734375,43.7880859375,low
70.5234375,60.71435546875,48.370361328125,59.869384765625,low
70.01953125,63.705078125,63.477783203125,65.734130859375,low
113.49658203125,113.49658203125,113.49658203125,113.49658203125,low
52.97265625,42.98046875,45.8359375,47.263020833333336,low
51.768798828125,51.809814453125,55.938232421875,53.172281901041664,low
82.000732421875,89.073974609375,100.89697265625,90.6572265625,low
121.6181640625,108.886962890625,110.778564453125,113.76123046875,low
68.22265625,66.789794921875,50.241455078125,61.751302083333336,low
58.49365234375,50.89599609375,43.588134765625,50.992594401041664,low
80.9228515625,93.23486328125,87.77197265625,87.30989583333333,low
27.679443359375,27.140380859375,17.62255859375,24.1474609375,low
43.099365234375,34.97607421875,32.986083984375,37.0205078125,low
57.225830078125,57.230224609375,57.2236328125,57.2265625,low
43.58544921875,43.58544921875,43.58544921875,43.58544921875,low
51.02294921875,45.16162109375,43.294921875,46.4931640625,low
60.123291015625,53.409423828125,45.618408203125,53.050374348958336,low
46.150390625,46.149169921875,46.150146484375,46.14990234375,low
16.82373046875,19.09716796875,21.52490234375,19.148600260416668,low
17.878662109375,16.1142578125,11.316162109375,15.10302734375,low
94.1142578125,94.1142578125,94.1142578125,94.1142578125,low
111.5546875,95.90966796875,93.138671875,100.20100911458333,low
26.99853515625,23.77734375,23.87548828125,24.8837890625,low
65.366455078125,56.824462890625,47.636474609375,56.609130859375,low
18.466064453125,14.70654296875,19.029296875,17.400634765625,low
39.63427734375,45.826416015625,50.015380859375,45.15869140625,low
55.90234375,52.596435546875,51.063720703125,53.1875,low
100.648681640625,100.648681640625,100.648681640625,100.648681640625,low
53.56640625,25.2333984375,8.99951171875,29.266438802083332,low
60.59619140625,79.119873046875,84.96240234375,74.892822265625,low
0.55908203125,1.831787109375,0.726318359375,1.0390625,low
27.005615234375,25.191650390625,26.8095703125,26.335611979166668,low
24.83642578125,24.83642578125,24.83642578125,24.83642578125,low
52.710205078125,52.718017578125,52.700439453125,52.709554036458336,low
71.039306640625,62.35693359375,51.75537109375,61.717203776041664,low
61.78515625,56.25390625,53.199951171875,57.079671223958336,low
130.638916015625,139.5615234375,148.77197265625,139.657470703125,low
62.956787109375,57.478271484375,54.578369140625,58.337809244791664,low
32.669189453125,32.669189453125,32.669189453125,32.669189453125,low
61.3857421875,46.534912109375,39.442626953125,49.12109375,low
126.287109375,102.480224609375,72.96044921875,100.575927734375,low
27.703369140625,25.263671875,27.001953125,26.656331380208332,low
30.95361328125,29.81103515625,30.31103515625,30.358561197916668,low
138.3974609375,152.02978515625,109.968994140625,133.46541341145834,low
40.635986328125,51.419677734375,61.010009765625,51.021891276041664,low
76.976806640625,77.38134765625,58.593505859375,70.98388671875,low
15.53857421875,20.09423828125,27.387939453125,21.006917317708332,low
83.062255859375,72.06982421875,61.935546875,72.35587565104167,low
105.26904296875,105.26904296875,105.26904296875,105.26904296875,low
26.634521484375,26.6357421875,26.634521484375,26.634928385416668,low
42.870849609375,35.463134765625,34.31884765625,37.550944010416664,low
146.330322265625,128.568115234375,115.62060546875,130.17301432291666,low
89.6142578125,69.31298828125,50.232177734375,69.71980794270833,low
120.01611328125,104.001708984375,99.719970703125,107.91259765625,low
13.3779296875,25.09765625,34.510009765625,24.328531901041668,low
44.9921875,42.01953125,41.744873046875,42.918863932291664,low
91.23779296875,85.9296875,103.248046875,93.47184244791667,low
74.2578125,68.489501953125,57.32861328125,66.69197591145833,low
59.13525390625,58.251220703125,53.56103515625,56.982503255208336,low
36.106201171875,33.15087890625,30.7158203125,33.324300130208336,low
29.248291015625,30.7255859375,30.87060546875,30.281494140625,low
62.95361328125,57.709228515625,54.953857421875,58.538899739583336,low
16.018798828125,10.131103515625,19.732177734375,15.294026692708334,low
133.2763671875,151.9677734375,154.882568359375,146.70890299479166,low
19.843505859375,16.094970703125,20.32958984375,18.756022135416668,low
125.29296875,100.768310546875,87.9775390625,104.67960611979167,low
66.20947265625,67.62841796875,66.693359375,66.84375,low
61.615966796875,56.1357421875,53.08154296875,56.944417317708336,low
26.13427734375,13.7119140625,16.073486328125,18.639892578125,low
118.20654296875,121.04833984375,120.465576171875,119.90681966145833,low
60.44873046875,60.883056640625,53.12646484375,58.152750651041664,low
15.89697265625,15.895751953125,15.896484375,15.896402994791666,low
94.706787109375,77.742431640625,60.58935546875,77.67952473958333,low
73.559814453125,77.34716796875,75.24365234375,75.383544921875,low
15.6044921875,14.2294921875,17.203369140625,15.679117838541666,low
85.931396484375,85.931396484375,85.931396484375,85.931396484375,low
76.765380859375,76.765380859375,76.765380859375,76.765380859375,low
93.7412109375,89.825439453125,83.404296875,88.99031575520833,low
90.220947265625,82.082763671875,82.389892578125,84.89786783854167,low
43.55615234375,43.55615234375,43.55615234375,43.55615234375,low
106.20556640625,116.235595703125,116.247802734375,112.89632161458333,low
35.74658203125,30.43798828125,29.83056640625,32.005045572916664,low
44.532958984375,30.541259765625,24.516357421875,33.196858723958336,low
32.9462890625,41.32958984375,48.169189453125,40.815022786458336,low
34.969482421875,27.540283203125,26.88818359375,29.79931640625,low
30.83056640625,49.9365234375,55.1044921875,45.29052734375,low
18.856201171875,71.792236328125,102.965576171875,64.53800455729167,low
78.395751953125,99.15283203125,97.501953125,91.68351236979167,low
28.9423828125,66.0224609375,82.986083984375,59.316975911458336,low
79.4697265625,79.4697265625,79.47119140625,79.47021484375,low
15.921142578125,21.136962890625,32.98583984375,23.347981770833332,low
109.7626953125,73.900634765625,17.4599609375,67.04109700520833,low
15.210205078125,15.728271484375,20.867431640625,17.268636067708332,low
53.4912109375,42.32080078125,40.01123046875,45.2744140625,low
31.698486328125,19.41357421875,19.076416015625,23.396158854166668,low
72.027099609375,31.525634765625,14.256103515625,39.269612630208336,low
44.5400390625,39.2724609375,28.526611328125,37.446370442708336,low
55.947021484375,46.359375,34.30908203125,45.538492838541664,low
31.6064453125,35.166748046875,44.750732421875,37.174641927083336,low
31.92822265625,31.92822265625,31.92822265625,31.92822265625,low
56.818115234375,44.844970703125,32.14501953125,44.602701822916664,low
47.66357421875,44.865478515625,39.17431640625,43.901123046875,low
69.907470703125,65.693603515625,59.089599609375,64.89689127604167,low
211.760009765625,216.05029296875,217.840576171875,215.21695963541666,low
65.7158203125,54.645263671875,44.831787109375,55.064290364583336,low
44.65283203125,39.347900390625,27.906494140625,37.302408854166664,low
29.642822265625,26.254150390625,25.859130859375,27.252034505208332,low
29.170166015625,15.21533203125,16.224365234375,20.203287760416668,low
39.029052734375,36.402099609375,39.8681640625,38.43310546875,low
53.617431640625,40.509033203125,37.48486328125,43.870442708333336,low
27.6142578125,23.127685546875,15.96923828125,22.237060546875,low
102.30810546875,104.644287109375,74.98681640625,93.979736328125,low
14.76025390625,14.76025390625,14.76025390625,14.76025390625,low
45.055419921875,30.634765625,24.614501953125,33.434895833333336,low
99.31982421875,134.538330078125,159.1279296875,130.995361328125,low
46.936767578125,40.389404296875,32.4638671875,39.930013020833336,low
53.75537109375,47.5283203125,40.22119140625,47.168294270833336,low
110.0244140625,110.0244140625,110.0244140625,110.0244140625,low
117.056640625,146.31689453125,160.357177734375,141.24357096354166,low
100.9775390625,120.735107421875,119.142333984375,113.61832682291667,low
23.334228515625,21.517578125,19.30908203125,21.386962890625,low
33.06689453125,34.245361328125,35.47998046875,34.264078776041664,low
27.4638671875,14.763427734375,17.202880859375,19.81005859375,low
18.306640625,18.47509765625,28.193115234375,21.658284505208332,low
105.7939453125,123.404052734375,53.369140625,94.18904622395833,low
52.4833984375,46.021728515625,37.443359375,45.316162109375,low
32.014404296875,24.32958984375,29.27685546875,28.540283203125,low
60.193115234375,52.15673828125,44.646484375,52.332112630208336,low
32.2802734375,34.574951171875,35.790283203125,34.215169270833336,low
48.93310546875,35.690185546875,36.9912109375,40.538167317708336,low
63.89111328125,55.28125,52.54052734375,57.237630208333336,low
69.0625,39.515380859375,24.953125,44.510335286458336,low
92.625732421875,92.95361328125,90.109130859375,91.89615885416667,low
39.920654296875,42.3642578125,40.57666015625,40.953857421875,low
114.212646484375,104.565673828125,96.35400390625,105.04410807291667,low
39.4189453125,34.431884765625,32.456787109375,35.435872395833336,low
63.33837890625,71.198486328125,81.852783203125,72.1298828125,low
30.378173828125,35.430908203125,34.806640625,33.53857421875,low
115.333740234375,101.450439453125,90.8095703125,102.53125,low
42.201904296875,44.22998046875,44.494140625,43.642008463541664,low
102.387939453125,102.387939453125,102.387939453125,102.387939453125,low
31.08203125,27.747802734375,27.264892578125,28.6982421875,low
78.15087890625,88.19775390625,90.202392578125,85.51700846354167,low
30.6005859375,36.6982421875,44.29443359375,37.19775390625,low
39.6025390625,35.9560546875,35.688232421875,37.082275390625,low
132.251220703125,151.1474609375,154.50537109375,145.968017578125,low
11.88720703125,18.781982421875,30.421142578125,20.363444010416668,low
85.138916015625,107.45849609375,119.33642578125,103.97794596354167,low
31.69677734375,28.1552734375,29.293701171875,29.715250651041668,low
112.876708984375,136.6298828125,136.932861328125,128.81315104166666,low
62.07373046875,57.148193359375,54.136962890625,57.786295572916664,low
31.839599609375,24.919189453125,26.412109375,27.7236328125,low
52.960693359375,54.496337890625,51.561767578125,53.006266276041664,low
176.7626953125,200.85400390625,225.436279296875,201.01765950520834,low
3.5478515625,7.025634765625,8.259521484375,6.277669270833333,low
112.61572265625,105.657958984375,66.979248046875,95.08430989583333,low
20.47802734375,24.802001953125,34.51904296875,26.599690755208332,low
68.9541015625,61.855712890625,57.609619140625,62.806477864583336,low
23.072265625,16.54296875,17.95751953125,19.19091796875,low
43.2001953125,37.918212890625,36.664306640625,39.260904947916664,low
48.5009765625,47.73046875,45.0595703125,47.097005208333336,low
76.599609375,92.4833984375,126.87890625,98.65397135416667,low
60.908935546875,58.921630859375,61.517822265625,60.449462890625,low
92.69580078125,93.065185546875,96.697998046875,94.15299479166667,low
33.84765625,33.865966796875,33.839111328125,33.850911458333336,low
16.563232421875,9.928466796875,19.478759765625,15.323486328125,low
62.7548828125,70.94921875,81.7275390625,71.810546875,low
105.75146484375,104.855712890625,98.90576171875,103.17097981770833,low
38.576171875,30.989990234375,31.87939453125,33.815185546875,low
119.494140625,114.00244140625,122.02392578125,118.5068359375,low
31.40625,18.56298828125,17.720458984375,22.563232421875,low
8.05908203125,10.281005859375,8.2744140625,8.871500651041666,low
63.3232421875,57.099853515625,54.39892578125,58.274007161458336,low
27.76025390625,25.807373046875,28.950439453125,27.506022135416668,low
52.051025390625,50.460205078125,31.19970703125,44.5703125,low
35.4169921875,25.594970703125,26.52880859375,29.180257161458332,low
108.22998046875,85.320556640625,76.4912109375,90.013916015625,low
26.56494140625,30.0146484375,40.418212890625,32.332600911458336,low
35.70703125,26.9375,32.10400390625,31.582845052083332,low
95.576171875,85.595947265625,71.056884765625,84.07633463541667,low
32.716552734375,31.533203125,31.131103515625,31.793619791666668,low
54.794677734375,50.884765625,49.6298828125,51.769775390625,low
21.399658203125,31.133544921875,36.507080078125,29.680094401041668,low
55.88037109375,57.930419921875,55.490234375,56.433675130208336,low
51.95703125,57.320068359375,56.407470703125,55.228190104166664,low
82.487060546875,82.490966796875,82.4853515625,82.48779296875,low
82.09033203125,83.7919921875,83.16455078125,83.015625,low
39.505859375,26.010009765625,19.13134765625,28.215738932291668,low
62.051025390625,71.517822265625,64.27783203125,65.94889322916667,low
23.761474609375,21.95947265625,20.5771484375,22.099365234375,low
106.32177734375,106.32177734375,106.32177734375,106.32177734375,low
38.9833984375,33.1923828125,35.604248046875,35.926676432291664,low
72.579833984375,50.21826171875,39.385986328125,54.061360677083336,low
137.133056640625,75.43017578125,46.60791015625,86.390380859375,low
23.647705078125,28.51025390625,32.263916015625,28.140625,low
166.62060546875,178.03955078125,177.153564453125,173.93790690104166,low
27.822509765625,32.439453125,37.39013671875,32.550699869791664,low
39.015625,33.3447265625,33.469482421875,35.276611328125,low
8.540283203125,17.502685546875,27.89453125,17.979166666666668,low
74.577392578125,81.8310546875,87.375244140625,81.26123046875,low
28.122314453125,23.62890625,24.70751953125,25.486246744791668,low
30.802001953125,27.493408203125,27.28369140625,28.5263671875,low
98.535888671875,98.3720703125,116.555419921875,104.48779296875,low
21.303955078125,17.28759765625,21.220458984375,19.937337239583332,low
100.8310546875,125.816650390625,109.314208984375,111.9873046875,low
50.17578125,45.73046875,41.08203125,45.662760416666664,low
59.129638671875,43.99462890625,33.528076171875,45.55078125,low
103.47509765625,92.485107421875,74.15966796875,90.03995768229167,low
81.69580078125,59.735595703125,36.65478515625,59.362060546875,low
134.87109375,147.1767578125,148.156494140625,143.40144856770834,low
82.6689453125,71.6435546875,61.171142578125,71.827880859375,low
43.095703125,33.77392578125,31.782958984375,36.217529296875,low
175.919677734375,170.426025390625,163.1962890625,169.84733072916666,low
56.540771484375,43.6337890625,40.15673828125,46.777099609375,low
28.150634765625,16.517822265625,17.46142578125,20.7099609375,low
69.21142578125,101.62255859375,109.467529296875,93.433837890625,low
75.302001953125,32.228271484375,27.986328125,45.172200520833336,low
94.17333984375,102.77294921875,89.68994140625,95.54541015625,low
18.20654296875,18.798583984375,18.9794921875,18.661539713541668,low
41.027587890625,28.3271484375,28.40625,32.586995442708336,low
40.3408203125,25.421142578125,13.8671875,26.543050130208332,low
48.7802734375,50.058349609375,48.801513671875,49.21337890625,low
66.15966796875,56.265380859375,55.750244140625,59.391764322916664,low
41.232421875,24.21533203125,19.48046875,28.309407552083332,low
28.20654296875,24.6103515625,21.28955078125,24.7021484375,low
60.21533203125,59.919921875,57.145751953125,59.093668619791664,low
63.335205078125,63.339599609375,63.33740234375,63.33740234375,low
31.519287109375,17.206787109375,17.49267578125,22.072916666666668,low
58.741943359375,49.991455078125,47.12890625,51.9541015625,low
164.90625,170.00634765625,183.484619140625,172.799072265625,low
82.837890625,71.595947265625,65.38232421875,73.27205403645833,low
70.495849609375,60.5341796875,48.662353515625,59.8974609375,low
80.440185546875,92.8935546875,88.091796875,87.141845703125,low
97.1396484375,86.018310546875,71.320068359375,84.82600911458333,low
47.2861328125,65.35595703125,59.673583984375,57.438557942708336,low
100.673583984375,100.673583984375,100.673583984375,100.673583984375,low
57.79052734375,57.79052734375,57.79052734375,57.79052734375,low
101.779052734375,101.779052734375,101.779052734375,101.779052734375,low
34.894775390625,28.89892578125,27.077880859375,30.29052734375,low
37.008056640625,13.412109375,78.958740234375,43.126302083333336,low
92.80419921875,105.446044921875,97.15087890625,98.467041015625,low
68.811767578125,66.12548828125,56.38720703125,63.774820963541664,low
46.1533203125,36.22607421875,32.876953125,38.418782552083336,low
65.4541015625,56.0166015625,50.854736328125,57.441813151041664,low
16.969482421875,10.47412109375,20.051025390625,15.83154296875,low
84.664306640625,63.161865234375,58.58935546875,68.80517578125,low
35.973388671875,48.84375,53.11962890625,45.978922526041664,low
4.847900390625,13.8896484375,41.06787109375,19.935139973958332,low
129.5859375,130.34716796875,142.413330078125,134.115478515625,low
32.209228515625,34.77490234375,38.05126953125,35.011800130208336,low
65.69287109375,45.55224609375,32.937255859375,48.060791015625,low
43.386962890625,37.6982421875,37.694091796875,39.593098958333336,low
40.454833984375,32.2744140625,31.30810546875,34.679117838541664,low
121.228271484375,118.273193359375,114.267822265625,117.923095703125,low
101.996826171875,108.8837890625,114.099365234375,108.32666015625,low
38.18212890625,32.56689453125,29.357421875,33.368815104166664,low
43.31787109375,51.09375,61.854248046875,52.088623046875,low
25.2646484375,21.708251953125,17.033203125,21.335367838541668,low
126.41796875,128.042236328125,134.73486328125,129.731689453125,low
157.008544921875,143.380615234375,114.408203125,138.26578776041666,low
31.553466796875,31.5986328125,31.57666015625,31.576253255208332,low
27.88232421875,27.239013671875,31.92333984375,29.014892578125,low
142.865478515625,144.35302734375,104.6376953125,130.61873372395834,low
24.260986328125,20.978515625,16.734130859375,20.657877604166668,low
57.516357421875,55.93212890625,37.9033203125,50.450602213541664,low
155.877685546875,135.8046875,113.244140625,134.97550455729166,low
35.3330078125,26.49365234375,31.914306640625,31.246988932291668,low
156.85595703125,154.66552734375,141.7041015625,151.0751953125,low
31.307373046875,28.01318359375,27.539794921875,28.953450520833332,low
55.4677734375,42.7109375,41.583984375,46.587565104166664,low
51.216064453125,19.15234375,11.912841796875,27.427083333333332,low
54.48046875,46.513427734375,41.4560546875,47.483317057291664,low
89.825927734375,69.392578125,50.16943359375,69.79597981770833,low
111.44970703125,118.5703125,116.005126953125,115.34171549479167,low
34.593017578125,26.0458984375,31.016845703125,30.551920572916668,low
100.8212890625,110.21875,116.434326171875,109.15812174479167,low
35.69873046875,50.165771484375,42.550048828125,42.804850260416664,low
51.66015625,49.258544921875,43.3701171875,48.096272786458336,low
41.26806640625,35.817626953125,36.137939453125,37.7412109375,low
50.631103515625,42.827392578125,36.86083984375,43.439778645833336,low
29.17333984375,38.9013671875,47.581787109375,38.552164713541664,low
36.577392578125,29.4287109375,28.509521484375,31.505208333333332,low
29.625,26.158935546875,25.909912109375,27.231282552083332,low
43.78369140625,43.097412109375,39.412109375,42.097737630208336,low
115.922119140625,126.203125,165.53466796875,135.88663736979166,low
42.214599609375,34.2783203125,27.53271484375,34.675211588541664,low
35.90625,34.7177734375,32.267578125,34.297200520833336,low
65.793212890625,59.05322265625,54.86279296875,59.903076171875,low
23.52197265625,14.7646484375,22.73876953125,20.341796875,low
68.41650390625,89.487548828125,107.062744140625,88.322265625,low
29.888916015625,21.387939453125,23.625,24.96728515625,low
78.01171875,71.126953125,70.946533203125,73.36173502604167,low
35.4052734375,33.041015625,31.9052734375,33.450520833333336,low
24.5634765625,20.10888671875,20.119140625,21.59716796875,low
49.240478515625,45.971923828125,41.13671875,45.44970703125,low
125.646728515625,115.1640625,100.259033203125,113.68994140625,low
43.34765625,47.67138671875,54.3408203125,48.453287760416664,low
41.082275390625,34.833740234375,26.93896484375,34.284993489583336,low
45.7421875,45.745361328125,45.316162109375,45.601236979166664,low
107.66845703125,111.698486328125,106.691162109375,108.68603515625,low
24.18798828125,24.36279296875,21.52685546875,23.359212239583332,low
46.977294921875,24.74951171875,9.408447265625,27.045084635416668,low
63.82275390625,88.238037109375,106.79833984375,86.286376953125,low
112.91357421875,160.11279296875,159.73828125,144.2548828125,low
76.948486328125,60.632080078125,52.496826171875,63.359130859375,low
56.849609375,49.55712890625,47.8017578125,51.40283203125,low
27.031494140625,37.54541015625,50.22900390625,38.268636067708336,low
47.7685546875,40.640625,34.313720703125,40.907633463541664,low
89.80029296875,69.180419921875,47.5673828125,68.849365234375,low
19.3251953125,19.835693359375,23.241455078125,20.80078125,low
35.447021484375,31.71630859375,31.305908203125,32.823079427083336,low
42.051513671875,43.539794921875,42.996826171875,42.862711588541664,low
82.772216796875,60.718505859375,37.734130859375,60.408284505208336,low
72.66845703125,76.70068359375,75.35888671875,74.90934244791667,low
134.694580078125,111.50732421875,92.2802734375,112.827392578125,low
43.9208984375,32.875,26.1982421875,34.331380208333336,low
121.8212890625,110.797119140625,102.93701171875,111.851806640625,low
24.298583984375,20.7109375,15.735595703125,20.248372395833332,low
53.041015625,49.327880859375,47.9453125,50.104736328125,low
50.41162109375,47.32568359375,43.062744140625,46.933349609375,low
33.393310546875,25.694091796875,27.69970703125,28.929036458333332,low
71.94677734375,49.927001953125,45.83056640625,55.901448567708336,low
99.738525390625,73.2646484375,69.41845703125,80.80721028645833,low
51.880126953125,49.509765625,43.411376953125,48.26708984375,low
24.45849609375,15.020263671875,16.27978515625,18.586181640625,low
110.681884765625,110.45703125,112.885498046875,111.34147135416667,low
98.730224609375,75.192626953125,54.1376953125,76.02018229166667,low
118.627685546875,125.38671875,104.471923828125,116.162109375,low
90.24658203125,87.01416015625,93.519775390625,90.26017252604167,low
71.78076171875,67.62548828125,64.415283203125,67.94051106770833,low
35.12255859375,37.042236328125,38.894775390625,37.019856770833336,low
102.5263671875,103.060302734375,96.864013671875,100.81689453125,low
65.18505859375,56.908447265625,46.9365234375,56.343343098958336,low
130.545166015625,120.416748046875,115.13720703125,122.03304036458333,low
43.500732421875,43.500732421875,43.500732421875,43.500732421875,low
52.30810546875,57.247314453125,54.638916015625,54.7314453125,low
72.781982421875,77.0458984375,75.34716796875,75.058349609375,low
159.248291015625,174.895263671875,191.9912109375,175.37825520833334,low
166.111328125,174.027587890625,180.8916015625,173.67683919270834,low
33.83056640625,26.149658203125,27.8330078125,29.271077473958332,low
151.159912109375,144.8232421875,115.498779296875,137.16064453125,low
136.1884765625,113.4384765625,108.166015625,119.26432291666667,low
39.393310546875,40.3369140625,27.18896484375,35.639729817708336,low
61.438720703125,55.32666015625,51.242919921875,56.002766927083336,low
63.078369140625,53.916748046875,51.447265625,56.1474609375,low
32.4208984375,17.481201171875,17.07763671875,22.326578776041668,low
79.14404296875,97.457763671875,99.763671875,92.121826171875,low
66.95556640625,47.17724609375,33.145751953125,49.092854817708336,low
75.19091796875,58.89404296875,60.4580078125,64.84765625,low
45.270263671875,45.270263671875,45.270263671875,45.270263671875,low
35.89990234375,25.572021484375,19.387939453125,26.953287760416668,low
19.255126953125,16.326171875,20.94091796875,18.840738932291668,low
27.11376953125,25.146728515625,25.52392578125,25.928141276041668,low
113.932373046875,124.834716796875,138.696533203125,125.82120768229167,low
79.20947265625,114.50390625,131.607421875,108.44026692708333,low
71.377197265625,91.813720703125,107.760986328125,90.31730143229167,low
30.668212890625,26.594482421875,27.72412109375,28.328938802083332,low
153.407958984375,158.739013671875,153.00146484375,155.04947916666666,low
17.755126953125,18.939208984375,19.081298828125,18.591878255208332,low
28.1904296875,28.1904296875,28.1904296875,28.1904296875,low
142.604736328125,120.06103515625,104.78759765625,122.48445638020833,low
44.278076171875,38.21484375,26.59912109375,36.364013671875,low
28.834716796875,26.613037109375,29.891357421875,28.446370442708332,low
26.697998046875,35.235595703125,44.677490234375,35.537027994791664,low
126.188720703125,104.5341796875,89.384521484375,106.70247395833333,low
60.93017578125,60.93017578125,60.93017578125,60.93017578125,low
102.73681640625,97.527587890625,85.570068359375,95.27815755208333,low
114.153564453125,116.730712890625,120.9287109375,117.27099609375,low
46.057373046875,47.956787109375,46.723388671875,46.912516276041664,low
19.7099609375,19.95263671875,41.48583984375,27.049479166666668,low
48.32373046875,35.471923828125,34.499267578125,39.431640625,low
48.75,40.221435546875,36.306884765625,41.759440104166664,low
123.07275390625,131.982421875,122.669677734375,125.90828450520833,low
22.9609375,20.62353515625,18.786376953125,20.790283203125,low
48.443603515625,54.361572265625,41.295654296875,48.033610026041664,low
19.46630859375,4.573486328125,3.512451171875,9.18408203125,low
50.265380859375,39.10595703125,35.234619140625,41.535319010416664,low
104.94677734375,136.80078125,157.143798828125,132.96378580729166,low
41.92236328125,27.18310546875,31.089599609375,33.398356119791664,low
142.30712890625,167.671630859375,161.685546875,157.221435546875,low
94.9814453125,97.73974609375,109.98388671875,100.90169270833333,low
29.222900390625,49.0126953125,26.876708984375,35.037434895833336,low
41.42822265625,36.40087890625,26.0546875,34.6279296875,low
49.266357421875,44.326171875,35.489013671875,43.027180989583336,low
142.542724609375,146.156005859375,151.939697265625,146.87947591145834,low
75.709228515625,91.112060546875,102.982177734375,89.93448893229167,low
82.180419921875,82.180419921875,82.180419921875,82.180419921875,low
70.531982421875,91.035400390625,106.7646484375,89.44401041666667,low
73.2138671875,38.740966796875,71.635986328125,61.196940104166664,low
12.24072265625,10.76123046875,10.63720703125,11.213053385416666,low
136.8291015625,113.751953125,95.10693359375,115.22932942708333,low
13.902587890625,20.13232421875,28.68603515625,20.906982421875,low
59.98779296875,44.63623046875,34.44140625,46.355143229166664,low
38.82275390625,32.918701171875,31.94775390625,34.563069661458336,low
11.001220703125,11.001953125,11.000732421875,11.001302083333334,low
97.7548828125,100.9541015625,107.771484375,102.16015625,low
65.86474609375,55.068115234375,55.990478515625,58.974446614583336,low
97.465576171875,97.4130859375,83.18310546875,92.687255859375,low
30.263916015625,24.895263671875,24.7177734375,26.625651041666668,low
77.866455078125,72.9619140625,68.87158203125,73.23331705729167,low
37.24365234375,22.5576171875,13.397705078125,24.399658203125,low
38.289306640625,32.822509765625,33.3974609375,34.83642578125,low
55.85498046875,47.9951171875,40.365966796875,48.072021484375,low
46.581298828125,42.99658203125,39.654541015625,43.077473958333336,low
23.280517578125,20.166259765625,15.1962890625,19.547688802083332,low
73.36474609375,55.064453125,42.5263671875,56.985188802083336,low
123.80078125,127.732666015625,111.497314453125,121.01025390625,low
114.650390625,138.822998046875,140.371826171875,131.28173828125,low
25.816650390625,22.616455078125,22.75439453125,23.729166666666668,low
27.957275390625,27.972900390625,27.960205078125,27.963460286458332,low
21.59814453125,20.8740234375,21.278564453125,21.250244140625,low
30.95556640625,29.48388671875,31.641357421875,30.693603515625,low
81.873046875,60.32421875,37.6806640625,59.959309895833336,low
40.919921875,35.7333984375,25.37744140625,34.01025390625,low
33.14599609375,36.42529296875,46.079833984375,38.550374348958336,low
53.704833984375,54.44140625,65.005126953125,57.717122395833336,low
61.02197265625,52.7900390625,52.44189453125,55.41796875,low
40.251708984375,39.059326171875,37.33447265625,38.8818359375,low
125.997314453125,131.9462890625,138.484130859375,132.142578125,low
24.614990234375,21.832763671875,23.61767578125,23.355143229166668,low
56.75732421875,51.5732421875,43.76220703125,50.697591145833336,low
13.026123046875,32.473388671875,47.736572265625,31.078694661458332,low
132.047119140625,145.42822265625,163.951416015625,147.14225260416666,low
70.302734375,66.468017578125,60.494140625,65.75496419270833,low
126.29541015625,130.10595703125,122.80517578125,126.40218098958333,low
21.576904296875,25.040283203125,18.2373046875,21.6181640625,low
27.377685546875,25.167724609375,26.769775390625,26.438395182291668,low
75.326416015625,65.10986328125,55.858154296875,65.43147786458333,low
122.22412109375,94.97119140625,69.865966796875,95.68709309895833,low
99.189453125,85.936279296875,87.317626953125,90.814453125,low
47.998291015625,47.9072265625,29.931640625,41.945719401041664,low
65.919921875,60.1455078125,58.552001953125,61.539143880208336,low
36.582275390625,32.1591796875,31.792236328125,33.51123046875,low
97.815673828125,88.39453125,98.84375,95.01798502604167,low
55.416015625,48.02099609375,44.595458984375,49.344156901041664,low
155.18798828125,167.5185546875,172.46044921875,165.0556640625,low
29.1923828125,29.1923828125,29.1923828125,29.1923828125,low
78.533203125,95.295166015625,125.624755859375,99.81770833333333,low
33.16845703125,25.357177734375,25.40185546875,27.975830078125,low
70.8857421875,62.052734375,51.630126953125,61.522867838541664,low
133.736572265625,109.844482421875,93.48779296875,112.35628255208333,low
60.73779296875,110.060546875,172.620849609375,114.47306315104167,low
49.126953125,41.7763671875,38.09912109375,43.000813802083336,low
89.484375,78.356201171875,75.857666015625,81.23274739583333,low
7.19482421875,16.52685546875,22.41943359375,15.38037109375,low
35.24951171875,47.730224609375,51.899658203125,44.959798177083336,low
86.6494140625,82.140380859375,73.609130859375,80.79964192708333,low
87.109619140625,64.6787109375,47.98486328125,66.591064453125,low
74.569091796875,77.525634765625,72.76025390625,74.95166015625,low
31.729736328125,13.810546875,30.010009765625,25.183430989583332,low
83.155029296875,83.512451171875,79.239990234375,81.96915690104167,low
70.733154296875,53.396728515625,41.308837890625,55.146240234375,low
69.115478515625,89.260986328125,103.239013671875,87.20515950520833,low
34.498291015625,31.7666015625,32.4228515625,32.895914713541664,low
59.483154296875,61.81787109375,67.046875,62.782633463541664,low
45.4384765625,31.242431640625,25.19482421875,33.958577473958336,low
70.09912109375,52.984130859375,41.668701171875,54.917317708333336,low
56.703857421875,58.455810546875,57.495849609375,57.551839192708336,low
69.61083984375,69.609375,69.605224609375,69.60847981770833,low
137.80126953125,88.035888671875,44.139892578125,89.99235026041667,low
21.7275390625,17.8759765625,18.9384765625,19.513997395833332,low
60.203125,48.35205078125,35.3076171875,47.954264322916664,low
22.12744140625,24.506103515625,29.257080078125,25.296875,low
72.725341796875,77.32958984375,75.998779296875,75.35123697916667,low
72.445556640625,63.741455078125,58.967041015625,65.05135091145833,low
31.358154296875,26.32373046875,26.768798828125,28.150227864583332,low
110.189697265625,110.189697265625,110.189697265625,110.189697265625,low
73.537841796875,73.537841796875,73.537841796875,73.537841796875,low
40.2587890625,39.583740234375,47.81201171875,42.551513671875,low
49.451416015625,33.37744140625,26.703125,36.510660807291664,low
109.09423828125,106.82080078125,63.4697265625,93.12825520833333,low
65.2626953125,59.30029296875,55.97314453125,60.1787109375,low
59.16259765625,93.974365234375,101.115966796875,84.7509765625,low
22.94091796875,30.876708984375,35.398193359375,29.738606770833332,low
45.1611328125,39.757568359375,28.657470703125,37.858723958333336,low
104.173828125,93.157958984375,91.470458984375,96.26741536458333,low
64.47900390625,59.240966796875,55.802001953125,59.840657552083336,low
161.75390625,131.05029296875,102.672119140625,131.825439453125,low
38.59912109375,26.254150390625,25.279296875,30.044189453125,low
124.434814453125,109.416259765625,88.64208984375,107.49772135416667,low
63.225830078125,56.742431640625,53.169189453125,57.712483723958336,low
29.612060546875,39.618896484375,48.091796875,39.107584635416664,low
63.112548828125,54.9296875,46.914306640625,54.985514322916664,low
137.42236328125,140.387939453125,144.163818359375,140.65804036458334,low
28.426025390625,26.51123046875,29.749267578125,28.228841145833332,low
33.0087890625,30.5615234375,31.485107421875,31.685139973958332,low
127.0556640625,128.64404296875,119.04736328125,124.91569010416667,low
47.165771484375,43.771240234375,36.95849609375,42.6318359375,low
78.195068359375,77.1181640625,76.06396484375,77.125732421875,low
93.92236328125,106.263916015625,104.294921875,101.49373372395833,low
130.572021484375,116.363037109375,116.2919921875,121.07568359375,low
38.944091796875,29.667236328125,27.384521484375,31.998616536458332,low
45.37109375,38.206787109375,34.04541015625,39.207763671875,low
41.2138671875,29.484375,21.896484375,30.864908854166668,low
44.902099609375,39.721923828125,28.7685546875,37.797526041666664,low
14.907958984375,16.02783203125,18.770751953125,16.56884765625,low
45.66943359375,45.67919921875,45.675048828125,45.674560546875,low
32.86865234375,32.86865234375,32.86865234375,32.86865234375,low
31.65673828125,24.76171875,25.96728515625,27.4619140625,low
45.329345703125,45.332275390625,44.919677734375,45.193766276041664,low
24.822265625,65.9169921875,73.1806640625,54.639973958333336,low
41.072998046875,24.27490234375,13.682373046875,26.343424479166668,low
38.234130859375,31.860595703125,28.554443359375,32.883056640625,low
58.628173828125,45.856689453125,40.25537109375,48.246744791666664,low
44.433349609375,44.433349609375,44.433349609375,44.433349609375,low
36.842529296875,36.842529296875,36.842529296875,36.842529296875,low
177.460205078125,168.247802734375,158.064208984375,167.924072265625,low
56.992919921875,46.264404296875,44.145263671875,49.134195963541664,low
139.60302734375,146.071533203125,159.2998046875,148.32478841145834,low
19.576416015625,17.354736328125,21.00390625,19.311686197916668,low
42.2021484375,49.3857421875,56.822265625,49.470052083333336,low
73.2373046875,63.24169921875,50.27685546875,62.251953125,low
124.908935546875,143.507080078125,154.783203125,141.06640625,low
13.5546875,11.9716796875,11.42724609375,12.31787109375,low
20.946533203125,23.533203125,31.451904296875,25.310546875,low
64.288330078125,64.298095703125,64.29296875,64.29313151041667,low
8.36767578125,7.20263671875,13.8515625,9.807291666666666,low
85.951171875,85.951171875,85.951171875,85.951171875,low
11.63623046875,13.36474609375,7.639892578125,10.880289713541666,low
38.92626953125,29.21044921875,27.677001953125,31.937906901041668,low
65.705322265625,59.1337890625,55.012939453125,59.95068359375,low
168.85302734375,153.387939453125,134.503173828125,152.248046875,low
65.540283203125,86.840087890625,104.446044921875,85.60880533854167,low
116.223388671875,108.974365234375,86.01611328125,103.73795572916667,low
81.245849609375,68.61474609375,22.13427734375,57.331624348958336,low
61.944091796875,61.944091796875,61.944091796875,61.944091796875,low
131.438720703125,103.802001953125,117.916748046875,117.71915690104167,low
132.11279296875,122.12841796875,119.129638671875,124.45694986979167,low
27.580078125,24.09521484375,24.84814453125,25.5078125,low
59.76416015625,44.262939453125,33.0302734375,45.685791015625,low
110.76708984375,105.91943359375,89.59228515625,102.09293619791667,low
53.113037109375,43.143310546875,39.0478515625,45.101399739583336,low
7.810546875,7.5283203125,14.89453125,10.077799479166666,low
56.08154296875,43.946044921875,39.72265625,46.583414713541664,low
86.350830078125,79.181884765625,79.81005859375,81.78092447916667,low
115.2333984375,102.846923828125,97.08740234375,105.055908203125,low
94.52001953125,88.505859375,58.87060546875,80.63216145833333,low
25.448974609375,24.66845703125,21.909423828125,24.008951822916668,low
44.902587890625,38.217529296875,35.16015625,39.4267578125,low
28.041748046875,22.01123046875,19.588623046875,23.2138671875,low
61.51806640625,63.114990234375,53.872314453125,59.501790364583336,low
71.587646484375,52.725341796875,41.913330078125,55.408772786458336,low
36.349609375,29.965576171875,27.890380859375,31.40185546875,low
21.41650390625,24.8955078125,29.45556640625,25.255859375,low
105.15966796875,111.10302734375,101.619873046875,105.96085611979167,low
32.052734375,31.141845703125,29.970458984375,31.055013020833332,low
21.570556640625,21.08349609375,24.185302734375,22.27978515625,low
79.8369140625,66.92578125,53.35546875,66.7060546875,low
62.371337890625,69.146484375,71.923828125,67.81388346354167,low
90.8896484375,87.230224609375,88.717529296875,88.94580078125,low
101.41650390625,98.96728515625,104.52978515625,101.63785807291667,low
67.4228515625,67.43896484375,67.4140625,67.42529296875,low
119.446533203125,109.923828125,102.34619140625,110.57218424479167,low
87.126953125,64.791748046875,34.423828125,62.114176432291664,low
28.5859375,27.008056640625,29.90185546875,28.498616536458332,low
94.865966796875,66.460205078125,54.15087890625,71.82568359375,low
63.467529296875,72.106201171875,82.98974609375,72.8544921875,low
56.380126953125,53.018310546875,34.0634765625,47.820638020833336,low
101.642333984375,113.146240234375,110.05029296875,108.27962239583333,low
91.208740234375,73.734130859375,61.859619140625,75.600830078125,low
54.349609375,54.349609375,54.349609375,54.349609375,low
40.140625,39.8955078125,42.7783203125,40.938151041666664,low
88.673583984375,87.4267578125,85.489013671875,87.19645182291667,low
65.009521484375,86.033935546875,96.48779296875,82.51041666666667,low
28.4072265625,20.924560546875,21.271240234375,23.534342447916668,low
150.699462890625,165.99853515625,168.982666015625,161.8935546875,low
46.254150390625,34.5546875,27.89599609375,36.234944661458336,low
91.85498046875,102.85546875,94.76171875,96.49072265625,low
62.734130859375,70.6748046875,81.866943359375,71.75862630208333,low
53.343994140625,42.87451171875,40.692138671875,45.636881510416664,low
68.839599609375,73.047119140625,62.36865234375,68.08512369791667,low
57.830078125,74.362060546875,64.104248046875,65.43212890625,low
10.673095703125,10.638916015625,10.024169921875,10.445393880208334,low
15.360595703125,15.54443359375,14.382080078125,15.095703125,low
15.794677734375,15.8837890625,14.619140625,15.432535807291666,low
59.210205078125,69.99755859375,74.396240234375,67.86800130208333,low
54.796142578125,65.608154296875,70.13623046875,63.513509114583336,low
12.71142578125,7.5791015625,2.23681640625,7.509114583333333,low
12.768310546875,7.556884765625,2.32958984375,7.551595052083333,low
30.734619140625,31.4658203125,19.298583984375,27.166341145833332,low
50.385009765625,49.451171875,38.96875,46.268310546875,low
70.870361328125,48.45849609375,31.1494140625,50.159423828125,low
57.01416015625,59.5029296875,62.10791015625,59.541666666666664,low
65.708740234375,68.940673828125,73.564697265625,69.40470377604167,low
43.700439453125,43.067626953125,47.257568359375,44.675211588541664,low
106.0751953125,98.6044921875,88.52490234375,97.73486328125,low
90.964599609375,82.691650390625,64.70751953125,79.45458984375,low
100.44775390625,106.9990234375,93.822998046875,100.42325846354167,low
46.455078125,38.109375,18.16845703125,34.244303385416664,low
51.2041015625,46.4013671875,42.1630859375,46.589518229166664,low
50.83984375,46.083251953125,41.51171875,46.144938151041664,low
50.6240234375,46.230224609375,42.21484375,46.356363932291664,low
83.560791015625,74.310546875,76.793212890625,78.22151692708333,low
28.9765625,38.367431640625,47.215087890625,38.186360677083336,low
26.7021484375,34.6650390625,42.7822265625,34.716471354166664,low
45.48583984375,29.995361328125,19.45166015625,31.644287109375,low
54.841552734375,33.551513671875,25.7578125,38.05029296875,low
31.25,33.369384765625,34.068115234375,32.895833333333336,low
18.376220703125,17.9150390625,11.69140625,15.994222005208334,low
27.5380859375,23.9365234375,20.807373046875,24.093994140625,low
15.369384765625,19.846435546875,27.005859375,20.740559895833332,low
46.337158203125,31.33740234375,25.603515625,34.426025390625,low
35.653564453125,32.683837890625,31.14453125,33.16064453125,low
18.809326171875,14.271484375,13.469970703125,15.516927083333334,low
29.147216796875,24.1611328125,24.999267578125,26.1025390625,low
25.229736328125,12.85009765625,14.91796875,17.665934244791668,low
38.103271484375,31.3427734375,29.845703125,33.097249348958336,low
60.500244140625,59.510498046875,54.322265625,58.111002604166664,low
62.7177734375,69.538330078125,72.70947265625,68.32185872395833,low
98.0595703125,105.97802734375,109.84716796875,104.62825520833333,low
67.59375,47.626953125,25.846435546875,47.022379557291664,low
28.7998046875,20.956787109375,23.158447265625,24.305013020833332,low
46.98876953125,34.53369140625,26.880126953125,36.134195963541664,low
41.26220703125,32.9248046875,28.991943359375,34.392985026041664,low
39.7705078125,35.185546875,36.5185546875,37.158203125,low
31.00048828125,26.504638671875,27.009521484375,28.171549479166668,low
118.455322265625,141.029052734375,137.47900390625,132.32112630208334,low
98.162353515625,89.79052734375,81.1650390625,89.70597330729167,low
51.08935546875,60.979248046875,63.24072265625,58.436442057291664,low
91.21923828125,80.11328125,69.25048828125,80.1943359375,low
68.090576171875,39.904052734375,24.7548828125,44.249837239583336,low
22.094482421875,24.43603515625,26.145263671875,24.225260416666668,low
103.1865234375,91.777099609375,88.83251953125,94.59871419270833,low
32.1337890625,45.131591796875,59.7822265625,45.682535807291664,low
118.746337890625,122.81298828125,107.211669921875,116.25699869791667,low
46.473388671875,46.28662109375,43.57666015625,45.445556640625,low
72.980224609375,72.980224609375,72.980224609375,72.980224609375,low
48.78759765625,49.68115234375,47.656005859375,48.708251953125,low
44.77978515625,36.47021484375,37.720703125,39.656901041666664,low
81.0390625,60.684814453125,45.20654296875,62.310139973958336,low
46.814208984375,46.540771484375,28.378173828125,40.577718098958336,low
52.182373046875,49.02490234375,41.85302734375,47.686767578125,low
134.58251953125,138.375244140625,128.843994140625,133.93391927083334,low
48.388427734375,57.7197265625,66.764404296875,57.624186197916664,low
68.138671875,78.548095703125,73.746826171875,73.47786458333333,low
70.3818359375,70.254150390625,73.753662109375,71.46321614583333,low
45.635498046875,38.486083984375,35.703369140625,39.941650390625,low
99.026611328125,116.15625,105.026123046875,106.736328125,low
37.982666015625,31.42626953125,30.2001953125,33.203043619791664,low
71.0498046875,83.58154296875,97.854248046875,84.161865234375,low
34.280029296875,31.542724609375,32.63427734375,32.819010416666664,low
125.918212890625,125.219482421875,119.609619140625,123.58243815104167,low
52.10498046875,49.649169921875,44.1630859375,48.639078776041664,low
16.779052734375,17.853515625,26.475830078125,20.369466145833332,low
116.344482421875,124.768310546875,124.255859375,121.78955078125,low
20.977294921875,28.735595703125,30.87548828125,26.86279296875,low
24.61767578125,25.78125,23.904541015625,24.767822265625,low
83.74609375,63.058349609375,46.79736328125,64.533935546875,low
46.121337890625,45.09521484375,50.26416015625,47.160237630208336,low
25.09716796875,22.430908203125,23.40576171875,23.644612630208332,low
182.681884765625,174.339599609375,168.450439453125,175.15730794270834,low
48.326904296875,65.8251953125,98.271240234375,70.80777994791667,low
17.519287109375,21.6044921875,28.3916015625,22.505126953125,low
84.2666015625,84.2666015625,84.202392578125,84.24519856770833,low
143.81103515625,139.274169921875,150.10107421875,144.39542643229166,low
34.760009765625,25.480224609375,21.2900390625,27.1767578125,low
142.61328125,146.043701171875,150.802978515625,146.48665364583334,low
165.047119140625,155.822021484375,149.541259765625,156.803466796875,low
240.188720703125,226.217529296875,215.260498046875,227.22224934895834,low
6.2333984375,18.477783203125,39.175537109375,21.295572916666668,low
98.7841796875,87.286376953125,81.616943359375,89.22916666666667,low
103.37939453125,103.37939453125,103.3779296875,103.37890625,low
46.7578125,44.034912109375,40.9521484375,43.914957682291664,low
50.38818359375,38.288818359375,37.079345703125,41.918782552083336,low
162.950927734375,138.923583984375,150.362548828125,150.74568684895834,low
175.796875,180.82958984375,188.841552734375,181.82267252604166,low
26.18603515625,23.308837890625,24.137451171875,24.544108072916668,low
51.83447265625,43.545166015625,37.249755859375,44.209798177083336,low
15.0126953125,17.80517578125,19.8671875,17.561686197916668,low
68.089599609375,59.69873046875,56.415771484375,61.4013671875,low
28.903564453125,26.046630859375,26.4140625,27.121419270833332,low
64.896240234375,57.14306640625,54.44580078125,58.828369140625,low
20.6181640625,18.4365234375,18.0869140625,19.047200520833332,low
68.25146484375,53.71044921875,51.80517578125,57.92236328125,low
22.276123046875,24.701904296875,36.402099609375,27.793375651041668,low
117.22119140625,117.22119140625,117.22119140625,117.22119140625,low
92.328369140625,92.328369140625,92.328369140625,92.328369140625,low
18.8515625,11.5439453125,20.031494140625,16.809000651041668,low
70.73095703125,46.902587890625,33.438720703125,50.357421875,low
100.841064453125,84.53076171875,85.374267578125,90.24869791666667,low
151.770263671875,109.16015625,63.80029296875,108.24357096354167,low
32.41064453125,25.492431640625,24.486328125,27.463134765625,low
71.46142578125,70.564208984375,64.802978515625,68.94287109375,low
134.03173828125,127.361328125,143.349365234375,134.91414388020834,low
55.8447265625,75.245849609375,80.793701171875,70.62809244791667,low
142.391845703125,126.734619140625,103.86083984375,124.3291015625,low
19.779296875,18.158447265625,18.82958984375,18.922444661458332,low
44.072509765625,30.4970703125,24.793212890625,33.120930989583336,low
50.73095703125,52.923095703125,51.641357421875,51.76513671875,low
114.283935546875,121.626708984375,119.90673828125,118.60579427083333,low
30.238037109375,27.165283203125,26.863037109375,28.088785807291668,low
13.85693359375,19.791748046875,19.474853515625,17.707845052083332,low
55.875,58.039306640625,55.6796875,56.531331380208336,low
120.24169921875,142.685791015625,139.269287109375,134.06559244791666,low
95.86474609375,95.468994140625,89.728271484375,93.68733723958333,low
25.074462890625,21.498291015625,16.553466796875,21.042073567708332,low
180.111328125,175.39599609375,166.977783203125,174.16170247395834,low
35.459228515625,35.459228515625,35.459228515625,35.459228515625,low
54.4599609375,36.606201171875,27.224853515625,39.430338541666664,low
35.33056640625,29.407470703125,27.0322265625,30.590087890625,low
27.40673828125,23.8310546875,20.751220703125,23.996337890625,low
39.004638671875,26.433349609375,25.095947265625,30.177978515625,low
23.59765625,22.2265625,20.546875,22.123697916666668,low
83.14208984375,71.73779296875,61.842041015625,72.24064127604167,low
84.11328125,72.740966796875,62.240478515625,73.03157552083333,low
65.425537109375,58.695556640625,56.668212890625,60.263102213541664,low
29.66650390625,28.5712890625,31.93603515625,30.057942708333332,low
28.13623046875,31.5673828125,40.98583984375,33.563151041666664,low
72.162841796875,54.336669921875,43.02490234375,56.508138020833336,low
28.206787109375,23.3232421875,23.4951171875,25.008382161458332,low
51.461181640625,52.50732421875,51.38671875,51.785074869791664,low
163.65966796875,171.729736328125,185.040283203125,173.4765625,low
23.99365234375,14.249267578125,15.25048828125,17.831136067708332,low
31.888671875,28.009033203125,34.129150390625,31.34228515625,low
54.8017578125,54.66162109375,50.33349609375,53.265625,low
117.498779296875,139.855712890625,140.09521484375,132.48323567708334,low
55.997314453125,40.896728515625,36.2412109375,44.37841796875,low
117.0234375,117.0234375,117.0234375,117.0234375,low
59.1455078125,64.964111328125,67.175537109375,63.76171875,low
21.30419921875,19.16845703125,18.527587890625,19.666748046875,low
25.415283203125,20.188232421875,22.917236328125,22.840250651041668,low
43.240478515625,30.591796875,23.458740234375,32.430338541666664,low
19.484375,15.666748046875,20.5078125,18.552978515625,low
71.064697265625,79.78369140625,85.31640625,78.72159830729167,low
63.435791015625,62.9443359375,61.783447265625,62.72119140625,low
27.612060546875,23.5986328125,30.07861328125,27.096435546875,low
116.543212890625,120.960205078125,103.080322265625,113.52791341145833,low
34.408447265625,30.930908203125,28.78955078125,31.376302083333332,low
84.032958984375,81.43359375,76.773681640625,80.74674479166667,low
51.190185546875,51.696044921875,60.949462890625,54.611897786458336,low
18.886962890625,20.393798828125,24.03369140625,21.104817708333332,low
63.05908203125,43.505615234375,30.99658203125,45.853759765625,low
72.683349609375,72.683349609375,72.683349609375,72.683349609375,low
82.513427734375,71.50048828125,62.005126953125,72.00634765625,low
28.247314453125,20.757568359375,22.327392578125,23.777425130208332,low
35.4033203125,26.5849609375,31.4189453125,31.1357421875,low
69.364501953125,69.364501953125,69.364501953125,69.364501953125,low
48.6826171875,40.2099609375,36.27880859375,41.723795572916664,low
15.567626953125,11.582763671875,15.228515625,14.126302083333334,low
63.28076171875,57.1220703125,61.843505859375,60.748779296875,low
16.73486328125,36.537109375,40.167236328125,31.146402994791668,low
29.81396484375,18.0810546875,19.334716796875,22.409912109375,low
77.819091796875,67.248046875,54.097900390625,66.38834635416667,low
114.403076171875,137.8818359375,127.11962890625,126.46818033854167,low
182.144287109375,179.580322265625,184.358154296875,182.027587890625,low
54.648681640625,54.650390625,54.649658203125,54.649576822916664,low
54.41357421875,43.544921875,30.582275390625,42.846923828125,low
24.142822265625,24.14501953125,24.1201171875,24.135986328125,low
120.590087890625,117.041748046875,112.978271484375,116.87003580729167,low
72.28515625,54.445068359375,42.976318359375,56.56884765625,low
50.618896484375,37.32958984375,35.19140625,41.046630859375,low
90.760009765625,62.841064453125,50.35400390625,67.98502604166667,low
52.176513671875,52.176513671875,52.176513671875,52.176513671875,low
69.00048828125,65.17041015625,61.204833984375,65.125244140625,low
79.4033203125,55.500244140625,27.48583984375,54.129801432291664,low
34.06298828125,26.109619140625,27.3115234375,29.161376953125,low
79.642333984375,114.151123046875,121.65185546875,105.1484375,low
58.8330078125,73.7744140625,88.6982421875,73.7685546875,low
26.25390625,22.58935546875,18.621337890625,22.488199869791668,low
46.947509765625,34.3583984375,31.64111328125,37.649007161458336,low
48.033203125,46.4345703125,42.172607421875,45.546793619791664,low
65.7333984375,58.69677734375,49.038818359375,57.822998046875,low
76.439208984375,70.1279296875,57.9296875,68.16560872395833,low
86.204345703125,84.756103515625,62.11767578125,77.69270833333333,low
78.11181640625,86.849853515625,83.66259765625,82.874755859375,low
23.511474609375,21.435302734375,20.93701171875,21.961263020833332,low
27.60107421875,19.008544921875,19.5791015625,22.062906901041668,low
101.8759765625,105.976318359375,98.306396484375,102.05289713541667,low
13.6552734375,19.427490234375,19.14697265625,17.409912109375,low
75.4365234375,84.06787109375,113.20263671875,90.90234375,low
29.474609375,24.545166015625,25.0634765625,26.361083984375,low
103.62646484375,102.449462890625,96.8681640625,100.98136393229167,low
21.18896484375,17.166259765625,21.192138671875,19.84912109375,low
115.33984375,123.96533203125,123.099609375,120.80159505208333,low
117.44482421875,93.3125,81.968017578125,97.57511393229167,low
95.246337890625,98.914794921875,97.626953125,97.2626953125,low
68.04443359375,54.84228515625,40.15087890625,54.345865885416664,low
73.12255859375,66.73828125,63.91357421875,67.9248046875,low
42.284423828125,39.86572265625,33.923828125,38.691324869791664,low
63.545166015625,58.40966796875,55.501953125,59.152262369791664,low
57.587890625,76.916259765625,82.604248046875,72.36946614583333,low
139.117919921875,116.14453125,97.453369140625,117.57194010416667,low
32.641845703125,27.703369140625,26.6875,29.010904947916668,low
20.44970703125,20.777587890625,24.371337890625,21.8662109375,low
134.54736328125,110.007568359375,90.489501953125,111.68147786458333,low
82.21337890625,67.986083984375,61.785888671875,70.66178385416667,low
184.231689453125,176.313720703125,160.626220703125,173.723876953125,low
57.296630859375,36.66015625,17.097900390625,37.018229166666664,low
58.861328125,39.7119140625,28.643310546875,42.405517578125,low
121.7431640625,108.946533203125,100.09912109375,110.262939453125,low
66.29248046875,69.44482421875,57.89501953125,64.54410807291667,low
118.947021484375,112.95458984375,100.11865234375,110.67342122395833,low
50.458251953125,50.79443359375,52.87939453125,51.377360026041664,low
46.3466796875,47.40234375,47.648193359375,47.132405598958336,low
12.104248046875,19.300537109375,30.9326171875,20.779134114583332,low
49.17041015625,47.695556640625,32.675537109375,43.180501302083336,low
32.926513671875,18.481689453125,17.83203125,23.080078125,low
136.999267578125,136.999267578125,136.999267578125,136.999267578125,low
109.755859375,131.804931640625,154.5068359375,132.02254231770834,low
33.39404296875,26.187255859375,27.535400390625,29.038899739583332,low
33.253173828125,37.68798828125,34.186767578125,35.042643229166664,low
25.92236328125,20.835693359375,23.49658203125,23.418212890625,low
53.783935546875,53.059814453125,45.84765625,50.897135416666664,low
24.741943359375,21.056884765625,15.824951171875,20.541259765625,low
117.162109375,109.12060546875,99.403564453125,108.56209309895833,low
80.38916015625,92.267333984375,87.798095703125,86.81819661458333,low
133.617919921875,132.881591796875,125.212646484375,130.57071940104166,low
32.10595703125,22.831298828125,23.342529296875,26.09326171875,low
64.421875,64.421875,64.421875,64.421875,low
90.1767578125,118.426025390625,138.12158203125,115.57478841145833,low
31.99462890625,44.899169921875,59.713134765625,45.53564453125,low
50.598388671875,43.47900390625,31.19921875,41.758870442708336,low
25.537353515625,20.781494140625,20.89013671875,22.402994791666668,low
57.959716796875,50.249755859375,47.9365234375,52.048665364583336,low
100.96826171875,117.1533203125,128.66357421875,115.59505208333333,low
69.226318359375,104.089599609375,150.86376953125,108.05989583333333,low
171.2392578125,171.2392578125,171.2392578125,171.2392578125,low
94.894775390625,106.205322265625,102.361083984375,101.15372721354167,low
84.2216796875,73.001220703125,62.294921875,73.172607421875,low
103.5068359375,104.173828125,107.574951171875,105.085205078125,low
11.685302734375,13.143798828125,7.80078125,10.876627604166666,low
64.230224609375,60.48974609375,50.72998046875,58.483317057291664,low
36.045166015625,28.3232421875,32.127197265625,32.165201822916664,low
25.064208984375,21.02685546875,20.31640625,22.135823567708332,low
50.49560546875,51.896484375,47.027099609375,49.806396484375,low
86.811767578125,66.190673828125,48.898681640625,67.30037434895833,low
46.238525390625,41.505615234375,39.00830078125,42.250813802083336,low
48.242431640625,48.242431640625,47.828369140625,48.104410807291664,low
72.498779296875,80.196533203125,79.067626953125,77.25431315104167,low
40.991943359375,41.965576171875,110.001708984375,64.31974283854167,low
72.61572265625,77.064208984375,74.998046875,74.89265950520833,low
70.2001953125,95.5751953125,102.513427734375,89.42960611979167,low
77.768798828125,73.820556640625,74.678955078125,75.42277018229167,low
29.544677734375,26.42724609375,26.00634765625,27.326090494791668,low
49.707763671875,40.895263671875,31.853271484375,40.818766276041664,low
70.508056640625,61.099609375,50.17431640625,60.593994140625,low
79.193603515625,69.8232421875,51.0048828125,66.67390950520833,low
39.310546875,29.628662109375,27.57470703125,32.171305338541664,low
112.2333984375,119.35498046875,117.38037109375,116.32291666666667,low
56.887939453125,56.89111328125,56.889404296875,56.889485677083336,low
28.275634765625,24.869140625,21.105712890625,24.750162760416668,low
17.53564453125,21.63232421875,28.5654296875,22.577799479166668,low
49.28857421875,44.865966796875,38.984619140625,44.379720052083336,low
76.670654296875,57.233642578125,45.495849609375,59.800048828125,low
42.907958984375,43.61767578125,42.91064453125,43.145426432291664,low
66.15380859375,57.819580078125,48.498291015625,57.490559895833336,low
7.693603515625,7.54736328125,14.624267578125,9.955078125,low
45.16748046875,39.362548828125,27.7021484375,37.410725911458336,low
133.786865234375,128.820068359375,112.98681640625,125.19791666666667,low
46.72705078125,46.042724609375,43.86181640625,45.543863932291664,low
78.105224609375,70.371337890625,63.534423828125,70.67032877604167,low
132.831298828125,134.9267578125,129.67431640625,132.47745768229166,low
27.872802734375,24.73583984375,21.680419921875,24.763020833333332,low
25.306884765625,23.131591796875,23.482177734375,23.973551432291668,low
35.807373046875,25.657958984375,26.418701171875,29.294677734375,low
67.740478515625,50.4921875,38.206787109375,52.146484375,low
72.2958984375,66.850341796875,55.359130859375,64.83512369791667,low
37.440185546875,25.571533203125,24.4677734375,29.159830729166668,low
40.93994140625,19.287841796875,7.259521484375,22.495768229166668,low
121.95947265625,110.065185546875,133.123779296875,121.71614583333333,low
30.141845703125,22.539306640625,20.398193359375,24.359781901041668,low
11.4111328125,41.5673828125,70.57177734375,41.183430989583336,low
95.943115234375,85.033203125,70.42919921875,83.80183919270833,low
75.65234375,75.65234375,75.65234375,75.65234375,low
28.340576171875,23.690185546875,23.99169921875,25.3408203125,low
34.6435546875,33.3125,33.650390625,33.868815104166664,low
99.370361328125,109.14599609375,116.2197265625,108.245361328125,low
31.10107421875,37.526123046875,47.294921875,38.640706380208336,low
32.48095703125,29.545166015625,29.421142578125,30.482421875,low
65.61474609375,56.249267578125,51.6767578125,57.846923828125,low
48.57275390625,43.130615234375,39.439208984375,43.714192708333336,low
17.655517578125,22.0927734375,25.878173828125,21.87548828125,low
31.906982421875,27.042236328125,27.1357421875,28.694986979166668,low
49.846923828125,37.95166015625,36.656005859375,41.48486328125,low
44.427001953125,39.07080078125,28.496826171875,37.33154296875,low
38.316650390625,32.144775390625,31.705078125,34.055501302083336,low
47.50390625,20.552978515625,25.34326171875,31.133382161458332,low
142.23046875,158.880126953125,59.473876953125,120.19482421875,low
66.936279296875,68.5146484375,68.876953125,68.10929361979167,low
102.939208984375,102.939208984375,102.939208984375,102.939208984375,low
38.56689453125,26.58642578125,19.567138671875,28.240152994791668,low
73.49658203125,86.753662109375,69.31103515625,76.52042643229167,low
28.346435546875,25.7431640625,27.728271484375,27.272623697916668,low
20.7470703125,19.65087890625,19.969482421875,20.122477213541668,low
13.95556640625,20.053955078125,19.672607421875,17.89404296875,low
35.1279296875,33.7021484375,33.84814453125,34.22607421875,low
29.0625,33.641357421875,45.17041015625,35.958089192708336,low
116.71142578125,98.661376953125,99.51416015625,104.96232096354167,low
148.413818359375,157.990234375,192.946044921875,166.45003255208334,low
116.968505859375,125.53662109375,125.05078125,122.51863606770833,low
61.452880859375,62.953125,61.46826171875,61.958089192708336,low
18.295654296875,20.343505859375,19.13916015625,19.259440104166668,low
117.250244140625,120.444580078125,112.337890625,116.67757161458333,low
115.30517578125,137.559814453125,137.0146484375,129.95987955729166,low
61.556396484375,57.109130859375,56.152587890625,58.272705078125,low
115.299072265625,113.7685546875,95.343505859375,108.13704427083333,low
25.4130859375,20.6748046875,24.77685546875,23.62158203125,low
19.989990234375,18.96728515625,21.68310546875,20.213460286458332,low
154.667236328125,142.6220703125,130.481689453125,142.59033203125,low
71.51806640625,80.10693359375,86.086669921875,79.23722330729167,low
134.3779296875,146.569091796875,147.987060546875,142.97802734375,low
55.337646484375,46.489990234375,38.681640625,46.83642578125,low
92.792724609375,128.68603515625,172.138916015625,131.20589192708334,low
83.043701171875,92.92041015625,101.7255859375,92.563232421875,low
132.712646484375,140.544189453125,142.098388671875,138.45174153645834,low
70.22314453125,75.807373046875,68.620849609375,71.55045572916667,low
31.329833984375,27.30224609375,28.716064453125,29.116048177083332,low
138.4501953125,112.048583984375,78.197509765625,109.5654296875,low
40.193115234375,34.36376953125,32.15234375,35.569742838541664,low
85.947265625,81.351318359375,49.116455078125,72.13834635416667,low
79.8369140625,113.122802734375,122.586669921875,105.18212890625,low
115.732421875,137.7939453125,135.725341796875,129.75056966145834,low
31.977294921875,27.692626953125,27.381591796875,29.017171223958332,low
119.221435546875,123.2431640625,107.57080078125,116.678466796875,low
58.77294921875,43.634765625,33.0546875,45.154134114583336,low
47.955078125,35.9990234375,23.800537109375,35.918212890625,low
64.093505859375,44.6005859375,32.210693359375,46.96826171875,low
99.75,92.715087890625,84.0478515625,92.17097981770833,low
36.46826171875,38.35400390625,37.03857421875,37.286946614583336,low
64.333251953125,77.412841796875,88.25146484375,76.66585286458333,low
73.4560546875,66.8681640625,54.592529296875,64.97224934895833,low
40.423583984375,68.82080078125,87.4296875,65.55802408854167,low
88.8203125,61.466064453125,54.9013671875,68.39591471354167,low
31.447265625,34.97607421875,38.0673828125,34.830240885416664,low
99.654541015625,123.556640625,159.020751953125,127.41064453125,low
48.74267578125,54.9365234375,42.11962890625,48.599609375,low
88.143310546875,88.143310546875,88.143310546875,88.143310546875,low
41.984130859375,41.984130859375,41.984130859375,41.984130859375,low
24.895751953125,21.91259765625,23.401123046875,23.403157552083332,low
120.052490234375,124.052978515625,109.01025390625,117.70524088541667,low
27.326904296875,26.77880859375,30.46337890625,28.189697265625,low
30.3447265625,27.063232421875,26.725830078125,28.044596354166668,low
81.390625,81.3837890625,81.347412109375,81.37394205729167,low
25.71923828125,20.9326171875,29.44091796875,25.3642578125,low
56.718017578125,63.784912109375,59.701171875,60.068033854166664,low
46.387939453125,46.387939453125,46.387939453125,46.387939453125,low
41.092529296875,41.092529296875,41.092529296875,41.092529296875,low
34.7470703125,28.27294921875,36.201171875,33.07373046875,low
88.77978515625,88.528076171875,82.2021484375,86.50333658854167,low
52.26123046875,41.724609375,29.59716796875,41.1943359375,low
79.404052734375,55.398193359375,40.801513671875,58.534586588541664,low
34.860107421875,27.102294921875,28.322998046875,30.095133463541668,low
23.0458984375,21.290283203125,24.622802734375,22.986328125,low
27.49755859375,23.93994140625,20.736083984375,24.057861328125,low
50.263916015625,36.004638671875,29.322021484375,38.530192057291664,low
37.396484375,39.399658203125,38.806884765625,38.534342447916664,low
27.377197265625,24.01513671875,20.901611328125,24.097981770833332,low
40.839111328125,45.397705078125,47.53173828125,44.589518229166664,low
169.294189453125,168.46142578125,190.81103515625,176.18888346354166,low
30.4716796875,30.49462890625,30.4677734375,30.47802734375,low
27.330810546875,23.95361328125,20.560791015625,23.948404947916668,low
30.6142578125,27.26953125,27.3046875,28.396158854166668,low
63.815185546875,54.02880859375,42.591796875,53.478597005208336,low
74.928955078125,58.322265625,44.05908203125,59.103434244791664,low
97.384521484375,97.384521484375,97.384521484375,97.384521484375,low
55.731201171875,53.298095703125,47.406982421875,52.145426432291664,low
145.966552734375,141.167236328125,123.627197265625,136.92032877604166,low
45.047119140625,38.171630859375,35.432861328125,39.550537109375,low
70.15966796875,95.27197265625,101.525634765625,88.98575846354167,low
46.95166015625,63.0859375,56.22216796875,55.419921875,low
95.114990234375,111.1005859375,145.478515625,117.23136393229167,low
39.486572265625,31.5205078125,30.603271484375,33.8701171875,low
144.2548828125,137.109375,133.028564453125,138.13094075520834,low
80.0185546875,97.73291015625,104.4287109375,94.06005859375,low
25.21533203125,22.43603515625,23.5263671875,23.725911458333332,low
37.6748046875,37.6748046875,37.6748046875,37.6748046875,low
19.103759765625,19.3720703125,23.37353515625,20.616455078125,low
72.456298828125,69.378662109375,57.675537109375,66.50349934895833,low
30.61083984375,27.119384765625,26.878662109375,28.202962239583332,low
80.838134765625,58.1484375,39.2099609375,59.398844401041664,low
62.104736328125,55.984130859375,53.54833984375,57.21240234375,low
59.87841796875,51.32958984375,38.767578125,49.991861979166664,low
51.6962890625,49.70263671875,51.24658203125,50.8818359375,low
35.111083984375,26.71044921875,31.29541015625,31.038981119791668,low
32.399658203125,28.64453125,29.360107421875,30.134765625,low
38.44384765625,26.423828125,19.850830078125,28.239501953125,low
18.866455078125,27.629638671875,24.11376953125,23.53662109375,low
114.813232421875,95.89697265625,81.2666015625,97.32560221354167,low
34.747314453125,30.422119140625,30.475830078125,31.881754557291668,low
35.646484375,26.192626953125,25.50537109375,29.114827473958332,low
45.150146484375,39.91259765625,28.696044921875,37.919596354166664,low
119.734375,122.87060546875,108.303466796875,116.969482421875,low
115.239501953125,139.106201171875,139.53662109375,131.29410807291666,low
114.260009765625,123.248779296875,123.637939453125,120.38224283854167,low
59.925537109375,59.925537109375,59.925537109375,59.925537109375,low
67.90283203125,63.71875,45.28955078125,58.970377604166664,low
85.601318359375,101.440185546875,63.648681640625,83.56339518229167,low
133.012451171875,123.74462890625,121.126953125,125.96134440104167,low
66.96630859375,56.213134765625,51.087890625,58.089111328125,low
127.8271484375,144.435546875,148.257568359375,140.17342122395834,low
102.32958984375,117.509521484375,118.833740234375,112.89095052083333,low
19.933837890625,20.407470703125,20.5546875,20.298665364583332,low
19.086181640625,19.48828125,27.271484375,21.948649088541668,low
16.73193359375,16.206298828125,19.388916015625,17.4423828125,low
96.20654296875,74.39453125,55.470947265625,75.35734049479167,low
22.932373046875,21.244873046875,18.94091796875,21.039388020833332,low
38.037841796875,26.01171875,24.998046875,29.682535807291668,low
74.0302734375,67.713134765625,64.673583984375,68.8056640625,low
75.04736328125,45.7685546875,33.935791015625,51.583902994791664,low
16.08837890625,33.719482421875,54.634033203125,34.81396484375,low
58.520263671875,41.9482421875,35.06494140625,45.177815755208336,low
168.0224609375,167.206787109375,170.214111328125,168.48111979166666,low
51.05615234375,40.799072265625,36.408203125,42.754475911458336,low
66.3642578125,60.492431640625,58.8916015625,61.916097005208336,low
93.402587890625,93.402587890625,91.9111328125,92.90543619791667,low
128.741455078125,125.4462890625,127.466796875,127.21818033854167,low
72.33056640625,66.44580078125,54.834228515625,64.536865234375,low
46.58349609375,39.768798828125,27.045654296875,37.79931640625,low
42.37060546875,71.299072265625,78.6552734375,64.10831705729167,low
55.54052734375,53.794677734375,55.8212890625,55.052164713541664,low
111.1650390625,113.404541015625,112.9990234375,112.52286783854167,low
73.08154296875,73.08154296875,73.08154296875,73.08154296875,low
44.114990234375,51.847900390625,49.794921875,48.5859375,low
26.642822265625,20.737060546875,18.492431640625,21.957438151041668,low
59.0048828125,51.29833984375,44.320068359375,51.541097005208336,low
31.78271484375,30.009033203125,24.634521484375,28.808756510416668,low
55.57568359375,55.577880859375,55.57666015625,55.576741536458336,low
22.905517578125,30.038330078125,36.53662109375,29.826822916666668,low
48.803955078125,47.1875,28.697265625,41.562906901041664,low
114.73974609375,138.501953125,117.06396484375,123.43522135416667,low
38.861328125,26.600341796875,25.605712890625,30.355794270833332,low
159.702880859375,114.263427734375,75.96337890625,116.64322916666667,low
49.807373046875,40.3828125,41.224609375,43.804931640625,low
49.848388671875,41.718505859375,38.7919921875,43.452962239583336,low
147.788330078125,138.842041015625,116.154052734375,134.261474609375,low
40.497314453125,32.478759765625,31.287353515625,34.754475911458336,low
101.079345703125,110.43408203125,116.694091796875,109.40250651041667,low
50.77197265625,48.146240234375,42.51708984375,47.145100911458336,low
136.9345703125,116.715576171875,86.1005859375,113.250244140625,low
55.992431640625,38.353271484375,18.98779296875,37.77783203125,low
150.1708984375,162.661865234375,118.966552734375,143.93310546875,low
52.7470703125,38.15478515625,30.284423828125,40.395426432291664,low
49.650390625,41.495361328125,41.50927734375,44.218343098958336,low
98.7431640625,98.7431640625,98.7431640625,98.7431640625,low
72.19775390625,62.767333984375,51.692626953125,62.21923828125,low
27.53759765625,24.156005859375,20.753173828125,24.14892578125,low
37.37451171875,36.951904296875,32.44580078125,35.590738932291664,low
98.9150390625,97.314453125,58.770751953125,85.00008138020833,low
64.139404296875,57.3779296875,50.019775390625,57.179036458333336,low
27.213134765625,26.28857421875,26.425048828125,26.642252604166668,low
126.742919921875,117.457275390625,116.107666015625,120.10262044270833,low
71.849609375,73.7958984375,60.748779296875,68.798095703125,low
177.214599609375,170.52978515625,170.503173828125,172.74918619791666,low
61.6875,56.109130859375,53.086181640625,56.9609375,low
20.72705078125,20.28369140625,23.75537109375,21.588704427083332,low
68.392822265625,60.45849609375,58.431396484375,62.427571614583336,low
22.861083984375,18.558349609375,19.41796875,20.279134114583332,low
52.650390625,81.802978515625,86.40478515625,73.619384765625,low
21.254638671875,13.196044921875,20.457763671875,18.302815755208332,low
47.433349609375,40.792236328125,26.706787109375,38.310791015625,low
45.42822265625,47.469970703125,45.05126953125,45.983154296875,low
31.360595703125,22.43896484375,20.071533203125,24.623697916666668,low
65.7412109375,65.7412109375,65.7412109375,65.7412109375,low
41.0458984375,28.34765625,28.4052734375,32.599609375,low
32.509765625,12.026611328125,3.077392578125,15.871256510416666,low
64.074462890625,55.026123046875,50.386962890625,56.495849609375,low
58.348388671875,66.515380859375,71.739501953125,65.534423828125,low
114.54541015625,98.859375,81.684326171875,98.363037109375,low
111.398681640625,127.408935546875,119.6982421875,119.501953125,low
42.320556640625,37.1181640625,25.691162109375,35.043294270833336,low
57.216796875,57.216796875,57.216796875,57.216796875,low
57.624755859375,38.77392578125,31.813720703125,42.737467447916664,low
127.1025390625,125.619384765625,132.705810546875,128.47591145833334,low
23.489013671875,23.489013671875,23.487548828125,23.488525390625,low
67.304931640625,58.146728515625,52.874755859375,59.442138671875,low
116.161376953125,124.58740234375,123.657958984375,121.46891276041667,low
96.807861328125,104.2587890625,112.073974609375,104.38020833333333,low
37.191650390625,51.598388671875,45.912841796875,44.900960286458336,low
89.116943359375,89.03857421875,85.875732421875,88.01041666666667,low
62.370361328125,57.139404296875,54.3486328125,57.952799479166664,low
43.252685546875,61.00634765625,75.840087890625,60.033040364583336,low
76.05712890625,64.699462890625,51.919677734375,64.22542317708333,low
121.8623046875,111.6494140625,105.619140625,113.04361979166667,low
46.630126953125,45.83203125,43.543212890625,45.335123697916664,low
47.985595703125,47.986083984375,47.586669921875,47.852783203125,low
36.093017578125,40.8291015625,44.5654296875,40.495849609375,low
70.781005859375,61.208740234375,50.44384765625,60.811197916666664,low
122.1416015625,130.945068359375,152.33251953125,135.13972981770834,low
47.43896484375,47.439697265625,46.996337890625,47.291666666666664,low
25.539306640625,21.325927734375,23.119140625,23.328125,low
27.280517578125,25.7607421875,25.867431640625,26.302897135416668,low
78.903564453125,53.73779296875,38.6884765625,57.109944661458336,low
83.486083984375,83.4873046875,83.339111328125,83.4375,low
65.0810546875,58.439208984375,50.10888671875,57.876383463541664,low
61.677734375,55.724609375,53.916259765625,57.106201171875,low
68.385009765625,68.645263671875,67.76953125,68.2666015625,low
22.2177734375,30.438720703125,29.01953125,27.225341796875,low
46.698486328125,48.8662109375,47.001708984375,47.522135416666664,low
91.295654296875,95.749267578125,104.550537109375,97.198486328125,low
43.726318359375,43.726318359375,43.726318359375,43.726318359375,low
205.783203125,178.92578125,160.90966796875,181.87288411458334,low
111.60302734375,120.549072265625,120.72705078125,117.62638346354167,low
17.056640625,15.09814453125,24.14208984375,18.765625,low
13.705322265625,18.71044921875,30.666015625,21.027262369791668,low
81.059326171875,81.059326171875,81.052490234375,81.05704752604167,low
99.739990234375,90.20166015625,81.6552734375,90.53230794270833,low
117.9365234375,152.2578125,123.528076171875,131.24080403645834,low
56.723388671875,56.723388671875,56.723388671875,56.723388671875,low
82.261474609375,93.453857421875,93.36962890625,89.69498697916667,low
47.182861328125,39.158935546875,39.927978515625,42.089925130208336,low
34.661865234375,25.89306640625,24.507568359375,28.354166666666668,low
42.986328125,40.805419921875,38.402099609375,40.731282552083336,low
85.5322265625,74.44580078125,77.69189453125,79.22330729166667,low
20.47412109375,21.92138671875,28.18896484375,23.528157552083332,low
69.212890625,69.2216796875,69.21728515625,69.21728515625,low
74.087158203125,74.96337890625,75.327880859375,74.79280598958333,low
46.71826171875,46.192138671875,43.182373046875,45.3642578125,low
66.8056640625,22.66357421875,4.813720703125,31.427652994791668,low
94.434814453125,61.35595703125,63.1845703125,72.99178059895833,low
22.10791015625,19.161376953125,18.526123046875,19.931803385416668,low
66.469482421875,65.885498046875,87.38720703125,73.24739583333333,low
33.30712890625,25.479248046875,22.624755859375,27.137044270833332,low
40.13623046875,38.947998046875,47.247314453125,42.110514322916664,low
28.572265625,19.768798828125,19.970703125,22.770589192708332,low
148.60302734375,133.403076171875,120.56494140625,134.19034830729166,low
73.044677734375,47.707763671875,28.346435546875,49.699625651041664,low
140.544921875,144.28515625,135.7705078125,140.2001953125,low
120.157470703125,123.8408203125,108.64111328125,117.54646809895833,low
53.904052734375,52.35205078125,52.12939453125,52.795166015625,low
88.08740234375,94.618408203125,99.179931640625,93.9619140625,low
23.248779296875,23.25,23.24951171875,23.249430338541668,low
35.21142578125,31.32666015625,31.1513671875,32.563151041666664,low
79.44775390625,91.986572265625,87.4482421875,86.294189453125,low
36.76416015625,36.200439453125,40.00927734375,37.657958984375,low
80.94384765625,93.113525390625,87.52490234375,87.194091796875,low
12.866943359375,15.851806640625,23.110595703125,17.276448567708332,low
34.652587890625,25.1640625,24.865478515625,28.227376302083332,low
27.24853515625,37.4873046875,48.64697265625,37.794270833333336,low
106.96337890625,112.073974609375,100.5830078125,106.54012044270833,low
119.23876953125,123.925048828125,111.487060546875,118.21695963541667,low
18.9287109375,17.897705078125,16.282958984375,17.703125,low
40.7587890625,40.5087890625,44.3779296875,41.8818359375,low
55.512939453125,13.0810546875,5.950927734375,24.848307291666668,low
62.124755859375,55.8076171875,52.426025390625,56.7861328125,low
21.985595703125,19.6357421875,19.059326171875,20.226888020833332,low
26.823974609375,26.265625,24.58740234375,25.892333984375,low
82.594482421875,71.913818359375,61.916748046875,72.14168294270833,low
91.76904296875,80.70654296875,84.14208984375,85.53922526041667,low
26.025146484375,22.68408203125,23.186279296875,23.965169270833332,low
106.935546875,111.364501953125,102.892822265625,107.06429036458333,low
125.197265625,125.197265625,125.197265625,125.197265625,low
75.001708984375,55.536865234375,44.00439453125,58.180989583333336,low
96.662353515625,87.685302734375,62.009033203125,82.118896484375,low
30.618896484375,29.60498046875,27.3837890625,29.202555338541668,low
150.47607421875,135.337646484375,100.890380859375,128.9013671875,low
81.223388671875,59.8955078125,37.08642578125,59.401774088541664,low
33.394287109375,18.35107421875,13.670166015625,21.80517578125,low
106.1357421875,82.564453125,71.121826171875,86.60734049479167,low
22.983154296875,30.764404296875,35.63232421875,29.793294270833332,low
101.260498046875,105.43994140625,95.70947265625,100.80330403645833,low
75.41650390625,72.189453125,80.818603515625,76.14152018229167,low
36.57177734375,36.588623046875,36.579345703125,36.579915364583336,low
48.499267578125,59.167236328125,58.516357421875,55.394287109375,low
68.786376953125,86.322509765625,105.6064453125,86.90511067708333,low
157.01123046875,114.800048828125,61.082763671875,110.96468098958333,low
39.552978515625,31.775634765625,31.159423828125,34.162679036458336,low
48.102294921875,46.878662109375,43.180908203125,46.053955078125,low
62.82080078125,56.78564453125,54.09814453125,57.901529947916664,low
56.94189453125,25.058837890625,26.303466796875,36.101399739583336,low
53.90234375,43.7822265625,47.2978515625,48.327473958333336,low
120.885498046875,126.728759765625,136.541748046875,128.052001953125,low
21.511474609375,18.237548828125,18.77392578125,19.507649739583332,low
34.37060546875,25.46826171875,21.453857421875,27.097574869791668,low
49.203125,48.384033203125,40.57080078125,46.052652994791664,low
39.44921875,32.603759765625,33.1240234375,35.059000651041664,low
70.80224609375,60.9775390625,48.868408203125,60.216064453125,low
15.635498046875,12.13671875,14.3349609375,14.035725911458334,low
67.064208984375,87.839599609375,90.57373046875,81.82584635416667,low
46.349853515625,37.1103515625,35.176513671875,39.545572916666664,low
70.4296875,40.950439453125,24.15576171875,45.178629557291664,low
51.77734375,40.90087890625,37.13134765625,43.269856770833336,low
20.875,20.7275390625,24.41455078125,22.005696614583332,low
61.54931640625,54.656982421875,56.85595703125,57.687418619791664,low
153.362548828125,153.85791015625,161.081787109375,156.10074869791666,low
61.494140625,55.981201171875,52.97509765625,56.816813151041664,low
12.022705078125,15.6533203125,20.979736328125,16.218587239583332,low
30.0166015625,35.349365234375,29.68408203125,31.683349609375,low
67.854248046875,58.46337890625,50.1328125,58.816813151041664,low
75.55126953125,77.216796875,72.623291015625,75.13045247395833,low
57.316162109375,57.316162109375,57.319091796875,57.317138671875,low
128.993896484375,138.327880859375,143.6806640625,137.00081380208334,low
35.8818359375,47.81591796875,51.4150390625,45.03759765625,low
27.28515625,22.843505859375,15.646484375,21.925048828125,low
48.15673828125,39.609130859375,46.106201171875,44.6240234375,low
125.712890625,125.712890625,125.712890625,125.712890625,low
67.617919921875,60.009521484375,56.39599609375,61.341145833333336,low
54.96728515625,44.167724609375,40.8603515625,46.665120442708336,low
40.45849609375,34.026611328125,32.12744140625,35.537516276041664,low
64.213134765625,64.220458984375,64.216552734375,64.21671549479167,low
58.326904296875,50.5947265625,48.3330078125,52.418212890625,low
87.006103515625,107.228515625,118.799072265625,104.34456380208333,low
76.298583984375,89.266845703125,88.18505859375,84.58349609375,low
65.453369140625,65.453369140625,65.453369140625,65.453369140625,low
51.6494140625,49.790771484375,45.1044921875,48.848225911458336,low
70.792724609375,91.4140625,107.082763671875,89.76318359375,low
43.344970703125,36.19140625,32.67138671875,37.402587890625,low
21.18017578125,18.83984375,18.62744140625,19.549153645833332,low
43.529541015625,123.38330078125,155.143310546875,107.35205078125,low
24.2744140625,24.074462890625,24.1728515625,24.173909505208332,low
47.2099609375,44.31689453125,38.8544921875,43.46044921875,low
17.416748046875,10.906982421875,21.179443359375,16.501057942708332,low
57.7890625,57.7890625,57.791015625,57.789713541666664,low
82.252685546875,61.776611328125,45.85302734375,63.294108072916664,low
155.7900390625,138.21142578125,112.653564453125,135.55167643229166,low
136.9443359375,136.9443359375,136.9443359375,136.9443359375,low
44.92578125,45.783935546875,43.549072265625,44.7529296875,low
45.7734375,27.683349609375,21.47021484375,31.642333984375,low
60.7421875,55.364990234375,52.7060546875,56.271077473958336,low
40.69140625,41.66552734375,41.057373046875,41.138102213541664,low
82.97607421875,119.342041015625,147.44287109375,116.58699544270833,low
65.245849609375,45.304931640625,32.039306640625,47.530029296875,low
97.476318359375,102.692626953125,108.117919921875,102.76228841145833,low
54.75927734375,42.099853515625,40.505859375,45.788330078125,low
154.114990234375,138.077880859375,178.1416015625,156.77815755208334,low
55.9658203125,49.591064453125,41.97802734375,49.178304036458336,low
79.953857421875,92.7470703125,88.148681640625,86.94986979166667,low
45.39892578125,62.330810546875,53.114990234375,53.614908854166664,low
114.42529296875,139.19287109375,138.469970703125,130.696044921875,low
46.85888671875,44.482177734375,44.8671875,45.402750651041664,low
19.0234375,21.919677734375,23.891357421875,21.611490885416668,low
127.1357421875,127.67431640625,127.257080078125,127.355712890625,low
62.019287109375,54.2763671875,50.5634765625,55.619710286458336,low
99.444091796875,117.15380859375,135.000244140625,117.19938151041667,low
16.8134765625,10.089111328125,19.659423828125,15.520670572916666,low
177.833251953125,203.177978515625,214.75244140625,198.587890625,low
82.91064453125,90.075927734375,94.0654296875,89.017333984375,low
107.857421875,109.23193359375,98.941162109375,105.343505859375,low
63.3330078125,70.597900390625,80.896728515625,71.60921223958333,low
119.6240234375,123.54443359375,108.364013671875,117.177490234375,low
70.268310546875,61.34130859375,50.856201171875,60.821940104166664,low
196.254638671875,149.947265625,37.22607421875,127.809326171875,low
53.56640625,51.244873046875,45.28662109375,50.032633463541664,low
63.462890625,56.548828125,48.48193359375,56.16455078125,low
15.978515625,19.71337890625,26.92822265625,20.873372395833332,low
79.77392578125,57.603271484375,34.15185546875,57.176350911458336,low
110.06298828125,110.713623046875,62.335205078125,94.37060546875,low
141.80078125,122.232177734375,111.82470703125,125.285888671875,low
68.912353515625,94.0791015625,100.260986328125,87.75081380208333,low
58.510986328125,50.78955078125,48.703369140625,52.66796875,low
70.432861328125,78.951416015625,84.61181640625,77.99869791666667,low
27.3623046875,23.132080078125,16.026123046875,22.173502604166668,low
86.567138671875,113.81591796875,131.68212890625,110.68839518229167,low
41.6015625,27.3037109375,23.31884765625,30.741373697916668,low
44.04345703125,38.099609375,36.53173828125,39.558268229166664,low
27.69921875,21.208984375,14.921142578125,21.276448567708332,low
79.251953125,91.63525390625,87.771728515625,86.21964518229167,low
99.93896484375,73.727783203125,51.739013671875,75.13525390625,low
58.16455078125,54.132568359375,47.208984375,53.168701171875,low
32.031005859375,28.19287109375,29.198486328125,29.807454427083332,low
38.8271484375,44.243408203125,47.890380859375,43.653645833333336,low
105.20361328125,105.20361328125,105.20361328125,105.20361328125,low
80.581298828125,80.581298828125,80.581298828125,80.581298828125,low
29.483642578125,25.655029296875,25.504150390625,26.880940755208332,low
71.665771484375,84.3232421875,98.70068359375,84.89656575520833,low
10.701171875,12.9052734375,20.741455078125,14.782633463541666,low
80.534912109375,93.20263671875,88.62646484375,87.45467122395833,low
110.871826171875,102.701416015625,96.7431640625,103.43880208333333,low
135.985107421875,112.6962890625,93.18603515625,113.955810546875,low
54.9462890625,54.9462890625,54.95947265625,54.95068359375,low
66.119140625,62.37548828125,67.038330078125,65.17765299479167,low
129.931396484375,127.02783203125,120.3486328125,125.769287109375,low
37.33447265625,28.367431640625,26.609619140625,30.7705078125,low
32.938720703125,29.167724609375,28.53955078125,30.21533203125,low
55.63671875,48.29931640625,44.271240234375,49.402425130208336,low
91.862548828125,105.45703125,112.1181640625,103.14591471354167,low
8.6884765625,10.241943359375,8.53076171875,9.153727213541666,low
60.34814453125,100.582763671875,157.392578125,106.10782877604167,low
69.58935546875,40.33203125,22.926025390625,44.282470703125,low
50.89013671875,45.36474609375,40.0927734375,45.44921875,low
15.7080078125,15.04296875,18.189697265625,16.313557942708332,low
23.25830078125,21.6181640625,19.760986328125,21.545817057291668,low
104.12158203125,141.259521484375,161.919921875,135.76700846354166,low
56.612548828125,54.657958984375,90.0302734375,67.10026041666667,low
58.216796875,49.3818359375,50.68896484375,52.762532552083336,low
35.18798828125,38.861083984375,47.7744140625,40.607828776041664,low
37.254638671875,30.414306640625,27.66455078125,31.77783203125,low
135.008056640625,139.35302734375,118.819580078125,131.06022135416666,low
77.83203125,68.195068359375,59.663330078125,68.5634765625,low
153.163818359375,154.824462890625,159.613525390625,155.86726888020834,low
35.75048828125,31.4970703125,31.157958984375,32.801839192708336,low
73.27490234375,73.27490234375,73.27490234375,73.27490234375,low
36.5146484375,33.88232421875,32.919921875,34.43896484375,low
58.06591796875,58.070068359375,58.06103515625,58.065673828125,low
40.699951171875,44.273681640625,48.989501953125,44.654378255208336,low
11.979248046875,14.784423828125,12.229248046875,12.997639973958334,low
74.903564453125,73.113037109375,73.464111328125,73.826904296875,low
129.16650390625,119.566162109375,100.62353515625,116.45206705729167,low
75.366455078125,54.23876953125,31.81103515625,53.805419921875,low
139.569580078125,139.569580078125,139.569580078125,139.569580078125,low
61.34765625,43.233642578125,31.4423828125,45.341227213541664,low
94.859619140625,103.063720703125,107.67236328125,101.865234375,low
45.332763671875,39.796630859375,29.33935546875,38.15625,low
54.66796875,45.31689453125,38.27734375,46.08740234375,low
21.17041015625,21.313720703125,24.91552734375,22.466552734375,low
31.985107421875,17.59716796875,17.707275390625,22.429850260416668,low
149.86083984375,130.11669921875,115.388671875,131.78873697916666,low
35.39013671875,26.051025390625,21.745849609375,27.72900390625,low
78.92822265625,63.696533203125,49.08544921875,63.903401692708336,low
53.65234375,53.656005859375,53.648681640625,53.65234375,low
66.794677734375,59.22509765625,56.380859375,60.800211588541664,low
24.74560546875,21.195068359375,22.82666015625,22.922444661458332,low
54.5244140625,39.6875,32.521728515625,42.244547526041664,low
35.0556640625,23.52783203125,19.634033203125,26.072509765625,low
163.88232421875,81.862060546875,7.63916015625,84.461181640625,low
65.013671875,35.063720703125,26.533447265625,42.20361328125,low
110.26171875,114.358642578125,124.70556640625,116.44197591145833,low
35.80908203125,32.40966796875,31.02783203125,33.082194010416664,low
45.624755859375,40.664794921875,35.301513671875,40.530354817708336,low
40.08154296875,32.0556640625,30.748779296875,34.295328776041664,low
64.466796875,64.466796875,64.466796875,64.466796875,low
94.5185546875,94.5185546875,94.5185546875,94.5185546875,low
140.917724609375,131.456298828125,109.7294921875,127.36783854166667,low
83.322021484375,61.885498046875,33.23828125,59.48193359375,low
70.382080078125,70.382080078125,70.382080078125,70.382080078125,low
134.32958984375,144.496826171875,175.406005859375,151.41080729166666,low
70.966796875,92.013916015625,108.092041015625,90.35758463541667,low
31.96826171875,27.819091796875,27.330810546875,29.039388020833332,low
23.509033203125,20.333251953125,23.341796875,22.394694010416668,low
32.613525390625,49.93017578125,62.966552734375,48.50341796875,low
36.66845703125,44.018798828125,52.07421875,44.253824869791664,low
48.752197265625,40.051513671875,40.4833984375,43.095703125,low
49.7421875,43.130615234375,30.771728515625,41.21484375,low
50.50390625,47.497314453125,44.096923828125,47.366048177083336,low
25.1220703125,20.3447265625,24.2861328125,23.2509765625,low
48.05810546875,72.118896484375,83.049560546875,67.7421875,low
29.408447265625,25.127685546875,25.22998046875,26.588704427083332,low
84.17236328125,72.614990234375,61.61572265625,72.801025390625,low
16.708251953125,18.284423828125,16.2001953125,17.064290364583332,low
14.101806640625,17.150146484375,24.3837890625,18.545247395833332,low
51.3466796875,53.77685546875,51.905029296875,52.342854817708336,low
75.8369140625,92.099609375,98.607666015625,88.84806315104167,low
69.19970703125,59.330810546875,48.280517578125,58.93701171875,low
26.859130859375,20.8701171875,18.737060546875,22.155436197916668,low
65.6533203125,57.615966796875,47.52099609375,56.930094401041664,low
41.9423828125,53.358154296875,82.156005859375,59.152180989583336,low
66.180419921875,56.68359375,56.006103515625,59.623372395833336,low
52.80517578125,46.493896484375,41.2060546875,46.835042317708336,low
21.33740234375,17.354248046875,21.32080078125,20.004150390625,low
74.52880859375,51.7998046875,39.056396484375,55.128336588541664,low
9.19189453125,22.148193359375,35.30029296875,22.213460286458332,low
153.2607421875,153.2607421875,153.2607421875,153.2607421875,low
49.264404296875,47.189697265625,47.04150390625,47.831868489583336,low
35.137939453125,29.46533203125,29.415771484375,31.339680989583332,low
27.02587890625,15.61181640625,16.885009765625,19.840901692708332,low
105.314453125,98.90576171875,90.356689453125,98.19230143229167,low
70.389892578125,60.385498046875,48.13134765625,59.635579427083336,low
38.67138671875,50.33935546875,47.6728515625,45.561197916666664,low
133.51123046875,112.244384765625,95.688720703125,113.81477864583333,low
17.220947265625,26.420166015625,39.39306640625,27.678059895833332,low
32.2490234375,32.26025390625,32.254638671875,32.254638671875,low
104.03857421875,113.230712890625,97.27587890625,104.848388671875,low
111.66748046875,114.61767578125,114.11328125,113.46614583333333,low
155.44140625,165.955810546875,169.868408203125,163.75520833333334,low
32.279052734375,27.968994140625,27.64599609375,29.298014322916668,low
61.557373046875,56.392333984375,53.36279296875,57.104166666666664,low
37.54736328125,30.98583984375,29.179443359375,32.570882161458336,low
48.068359375,58.53564453125,57.9150390625,54.839680989583336,low
53.142333984375,62.35302734375,69.747314453125,61.74755859375,low
40.564697265625,32.28515625,31.314453125,34.721435546875,low
20.9208984375,18.610595703125,18.337158203125,19.28955078125,low
24.952392578125,21.462646484375,17.2626953125,21.225911458333332,low
113.242431640625,124.118408203125,138.2080078125,125.18961588541667,low
52.870361328125,76.247802734375,81.07568359375,70.06461588541667,low
57.064697265625,60.370361328125,66.891845703125,61.442301432291664,low
39.349609375,39.15283203125,38.092529296875,38.864990234375,low
27.179443359375,27.180908203125,27.18017578125,27.18017578125,low
48.919921875,69.302490234375,75.302001953125,64.50813802083333,low
98.1015625,94.01611328125,82.175048828125,91.430908203125,low
146.804443359375,145.10400390625,145.345947265625,145.75146484375,low
64.034912109375,64.041748046875,64.0380859375,64.03824869791667,low
112.7373046875,78.77685546875,59.02783203125,83.51399739583333,low
73.615234375,65.010986328125,63.4033203125,67.34318033854167,low
29.034912109375,23.211669921875,20.74658203125,24.3310546875,low
110.623046875,104.610595703125,102.357666015625,105.86376953125,low
38.546875,32.82080078125,40.737060546875,37.368245442708336,low
118.042236328125,94.451171875,83.494384765625,98.66259765625,low
16.536376953125,31.208740234375,46.119140625,31.2880859375,low
30.650390625,30.663330078125,30.658447265625,30.657389322916668,low
11.195068359375,13.66357421875,7.554443359375,10.804361979166666,low
29.3642578125,26.3837890625,53.584228515625,36.444091796875,low
105.99609375,93.16455078125,82.06201171875,93.74088541666667,low
121.962890625,122.05810546875,121.41943359375,121.8134765625,low
43.92578125,41.180908203125,35.298095703125,40.134928385416664,low
22.174560546875,22.17724609375,22.17333984375,22.175048828125,low
104.546630859375,98.3056640625,89.801025390625,97.55110677083333,low
54.8017578125,38.646240234375,30.980712890625,41.476236979166664,low
47.64111328125,48.44970703125,47.418701171875,47.836507161458336,low
113.612060546875,113.7353515625,100.680908203125,109.3427734375,low
137.72509765625,134.782958984375,132.409912109375,134.97265625,low
49.246826171875,49.265380859375,49.24658203125,49.2529296875,low
84.625244140625,67.2939453125,47.2890625,66.40275065104167,low
27.59521484375,24.06396484375,20.533935546875,24.064371744791668,low
114.35302734375,116.221923828125,112.404541015625,114.32649739583333,low
79.82177734375,43.546875,3.47802734375,42.2822265625,low
38.57275390625,37.282470703125,41.233642578125,39.029622395833336,low
42.812255859375,43.192626953125,32.009033203125,39.337972005208336,low
17.1259765625,16.421142578125,13.374755859375,15.640625,low
20.113525390625,18.845458984375,15.335693359375,18.098225911458332,low
20.203125,18.9052734375,15.189208984375,18.099202473958332,low
79.053955078125,69.5,41.16259765625,63.238850911458336,low
33.899169921875,23.8798828125,18.549560546875,25.44287109375,low
41.56103515625,32.074951171875,28.100341796875,33.912109375,low
37.193115234375,27.315673828125,23.279052734375,29.262613932291668,low
95.3544921875,79.409423828125,69.02001953125,81.26131184895833,low
99.188232421875,65.11865234375,34.64794921875,66.31827799479167,low
70.453125,45.760498046875,42.765380859375,52.993001302083336,low
117.52197265625,101.485595703125,79.076171875,99.36124674479167,low
120.24267578125,125.847412109375,119.86376953125,121.984619140625,neutral
93.787841796875,115.164794921875,123.0791015625,110.67724609375,neutral
77.216064453125,72.381103515625,64.890380859375,71.495849609375,neutral
95.8349609375,90.194580078125,79.870361328125,88.63330078125,neutral
87.00927734375,81.799560546875,73.07080078125,80.62654622395833,neutral
97.062255859375,90.48046875,79.30224609375,88.94832356770833,neutral
36.25927734375,41.622802734375,42.979736328125,40.287272135416664,neutral
43.658447265625,48.783935546875,50.684326171875,47.708902994791664,neutral
51.5751953125,52.296875,51.547119140625,51.806396484375,neutral
48.908935546875,48.583740234375,47.34423828125,48.278971354166664,neutral
28.9599609375,31.481201171875,32.723388671875,31.054850260416668,neutral
41.72021484375,40.107177734375,39.602783203125,40.476725260416664,neutral
15.659423828125,19.83447265625,14.590576171875,16.69482421875,neutral
20.326171875,24.6357421875,19.677001953125,21.546305338541668,neutral
13.714111328125,27.4716796875,18.8154296875,20.000406901041668,neutral
15.856689453125,30.869873046875,20.44775390625,22.391438802083332,neutral
15.234619140625,25.2333984375,20.775146484375,20.414388020833332,neutral
18.745849609375,30.120361328125,25.29833984375,24.721516927083332,neutral
17.23046875,19.72802734375,14.59326171875,17.183919270833332,neutral
14.202392578125,23.3291015625,22.580810546875,20.037434895833332,neutral
20.453857421875,22.84619140625,18.662841796875,20.654296875,neutral
20.944580078125,24.623779296875,19.754150390625,21.774169921875,neutral
20.083251953125,23.939697265625,19.503662109375,21.175537109375,neutral
18.5673828125,22.693115234375,17.777587890625,19.679361979166668,neutral
17.19384765625,19.65625,14.75732421875,17.202473958333332,neutral
23.39208984375,27.35595703125,21.871826171875,24.206624348958332,neutral
54.469482421875,43.62060546875,27.8935546875,41.994547526041664,neutral
28.642822265625,13.623291015625,4.753173828125,15.673095703125,neutral
28.994140625,53.565185546875,64.927734375,49.162353515625,neutral
27.165771484375,17.09521484375,6.582763671875,16.947916666666668,neutral
74.122802734375,64.523681640625,46.365966796875,61.670817057291664,neutral
37.112060546875,38.84130859375,33.8515625,36.601643880208336,neutral
76.146484375,73.203857421875,61.6357421875,70.32869466145833,neutral
74.172119140625,70.925537109375,59.734375,68.27734375,neutral
81.066650390625,77.227294921875,65.9296875,74.7412109375,neutral
72.166748046875,68.92138671875,58.359375,66.48250325520833,neutral
71.5791015625,60.91943359375,41.03369140625,57.844075520833336,neutral
58.881591796875,51.09130859375,31.852783203125,47.275227864583336,neutral
70.881591796875,58.732421875,35.11083984375,54.908284505208336,neutral
57.7490234375,45.2705078125,31.772216796875,44.930582682291664,neutral
8.7158203125,14.78857421875,17.047607421875,13.517333984375,neutral
8.679443359375,14.82177734375,17.013427734375,13.5048828125,neutral
10.213623046875,15.236328125,16.16748046875,13.872477213541666,neutral
10.472900390625,17.1494140625,17.610107421875,15.077473958333334,neutral
10.175537109375,16.10107421875,17.120849609375,14.4658203125,neutral
10.3486328125,16.052490234375,17.29931640625,14.566813151041666,neutral
10.2568359375,15.92236328125,17.178466796875,14.452555338541666,neutral
9.90771484375,15.736328125,16.939208984375,14.194417317708334,neutral
41.0068359375,35.451416015625,23.2939453125,33.250732421875,neutral
23.009765625,28.524169921875,27.25,26.261311848958332,neutral
40.404052734375,40.88623046875,36.08056640625,39.123616536458336,neutral
35.833984375,34.770263671875,30.121826171875,33.575358072916664,neutral
41.63623046875,34.228515625,30.446044921875,35.436930338541664,neutral
39.51806640625,28.7880859375,21.865966796875,30.057373046875,neutral
45.077880859375,36.1611328125,30.231201171875,37.15673828125,neutral
53.910888671875,42.303955078125,37.15673828125,44.457194010416664,neutral
34.13623046875,32.4609375,33.947021484375,33.514729817708336,neutral
38.90673828125,29.462158203125,22.945556640625,30.438151041666668,neutral
41.925048828125,32.03076171875,24.689208984375,32.881673177083336,neutral
42.099853515625,31.823974609375,24.99462890625,32.972819010416664,neutral
45.22802734375,35.97314453125,30.282470703125,37.161214192708336,neutral
54.794921875,41.405029296875,34.645751953125,43.615234375,neutral
56.534912109375,42.843017578125,36.161865234375,45.179931640625,neutral
75.841064453125,73.668701171875,74.383056640625,74.63094075520833,neutral
34.534423828125,44.847900390625,47.23193359375,42.204752604166664,neutral
62.24267578125,56.63720703125,48.08154296875,55.65380859375,neutral
60.049072265625,53.08544921875,46.0126953125,53.049072265625,neutral
63.852783203125,57.728271484375,48.885009765625,56.822021484375,neutral
13.167724609375,12.386474609375,12.5751953125,12.709798177083334,neutral
53.123779296875,63.990966796875,68.560302734375,61.891682942708336,neutral
59.210205078125,69.99755859375,74.396240234375,67.86800130208333,neutral
58.607421875,51.530029296875,35.5087890625,48.548746744791664,neutral
58.7431640625,51.786865234375,35.45361328125,48.661214192708336,neutral
58.2041015625,51.397216796875,35.03466796875,48.211995442708336,neutral
44.401611328125,36.759033203125,30.391357421875,37.184000651041664,neutral
42.315185546875,25.603271484375,20.1474609375,29.355305989583332,neutral
45.78271484375,39.123291015625,36.348388671875,40.418131510416664,neutral
46.021484375,28.598876953125,23.362548828125,32.660970052083336,neutral
28.00146484375,28.033935546875,27.52685546875,27.854085286458332,neutral
28.1875,28.051513671875,27.50634765625,27.915120442708332,neutral
28.25439453125,28.243896484375,27.77197265625,28.090087890625,neutral
28.26025390625,28.231201171875,27.802001953125,28.097819010416668,neutral
27.9658203125,28.0341796875,27.601318359375,27.867106119791668,neutral
27.933837890625,27.913330078125,27.54443359375,27.797200520833332,neutral
27.814208984375,27.872802734375,27.39306640625,27.693359375,neutral
27.8212890625,27.74560546875,27.359130859375,27.642008463541668,neutral
28.979248046875,18.881591796875,7.870849609375,18.577229817708332,neutral
26.32666015625,16.376953125,6.374755859375,16.359456380208332,neutral
24.94140625,15.9267578125,6.5,15.789388020833334,neutral
25.375244140625,16.15283203125,6.58447265625,16.037516276041668,neutral
15.6328125,11.18701171875,7.611328125,11.47705078125,neutral
11.66162109375,7.427734375,4.406005859375,7.831787109375,neutral
52.697998046875,43.563232421875,28.351318359375,41.537516276041664,neutral
91.543701171875,72.48193359375,55.33349609375,73.11971028645833,neutral
35.39892578125,30.389892578125,23.94677734375,29.911865234375,neutral
8.816162109375,15.9794921875,20.89013671875,15.228597005208334,neutral
9.6611328125,18.1171875,23.395751953125,17.058024088541668,neutral
30.898193359375,25.20654296875,17.213623046875,24.439453125,neutral
34.46484375,27.039306640625,15.8076171875,25.770589192708332,neutral
35.14111328125,28.055908203125,16.44921875,26.548746744791668,neutral
28.75390625,20.48193359375,12.086669921875,20.440836588541668,neutral
34.27197265625,27.7177734375,18.4443359375,26.811360677083332,neutral
34.09814453125,27.73486328125,18.30224609375,26.711751302083332,neutral
43.54345703125,42.0400390625,34.40625,39.99658203125,neutral
65.222412109375,63.21728515625,54.613037109375,61.017578125,neutral
30.340576171875,30.356689453125,26.182373046875,28.959879557291668,neutral
11.39453125,14.20263671875,16.278564453125,13.958577473958334,neutral
41.396484375,40.15966796875,34.794677734375,38.783610026041664,neutral
44.60693359375,42.912353515625,37.085693359375,41.534993489583336,neutral
31.258544921875,31.018798828125,27.022705078125,29.766682942708332,neutral
32.351318359375,32.04931640625,27.474365234375,30.625,neutral
25.48291015625,25.61474609375,22.22412109375,24.440592447916668,neutral
26.7392578125,20.77685546875,12.312744140625,19.942952473958332,neutral
25.66162109375,19.536865234375,10.45703125,18.551839192708332,neutral
18.908203125,17.787353515625,14.095947265625,16.930501302083332,neutral
52.774169921875,58.9326171875,64.523681640625,58.743489583333336,neutral
59.804931640625,47.14697265625,42.64208984375,49.864664713541664,neutral
71.33935546875,57.460205078125,53.113037109375,60.637532552083336,neutral
38.09326171875,26.517578125,22.106689453125,28.905843098958332,neutral
37.01171875,25.626953125,19.865234375,27.501302083333332,neutral
125.6845703125,99.073486328125,66.4736328125,97.07722981770833,neutral
125.527587890625,98.6591796875,66.20263671875,96.79646809895833,neutral
126.048095703125,99.146484375,66.98876953125,97.39444986979167,neutral
126.07666015625,99.20361328125,66.863037109375,97.381103515625,neutral
125.963134765625,100.35107421875,69.62744140625,98.647216796875,neutral
25.447021484375,17.485107421875,13.874755859375,18.935628255208332,neutral
13.54443359375,2.519775390625,4.48779296875,6.850667317708333,neutral
17.8330078125,2.341064453125,2.085205078125,7.419759114583333,neutral
15.651611328125,6.15283203125,7.87841796875,9.894287109375,neutral
15.998046875,5.52880859375,6.897705078125,9.474853515625,neutral
18.740966796875,6.234375,7.722900390625,10.8994140625,neutral
10.044677734375,8.832763671875,10.345947265625,9.741129557291666,neutral
16.697021484375,5.130859375,5.789306640625,9.205729166666666,neutral
16.61669921875,5.316650390625,6.07373046875,9.335693359375,neutral
14.494140625,7.77783203125,10.26171875,10.844563802083334,neutral
6.34521484375,6.8427734375,10.746337890625,7.978108723958333,neutral
27.74658203125,22.09912109375,19.05419921875,22.966634114583332,neutral
27.39501953125,21.510009765625,18.614990234375,22.506673177083332,neutral
48.37744140625,49.940673828125,43.245361328125,47.187825520833336,neutral
63.9501953125,65.013671875,54.33056640625,61.09814453125,neutral
57.632568359375,58.723388671875,49.51123046875,55.2890625,neutral
53.327880859375,54.756591796875,46.84033203125,51.6416015625,neutral
51.510009765625,53.38671875,47.976318359375,50.957682291666664,neutral
36.104248046875,37.048828125,33.934814453125,35.695963541666664,neutral
39.839111328125,40.80615234375,37.674560546875,39.43994140625,neutral
33.476806640625,34.057861328125,31.60400390625,33.046223958333336,neutral
52.5341796875,51.8203125,44.463134765625,49.605875651041664,neutral
47.22265625,48.957763671875,44.29052734375,46.823649088541664,neutral
75.456298828125,78.2802734375,68.576416015625,74.10432942708333,neutral
61.095947265625,66.20458984375,59.951171875,62.417236328125,neutral
80.2734375,84.8388671875,74.301025390625,79.804443359375,neutral
49.450927734375,51.77880859375,45.978515625,49.069417317708336,neutral
46.3037109375,50.50634765625,46.47998046875,47.763346354166664,neutral
37.734619140625,40.0693359375,36.58056640625,38.128173828125,neutral
41.3212890625,43.132080078125,39.45068359375,41.301350911458336,neutral
40.557861328125,42.747314453125,39.0078125,40.77099609375,neutral
52.538330078125,58.5224609375,56.28369140625,55.781494140625,neutral
60.817138671875,64.587158203125,62.15673828125,62.520345052083336,neutral
42.822998046875,40.3984375,44.729736328125,42.650390625,neutral
19.644287109375,22.666748046875,21.48974609375,21.266927083333332,neutral
11.193603515625,14.79345703125,18.56591796875,14.850992838541666,neutral
38.185546875,47.9521484375,56.29638671875,47.47802734375,neutral
6.99169921875,9.82666015625,9.990478515625,8.936279296875,neutral
34.863037109375,26.8359375,22.01171875,27.903564453125,neutral
38.477294921875,30.627685546875,25.469482421875,31.524820963541668,neutral
36.559814453125,28.2138671875,22.705078125,29.159586588541668,neutral
34.606201171875,28.3115234375,25.494140625,29.470621744791668,neutral
111.626708984375,71.184814453125,56.004150390625,79.605224609375,neutral
54.173828125,40.313720703125,32.03369140625,42.173746744791664,neutral
61.566162109375,49.456298828125,47.888916015625,52.970458984375,neutral
33.4169921875,26.568115234375,22.700927734375,27.56201171875,neutral
34.7177734375,27.680908203125,23.828125,28.742268880208332,neutral
34.399658203125,27.71630859375,23.701416015625,28.605794270833332,neutral
20.071044921875,20.891845703125,23.41357421875,21.458821614583332,neutral
38.274658203125,38.219482421875,39.73193359375,38.742024739583336,neutral
26.913818359375,33.30419921875,37.052734375,32.423583984375,neutral
27.512939453125,37.794189453125,43.6630859375,36.323404947916664,neutral
77.809814453125,74.22607421875,58.791259765625,70.27571614583333,neutral
79.719970703125,75.7392578125,59.79345703125,71.75089518229167,neutral
81.82763671875,77.4140625,61.298828125,73.51350911458333,neutral
84.94287109375,81.1474609375,64.564453125,76.88492838541667,neutral
87.6708984375,83.4326171875,67.079345703125,79.394287109375,neutral
90.23388671875,86.135498046875,68.79833984375,81.72257486979167,neutral
96.499755859375,91.74267578125,74.339599609375,87.52734375,neutral
114.958984375,97.971435546875,85.608642578125,99.51302083333333,neutral
120.47607421875,116.420166015625,106.703125,114.53312174479167,neutral
127.277587890625,140.560302734375,138.7001953125,135.5126953125,neutral
100.806884765625,88.594970703125,71.46435546875,86.95540364583333,neutral
84.67578125,75.48583984375,60.341552734375,73.50105794270833,neutral
139.618408203125,140.382080078125,133.202880859375,137.73445638020834,neutral
119.0478515625,111.6806640625,99.044677734375,109.92439778645833,neutral
130.8251953125,131.2578125,121.55322265625,127.87874348958333,neutral
130.740234375,131.007568359375,121.841552734375,127.86311848958333,neutral
68.8251953125,28.677734375,14.7158203125,37.40625,neutral
73.431884765625,25.36279296875,7.7890625,35.527913411458336,neutral
72.305419921875,27.76806640625,11.757568359375,37.277018229166664,neutral
117.311767578125,113.767822265625,103.8857421875,111.65511067708333,neutral
118.34033203125,113.501708984375,102.69189453125,111.51131184895833,neutral
105.981689453125,98.175048828125,88.232666015625,97.463134765625,neutral
113.743896484375,105.9892578125,95.669921875,105.13435872395833,neutral
109.638916015625,99.97314453125,89.412109375,99.67472330729167,neutral
107.574462890625,92.3203125,77.851318359375,92.58203125,neutral
101.8876953125,100.177001953125,89.656005859375,97.240234375,neutral
122.274658203125,117.290771484375,104.189208984375,114.58487955729167,neutral
118.6142578125,124.437744140625,123.431396484375,122.1611328125,neutral
107.05126953125,108.640380859375,106.384521484375,107.35872395833333,neutral
112.023681640625,117.558349609375,115.88427734375,115.15543619791667,neutral
90.17822265625,73.56201171875,67.004150390625,76.914794921875,neutral
108.48779296875,102.41455078125,98.10693359375,103.00309244791667,neutral
132.587890625,122.42529296875,116.204833984375,123.73933919270833,neutral
112.547119140625,99.19140625,92.21630859375,101.31827799479167,neutral
120.60595703125,102.380859375,94.1083984375,105.69840494791667,neutral
117.433349609375,104.125732421875,96.699462890625,106.086181640625,neutral
101.515869140625,86.179443359375,81.948486328125,89.88126627604167,neutral
103.971435546875,115.60302734375,117.56640625,112.38028971354167,neutral
99.884033203125,113.638671875,115.8447265625,109.78914388020833,neutral
103.862548828125,115.783935546875,118.24755859375,112.63134765625,neutral
122.046630859375,136.128173828125,138.249755859375,132.14152018229166,neutral
116.4990234375,129.336181640625,131.77880859375,125.871337890625,neutral
112.18212890625,127.521240234375,129.549560546875,123.08430989583333,neutral
106.092529296875,118.41845703125,119.471923828125,114.66097005208333,neutral
106.600341796875,115.25244140625,113.478759765625,111.77718098958333,neutral
129.911376953125,141.07275390625,141.716796875,137.56697591145834,neutral
142.51611328125,143.641357421875,140.156494140625,142.10465494791666,neutral
116.63232421875,129.88525390625,129.13818359375,125.21858723958333,neutral
110.63037109375,125.32470703125,125.96044921875,120.63850911458333,neutral
115.077392578125,127.734375,127.024169921875,123.27864583333333,neutral
113.313232421875,131.040283203125,131.734130859375,125.362548828125,neutral
113.873046875,135.519775390625,144.24267578125,131.21183268229166,neutral
26.43017578125,29.113525390625,26.624267578125,27.389322916666668,neutral
30.5322265625,33.086181640625,29.97509765625,31.197835286458332,neutral
38.833984375,36.828857421875,26.32861328125,33.997151692708336,neutral
59.135986328125,61.774169921875,54.250732421875,58.386962890625,neutral
27.64501953125,24.982421875,16.765380859375,23.130940755208332,neutral
28.48876953125,25.549560546875,17.258056640625,23.765462239583332,neutral
29.883056640625,27.133544921875,18.309326171875,25.108642578125,neutral
27.974365234375,24.98095703125,15.150634765625,22.701985677083332,neutral
27.674560546875,24.6943359375,14.9609375,22.443277994791668,neutral
20.087890625,18.282958984375,12.7880859375,17.052978515625,neutral
23.456787109375,21.4521484375,15.117431640625,20.0087890625,neutral
34.474853515625,33.430419921875,25.562744140625,31.156005859375,neutral
36.6884765625,35.060302734375,25.423095703125,32.390625,neutral
39.222412109375,36.2099609375,25.642822265625,33.691731770833336,neutral
34.520263671875,31.569091796875,21.887939453125,29.325764973958332,neutral
33.374755859375,30.052001953125,20.437744140625,27.954833984375,neutral
32.762939453125,29.2734375,19.947265625,27.327880859375,neutral
30.4248046875,27.0478515625,18.41259765625,25.295084635416668,neutral
28.614013671875,25.76220703125,17.534912109375,23.970377604166668,neutral
27.640380859375,24.981201171875,16.703125,23.108235677083332,neutral
27.93505859375,25.072509765625,16.985595703125,23.3310546875,neutral
27.880615234375,25.050048828125,16.83349609375,23.254720052083332,neutral
27.948974609375,25.191650390625,16.785888671875,23.308837890625,neutral
28.27392578125,25.28271484375,17.04345703125,23.533365885416668,neutral
28.557861328125,25.510498046875,17.309814453125,23.792724609375,neutral
28.44140625,25.622314453125,17.16748046875,23.743733723958332,neutral
29.051513671875,26.14404296875,17.757568359375,24.317708333333332,neutral
29.07666015625,26.141845703125,17.764404296875,24.32763671875,neutral
28.96630859375,26.103515625,17.635498046875,24.235107421875,neutral
29.433837890625,26.513671875,17.990478515625,24.64599609375,neutral
29.994873046875,27.131591796875,18.370849609375,25.165771484375,neutral
30.04345703125,27.114990234375,18.46630859375,25.208251953125,neutral
29.823486328125,27.083251953125,18.33837890625,25.081705729166668,neutral
29.7158203125,26.962646484375,18.104248046875,24.927571614583332,neutral
30.060791015625,27.2119140625,18.452392578125,25.24169921875,neutral
29.91357421875,27.117431640625,18.34423828125,25.125081380208332,neutral
30.023681640625,27.177490234375,18.46435546875,25.221842447916668,neutral
28.311279296875,25.834228515625,18.39794921875,24.18115234375,neutral
60.169921875,55.05419921875,48.880615234375,54.701578776041664,neutral
41.1337890625,36.92529296875,30.119140625,36.059407552083336,neutral
40.88330078125,36.74609375,29.877685546875,35.835693359375,neutral
96.330322265625,67.25390625,66.6875,76.75724283854167,neutral
104.524658203125,74.228271484375,71.634033203125,83.46232096354167,neutral
98.799560546875,70.556884765625,66.73095703125,78.69580078125,neutral
97.854248046875,70.17919921875,67.20068359375,78.411376953125,neutral
100.602783203125,74.68310546875,68.126953125,81.13761393229167,neutral
74.79052734375,66.557373046875,58.64697265625,66.66495768229167,neutral
33.7109375,26.741455078125,20.39208984375,26.948160807291668,neutral
79.285400390625,92.187744140625,83.888671875,85.12060546875,neutral
65.010986328125,67.855224609375,59.91064453125,64.25895182291667,neutral
54.9306640625,58.492431640625,52.730224609375,55.384440104166664,neutral
63.293212890625,66.3623046875,58.44091796875,62.698811848958336,neutral
47.323486328125,48.866943359375,44.345703125,46.845377604166664,neutral
76.12939453125,75.90966796875,90.51171875,80.85026041666667,neutral
77.009765625,76.75244140625,90.617919921875,81.46004231770833,neutral
67.63330078125,47.47119140625,40.9130859375,52.005859375,neutral
33.1865234375,25.806884765625,15.840087890625,24.944498697916668,neutral
33.092529296875,25.8046875,15.754638671875,24.883951822916668,neutral
36.422119140625,28.96142578125,17.82958984375,27.737711588541668,neutral
37.197998046875,29.43115234375,18.294677734375,28.307942708333332,neutral
35.89111328125,28.26611328125,17.201171875,27.119466145833332,neutral
15.938232421875,27.673583984375,26.372314453125,23.328043619791668,neutral
15.830322265625,26.956787109375,26.0654296875,22.950846354166668,neutral
25.30419921875,41.925048828125,39.206298828125,35.478515625,neutral
18.0302734375,20.140869140625,14.96875,17.713297526041668,neutral
49.235595703125,52.031982421875,44.046875,48.438151041666664,neutral
68.296630859375,75.517822265625,67.80419921875,70.53955078125,neutral
68.792724609375,75.924560546875,68.167724609375,70.961669921875,neutral
68.662841796875,75.87255859375,67.516357421875,70.68391927083333,neutral
67.65283203125,71.85302734375,61.780517578125,67.095458984375,neutral
65.875,70.2490234375,60.42529296875,65.51643880208333,neutral
63.45703125,67.5166015625,58.385498046875,63.119710286458336,neutral
70.316650390625,74.6416015625,64.57958984375,69.845947265625,neutral
68.04248046875,72.07666015625,62.352783203125,67.49064127604167,neutral
53.24365234375,41.227294921875,27.60986328125,40.693603515625,neutral
28.778564453125,22.797119140625,16.1083984375,22.561360677083332,neutral
33.6123046875,25.595703125,17.743896484375,25.650634765625,neutral
33.568603515625,25.502685546875,17.673583984375,25.581624348958332,neutral
71.84765625,58.84814453125,44.813232421875,58.503011067708336,neutral
69.426025390625,56.455810546875,42.985595703125,56.289143880208336,neutral
62.38037109375,46.759033203125,32.75146484375,47.296956380208336,neutral
39.78271484375,31.392333984375,22.7646484375,31.313232421875,neutral
57.1083984375,53.94677734375,31.445068359375,47.500081380208336,neutral
93.01416015625,74.705078125,49.698974609375,72.47273763020833,neutral
36.643798828125,26.969482421875,25.450927734375,29.688069661458332,neutral
61.234619140625,47.706787109375,45.777099609375,51.572835286458336,neutral
55.201416015625,42.169677734375,39.8251953125,45.732096354166664,neutral
54.437255859375,40.75537109375,37.766845703125,44.31982421875,neutral
68.102783203125,52.2333984375,49.217041015625,56.517740885416664,neutral
77.75537109375,64.954345703125,51.361572265625,64.6904296875,neutral
94.164794921875,90.217529296875,68.0126953125,84.13167317708333,neutral
61.12451171875,49.367919921875,41.49169921875,50.661376953125,neutral
55.84228515625,36.81982421875,28.22705078125,40.29638671875,neutral
65.4375,49.217041015625,41.6416015625,52.098714192708336,neutral
72.959716796875,56.432861328125,48.754150390625,59.382242838541664,neutral
65.504638671875,47.63037109375,39.23828125,50.791097005208336,neutral
65.006591796875,47.0732421875,39.177490234375,50.419108072916664,neutral
65.073486328125,47.234130859375,38.919677734375,50.409098307291664,neutral
65.150634765625,47.04248046875,38.744140625,50.312418619791664,neutral
73.013427734375,54.658447265625,44.83447265625,57.502115885416664,neutral
42.7412109375,43.3427734375,45.931884765625,44.005289713541664,neutral
58.835693359375,53.0146484375,46.64501953125,52.831787109375,neutral
60.49609375,54.521240234375,49.409423828125,54.808919270833336,neutral
42.762451171875,53.77783203125,63.396484375,53.312255859375,neutral
42.829833984375,53.961669921875,63.71142578125,53.5009765625,neutral
34.484130859375,26.01318359375,15.630126953125,25.375813802083332,neutral
38.284423828125,28.903564453125,16.66357421875,27.950520833333332,neutral
16.114501953125,20.66748046875,14.98876953125,17.256917317708332,neutral
27.766357421875,19.899169921875,8.465576171875,18.710367838541668,neutral
30.939208984375,22.09619140625,9.055419921875,20.696940104166668,neutral
50.126220703125,45.256103515625,37.465087890625,44.282470703125,neutral
49.99267578125,45.22900390625,36.815185546875,44.012288411458336,neutral
51.34228515625,45.75244140625,37.026611328125,44.707112630208336,neutral
43.862060546875,41.798095703125,37.118408203125,40.926188151041664,neutral
41.893798828125,40.4130859375,36.297607421875,39.534830729166664,neutral
48.80859375,44.2138671875,37.427490234375,43.483317057291664,neutral
47.029052734375,42.26025390625,34.895263671875,41.394856770833336,neutral
48.877685546875,44.18212890625,36.67236328125,43.244059244791664,neutral
50.259521484375,45.27783203125,37.677001953125,44.40478515625,neutral
45.0576171875,42.645751953125,37.96142578125,41.888264973958336,neutral
44.34375,41.706298828125,37.026611328125,41.025553385416664,neutral
44.075439453125,41.416015625,36.604248046875,40.698567708333336,neutral
43.976318359375,41.604736328125,36.651123046875,40.744059244791664,neutral
43.662353515625,41.27734375,36.602294921875,40.513997395833336,neutral
43.609619140625,41.391357421875,36.521484375,40.507486979166664,neutral
50.517578125,45.46728515625,37.33935546875,44.44140625,neutral
50.120361328125,45.330322265625,36.883056640625,44.111246744791664,neutral
49.390380859375,44.611083984375,36.246826171875,43.416097005208336,neutral
47.163818359375,42.582763671875,34.35986328125,41.368815104166664,neutral
45.623046875,41.3466796875,33.78955078125,40.253092447916664,neutral
51.21142578125,45.737060546875,36.960693359375,44.636393229166664,neutral
50.7705078125,45.3779296875,36.51123046875,44.219889322916664,neutral
51.465576171875,45.854736328125,37.085205078125,44.801839192708336,neutral
51.3193359375,45.76611328125,36.765380859375,44.616943359375,neutral
51.2958984375,45.526611328125,36.669677734375,44.497395833333336,neutral
51.121337890625,45.2919921875,36.57568359375,44.329671223958336,neutral
51.031982421875,45.343505859375,36.47802734375,44.284505208333336,neutral
51.132568359375,45.21875,36.6357421875,44.329020182291664,neutral
50.607666015625,44.978759765625,36.020751953125,43.869059244791664,neutral
42.162353515625,40.708740234375,36.611328125,39.827473958333336,neutral
42.06201171875,40.451171875,36.54052734375,39.6845703125,neutral
43.401123046875,41.40966796875,36.87744140625,40.562744140625,neutral
42.788818359375,41.1591796875,37.052001953125,40.333333333333336,neutral
45.712890625,43.3095703125,38.314697265625,42.445719401041664,neutral
46.648681640625,44.091064453125,38.9912109375,43.24365234375,neutral
45.310546875,42.361572265625,37.86328125,41.845133463541664,neutral
45.19921875,42.482666015625,37.853515625,41.845133463541664,neutral
45.457275390625,42.73388671875,37.917724609375,42.036295572916664,neutral
40.33642578125,38.009033203125,33.789306640625,37.378255208333336,neutral
40.51611328125,38.169189453125,34.0009765625,37.562093098958336,neutral
40.599365234375,38.187744140625,34.185791015625,37.657633463541664,neutral
40.72998046875,38.217041015625,34.18115234375,37.709391276041664,neutral
40.92822265625,38.408935546875,34.238525390625,37.858561197916664,neutral
40.9453125,38.473388671875,34.3271484375,37.915283203125,neutral
41.78466796875,39.423583984375,35.32470703125,38.844319661458336,neutral
41.609375,39.15576171875,35.0732421875,38.61279296875,neutral
41.462158203125,38.85888671875,34.811279296875,38.37744140625,neutral
39.996826171875,37.634521484375,30.771728515625,36.134358723958336,neutral
44.1142578125,41.359130859375,33.61376953125,39.695719401041664,neutral
43.853271484375,48.54443359375,35.974853515625,42.790852864583336,neutral
46.95751953125,49.379150390625,35.49072265625,43.942464192708336,neutral
68.12744140625,58.411865234375,52.805908203125,59.78173828125,neutral
52.911376953125,34.696533203125,30.174072265625,39.260660807291664,neutral
55.470947265625,44.867919921875,44.481689453125,48.273518880208336,neutral
82.954833984375,66.342041015625,52.982421875,67.42643229166667,neutral
60.543701171875,48.223876953125,43.317626953125,50.695068359375,neutral
57.637451171875,41.074462890625,32.835205078125,43.849039713541664,neutral
47.56005859375,29.9658203125,20.534423828125,32.686767578125,neutral
49.57080078125,31.741943359375,22.03271484375,34.448486328125,neutral
49.0439453125,31.600341796875,22.311767578125,34.318684895833336,neutral
49.4580078125,31.5986328125,21.665771484375,34.240804036458336,neutral
63.9580078125,45.588623046875,33.8876953125,47.811442057291664,neutral
55.197998046875,32.28564453125,20.743408203125,36.07568359375,neutral
57.59228515625,41.395751953125,33.18115234375,44.056396484375,neutral
50.174072265625,32.30859375,23.190185546875,35.224283854166664,neutral
50.214111328125,31.90625,23.054443359375,35.058268229166664,neutral
61.881591796875,45.0712890625,33.719970703125,46.890950520833336,neutral
62.5439453125,45.711181640625,34.229736328125,47.494954427083336,neutral
62.85986328125,45.806884765625,34.244873046875,47.63720703125,neutral
52.764892578125,33.833251953125,23.1494140625,36.58251953125,neutral
52.366455078125,33.265869140625,22.890869140625,36.174397786458336,neutral
64.67333984375,46.247802734375,34.440185546875,48.453776041666664,neutral
64.357177734375,46.092529296875,34.245361328125,48.231689453125,neutral
64.756591796875,46.221435546875,34.395751953125,48.457926432291664,neutral
64.72900390625,46.298583984375,34.34423828125,48.457275390625,neutral
64.737060546875,46.512939453125,34.673583984375,48.641194661458336,neutral
64.60498046875,46.101318359375,34.107421875,48.271240234375,neutral
62.5615234375,45.16796875,34.079833984375,47.269775390625,neutral
62.453369140625,45.000244140625,33.90234375,47.11865234375,neutral
57.714599609375,39.83349609375,28.65771484375,42.068603515625,neutral
58.3193359375,42.677978515625,31.77001953125,44.255777994791664,neutral
54.773681640625,32.046630859375,20.37939453125,35.733235677083336,neutral
55.3974609375,32.288330078125,20.811279296875,36.165690104166664,neutral
54.922119140625,32.223876953125,20.616455078125,35.920817057291664,neutral
55.01708984375,32.220947265625,20.67138671875,35.969807942708336,neutral
51.03564453125,44.17041015625,34.534423828125,43.246826171875,neutral
60.080078125,51.549560546875,41.8994140625,51.176350911458336,neutral
60.745849609375,52.15478515625,42.666259765625,51.855631510416664,neutral
53.5126953125,46.050537109375,40.447998046875,46.67041015625,neutral
63.320556640625,55.019287109375,48.407958984375,55.582600911458336,neutral
67.309326171875,58.4462890625,51.435546875,59.063720703125,neutral
68.755126953125,59.944091796875,52.670166015625,60.456461588541664,neutral
54.1298828125,49.391357421875,40.918701171875,48.146647135416664,neutral
76.90234375,56.55126953125,42.390625,58.61474609375,neutral
77.093505859375,56.344482421875,42.903076171875,58.780354817708336,neutral
77.720458984375,56.9794921875,43.47509765625,59.391682942708336,neutral
77.75048828125,56.963134765625,43.367431640625,59.3603515625,neutral
50.340576171875,38.52197265625,29.90478515625,39.589111328125,neutral
83.344970703125,63.296142578125,47.34716796875,64.66276041666667,neutral
89.397705078125,68.046142578125,53.009033203125,70.15096028645833,neutral
85.890380859375,64.98291015625,50.024169921875,66.9658203125,neutral
86.709716796875,66.065185546875,51.338134765625,68.03767903645833,neutral
86.927490234375,66.1787109375,51.484130859375,68.19677734375,neutral
87.528076171875,67.193115234375,52.359130859375,69.02677408854167,neutral
85.211181640625,63.916259765625,49.217529296875,66.114990234375,neutral
50.509521484375,38.910888671875,30.23193359375,39.884114583333336,neutral
50.37353515625,38.57373046875,30.04833984375,39.665201822916664,neutral
50.287841796875,38.619873046875,29.937744140625,39.615152994791664,neutral
50.439453125,38.628662109375,30.14013671875,39.736083984375,neutral
84.509765625,62.999267578125,48.214599609375,65.2412109375,neutral
54.315185546875,41.6923828125,31.193115234375,42.400227864583336,neutral
55.135009765625,42.333740234375,31.69921875,43.055989583333336,neutral
91.279541015625,69.732177734375,52.061767578125,71.02449544270833,neutral
92.79931640625,70.869873046875,52.89794921875,72.18904622395833,neutral
84.180908203125,63.91064453125,47.615966796875,65.23583984375,neutral
84.71240234375,64.260498046875,47.536865234375,65.50325520833333,neutral
84.46484375,63.9404296875,47.599853515625,65.33504231770833,neutral
83.2529296875,63.114013671875,47.32080078125,64.56258138020833,neutral
31.953125,23.974609375,16.68212890625,24.203287760416668,neutral
28.671142578125,21.78955078125,15.402587890625,21.954427083333332,neutral
36.15478515625,26.2353515625,17.800537109375,26.730224609375,neutral
37.59375,29.06884765625,18.27880859375,28.313802083333332,neutral
30.9248046875,22.270751953125,15.341796875,22.845784505208332,neutral
34.03271484375,25.13623046875,17.709716796875,25.626220703125,neutral
71.142578125,61.73828125,60.47216796875,64.45100911458333,neutral
66.955810546875,55.488525390625,50.2587890625,57.567708333333336,neutral
45.899169921875,58.438232421875,68.248046875,57.528483072916664,neutral
36.603759765625,47.45556640625,58.494140625,47.517822265625,neutral
58.327392578125,71.502685546875,80.498046875,70.109375,neutral
40.09033203125,50.461669921875,58.739501953125,49.763834635416664,neutral
47.75927734375,59.98681640625,68.615966796875,58.787353515625,neutral
69.9697265625,38.615966796875,18.100830078125,42.228841145833336,neutral
72.943603515625,40.77978515625,19.193603515625,44.3056640625,neutral
72.55810546875,40.28369140625,19.25634765625,44.03271484375,neutral
29.875732421875,16.22216796875,13.919921875,20.005940755208332,neutral
19.768798828125,12.25048828125,10.1806640625,14.066650390625,neutral
22.427490234375,14.682373046875,12.815673828125,16.641845703125,neutral
25.38037109375,18.335693359375,16.179931640625,19.96533203125,neutral
25.91650390625,18.913818359375,16.7529296875,20.527750651041668,neutral
25.55078125,18.655029296875,16.47509765625,20.226969401041668,neutral
25.695068359375,18.660888671875,16.61474609375,20.323567708333332,neutral
25.5244140625,18.615234375,16.457275390625,20.198974609375,neutral
25.323486328125,18.438232421875,16.264404296875,20.008707682291668,neutral
25.2626953125,18.33251953125,16.180908203125,19.925374348958332,neutral
25.232421875,18.28564453125,16.131103515625,19.883056640625,neutral
37.2841796875,43.91015625,37.7470703125,39.647135416666664,neutral
59.010009765625,69.072021484375,69.604736328125,65.89558919270833,neutral
59.199951171875,69.23046875,69.757568359375,66.06266276041667,neutral
59.693603515625,69.4306640625,70.02197265625,66.382080078125,neutral
35.4453125,48.11962890625,54.161376953125,45.908772786458336,neutral
46.2939453125,52.26806640625,52.904296875,50.48876953125,neutral
42.3427734375,50.4375,52.3046875,48.361653645833336,neutral
59.76611328125,34.256591796875,31.0380859375,41.686930338541664,neutral
65.191162109375,36.082763671875,32.934814453125,44.736246744791664,neutral
61.202880859375,34.760986328125,31.431396484375,42.465087890625,neutral
57.115966796875,45.000732421875,38.7197265625,46.945475260416664,neutral
59.65576171875,33.125244140625,28.597900390625,40.459635416666664,neutral
59.674560546875,33.5986328125,29.284423828125,40.8525390625,neutral
59.348388671875,34.091552734375,29.570068359375,41.003336588541664,neutral
59.443359375,34.069580078125,29.522216796875,41.01171875,neutral
60.795166015625,48.0009765625,41.0185546875,49.938232421875,neutral
60.584716796875,49.91357421875,45.403564453125,51.96728515625,neutral
58.28125,46.4267578125,40.288818359375,48.332275390625,neutral
60.99560546875,49.98095703125,43.392578125,51.456380208333336,neutral
59.505126953125,48.89208984375,42.510986328125,50.302734375,neutral
58.7880859375,49.3310546875,42.7958984375,50.305013020833336,neutral
61.053955078125,51.9404296875,47.923095703125,53.63916015625,neutral
47.979248046875,96.89501953125,150.095703125,98.32332356770833,neutral
66.4150390625,57.483642578125,54.356201171875,59.418294270833336,neutral
37.763427734375,30.128173828125,22.4716796875,30.12109375,neutral
33.88623046875,27.099365234375,20.278076171875,27.087890625,neutral
36.563720703125,29.083984375,21.326171875,28.991292317708332,neutral
31.46923828125,28.705078125,29.334228515625,29.836181640625,neutral
28.263427734375,24.3193359375,23.091552734375,25.224772135416668,neutral
29.63232421875,26.50830078125,27.37158203125,27.83740234375,neutral
26.32080078125,22.895263671875,22.713134765625,23.976399739583332,neutral
22.241455078125,18.32568359375,17.5283203125,19.365152994791668,neutral
26.262451171875,21.6259765625,20.915771484375,22.934733072916668,neutral
27.31005859375,22.873046875,22.36474609375,24.1826171875,neutral
28.332275390625,24.529052734375,23.630615234375,25.497314453125,neutral
36.371337890625,47.16015625,33.12841796875,38.886637369791664,neutral
81.97509765625,71.1083984375,62.3369140625,71.80680338541667,neutral
71.80419921875,63.509033203125,57.189208984375,64.16748046875,neutral
61.190185546875,49.87890625,40.40478515625,50.491292317708336,neutral
61.27294921875,50.03662109375,40.449951171875,50.586507161458336,neutral
61.447021484375,50.009765625,40.702880859375,50.719889322916664,neutral
58.329833984375,53.437744140625,51.97802734375,54.581868489583336,neutral
62.555419921875,50.278076171875,40.76220703125,51.198567708333336,neutral
62.659423828125,50.254638671875,40.771728515625,51.228597005208336,neutral
41.55712890625,46.839599609375,50.405517578125,46.267415364583336,neutral
42.140869140625,47.43115234375,51.695556640625,47.089192708333336,neutral
40.565185546875,45.249755859375,50.169677734375,45.328206380208336,neutral
38.552978515625,43.114990234375,47.7734375,43.147135416666664,neutral
45.9248046875,52.13232421875,57.138671875,51.73193359375,neutral
41.64453125,46.739990234375,50.614013671875,46.332845052083336,neutral
41.59912109375,46.86767578125,50.74951171875,46.405436197916664,neutral
41.83740234375,46.925537109375,50.20947265625,46.324137369791664,neutral
41.955322265625,47.478271484375,51.31396484375,46.915852864583336,neutral
67.587158203125,57.2568359375,46.8857421875,57.243245442708336,neutral
57.11376953125,49.53955078125,41.345947265625,49.333089192708336,neutral
60.115234375,51.79345703125,43.14794921875,51.685546875,neutral
51.505615234375,41.131591796875,31.632080078125,41.423095703125,neutral
54.89208984375,53.413330078125,53.564697265625,53.956705729166664,neutral
87.9482421875,67.279296875,41.23291015625,65.48681640625,neutral
33.77783203125,29.937744140625,19.185546875,27.633707682291668,neutral
78.219482421875,64.485595703125,39.3212890625,60.675455729166664,neutral
78.7734375,63.361328125,40.788818359375,60.974527994791664,neutral
54.58837890625,43.69189453125,27.0009765625,41.760416666666664,neutral
89.396728515625,69.81787109375,40.89404296875,66.702880859375,neutral
83.871337890625,66.663818359375,41.280029296875,63.938395182291664,neutral
45.706787109375,42.406494140625,28.384521484375,38.832600911458336,neutral
17.52490234375,16.553955078125,12.4072265625,15.495361328125,neutral
31.339599609375,27.832275390625,19.571533203125,26.247802734375,neutral
59.0390625,51.184814453125,34.25048828125,48.158121744791664,neutral
64.57470703125,55.294921875,37.2255859375,52.365071614583336,neutral
21.8095703125,15.105224609375,10.89306640625,15.935953776041666,neutral
26.36279296875,17.650390625,11.744140625,18.585774739583332,neutral
60.15625,40.763916015625,27.10693359375,42.675699869791664,neutral
29.82373046875,21.977294921875,18.77197265625,23.524332682291668,neutral
34.70947265625,18.99169921875,12.076904296875,21.926025390625,neutral
21.704833984375,14.3466796875,9.98828125,15.346598307291666,neutral
27.798095703125,16.73779296875,11.596435546875,18.710774739583332,neutral
47.8056640625,31.13037109375,20.489501953125,33.141845703125,neutral
48.18359375,31.197021484375,20.71484375,33.365152994791664,neutral
47.538818359375,30.9169921875,20.52197265625,32.992594401041664,neutral
47.307373046875,30.747802734375,20.6630859375,32.906087239583336,neutral
35.2861328125,20.456787109375,16.71875,24.153889973958332,neutral
24.465087890625,9.60546875,4.786376953125,12.952311197916666,neutral
49.52099609375,44.640869140625,41.133056640625,45.098307291666664,neutral
11.177978515625,16.23046875,24.770263671875,17.392903645833332,neutral
14.578125,18.563720703125,26.9716796875,20.037841796875,neutral
14.412841796875,18.626708984375,27.052734375,20.03076171875,neutral
10.32421875,14.35986328125,22.5078125,15.730631510416666,neutral
22.07275390625,27.071044921875,38.784423828125,29.309407552083332,neutral
35.228759765625,29.44482421875,34.30908203125,32.994222005208336,neutral
21.693115234375,26.340087890625,37.90234375,28.645182291666668,neutral
21.42138671875,26.005615234375,37.35400390625,28.260335286458332,neutral
39.862060546875,34.32861328125,31.745849609375,35.312174479166664,neutral
39.478271484375,33.82958984375,31.134765625,34.814208984375,neutral
25.219482421875,25.06494140625,21.412353515625,23.89892578125,neutral
31.162841796875,34.757568359375,39.302490234375,35.074300130208336,neutral
30.694580078125,32.13671875,32.20947265625,31.680257161458332,neutral
21.41943359375,22.348388671875,21.7734375,21.847086588541668,neutral
25.4150390625,26.85693359375,28.544921875,26.93896484375,neutral
39.331787109375,38.849853515625,39.379638671875,39.187093098958336,neutral
106.137451171875,99.78515625,91.099365234375,99.00732421875,neutral
48.5380859375,58.704345703125,62.7822265625,56.674886067708336,neutral
53.71630859375,65.3486328125,70.449462890625,63.171468098958336,neutral
89.7314453125,79.420166015625,65.907470703125,78.35302734375,neutral
61.713134765625,45.89794921875,33.605224609375,47.072102864583336,neutral
99.6943359375,83.7822265625,64.365478515625,82.614013671875,neutral
88.260986328125,75.181884765625,58.10986328125,73.85091145833333,neutral
67.900146484375,57.17138671875,46.45556640625,57.175699869791664,neutral
20.008056640625,18.74951171875,15.927001953125,18.228190104166668,neutral
18.524169921875,17.280029296875,14.55908203125,16.787760416666668,neutral
18.724853515625,17.412841796875,14.77783203125,16.971842447916668,neutral
18.57958984375,17.87939453125,14.580078125,17.013020833333332,neutral
21.774658203125,20.369140625,16.679931640625,19.60791015625,neutral
3.14794921875,2.80126953125,2.474853515625,2.8080240885416665,neutral
35.099365234375,41.276123046875,44.158935546875,40.178141276041664,neutral
31.011474609375,37.03173828125,39.40966796875,35.817626953125,neutral
96.79345703125,105.11669921875,106.21875,102.70963541666667,neutral
38.29248046875,44.6328125,47.4658203125,43.463704427083336,neutral
25.7802734375,33.19482421875,36.56640625,31.84716796875,neutral
36.697021484375,39.9521484375,40.63037109375,39.093180338541664,neutral
33.85302734375,37.16845703125,40.9638671875,37.328450520833336,neutral
52.6259765625,60.0498046875,67.009033203125,59.894938151041664,neutral
66.690673828125,72.813720703125,82.896240234375,74.133544921875,neutral
18.86962890625,25.722412109375,29.827392578125,24.806477864583332,neutral
14.348388671875,20.16943359375,24.35595703125,19.624593098958332,neutral
70.931396484375,62.5751953125,43.459228515625,58.988606770833336,neutral
70.46728515625,62.216064453125,43.152587890625,58.611979166666664,neutral
70.21630859375,62.075927734375,43.08056640625,58.457600911458336,neutral
70.37353515625,62.091552734375,43.4580078125,58.641031901041664,neutral
70.05712890625,61.791259765625,43.30810546875,58.385498046875,neutral
69.625244140625,61.57861328125,43.2392578125,58.147705078125,neutral
69.42138671875,61.2802734375,43.198486328125,57.966715494791664,neutral
68.838623046875,60.92236328125,42.873291015625,57.544759114583336,neutral
68.252685546875,60.594970703125,42.6591796875,57.1689453125,neutral
67.591796875,59.939453125,42.21484375,56.58203125,neutral
13.2724609375,18.6669921875,20.123291015625,17.354248046875,neutral
14.483154296875,19.343505859375,19.767822265625,17.864827473958332,neutral
15.718017578125,21.750244140625,22.8447265625,20.104329427083332,neutral
23.666015625,16.177001953125,18.221923828125,19.35498046875,neutral
2.03173828125,5.602783203125,17.2724609375,8.302327473958334,neutral
20.2685546875,12.589111328125,11.413330078125,14.756998697916666,neutral
42.398681640625,27.559814453125,17.258544921875,29.072347005208332,neutral
26.08544921875,10.233154296875,6.479736328125,14.26611328125,neutral
30.095947265625,19.6181640625,13.478515625,21.064208984375,neutral
46.36865234375,60.530029296875,72.875,59.924560546875,neutral
88.939453125,77.79443359375,55.434814453125,74.05623372395833,neutral
12.121337890625,11.40625,11.392578125,11.640055338541666,neutral
11.0546875,11.107177734375,11.957275390625,11.373046875,neutral
11.5693359375,11.5556640625,11.470458984375,11.531819661458334,neutral
1.67822265625,1.67822265625,1.67822265625,1.67822265625,neutral
120.801513671875,121.92236328125,111.3681640625,118.03068033854167,neutral
127.88037109375,130.283935546875,119.247802734375,125.80403645833333,neutral
90.53515625,82.381103515625,74.2197265625,82.378662109375,neutral
121.799560546875,113.64697265625,109.0078125,114.818115234375,neutral
45.0576171875,33.3056640625,14.125732421875,30.829671223958332,neutral
44.438232421875,30.6611328125,6.969482421875,27.356282552083332,neutral
38.89599609375,28.941650390625,11.056884765625,26.298177083333332,neutral
48.117431640625,33.19189453125,7.35888671875,29.556070963541668,neutral
46.595947265625,30.972900390625,5.718017578125,27.762288411458332,neutral
43.943115234375,28.2890625,5.645751953125,25.959309895833332,neutral
39.63525390625,26.013671875,6.02734375,23.89208984375,neutral
49.908935546875,31.307373046875,6.949951171875,29.388753255208332,neutral
41.49853515625,32.017822265625,22.365234375,31.960530598958332,neutral
52.810546875,41.20703125,29.3564453125,41.124674479166664,neutral
32.240966796875,55.3994140625,46.302490234375,44.647623697916664,neutral
45.4453125,31.277587890625,27.96337890625,34.895426432291664,neutral
90.706298828125,80.02001953125,71.4736328125,80.73331705729167,neutral
91.69189453125,79.664794921875,71.37451171875,80.910400390625,neutral
92.1171875,80.650390625,72.636474609375,81.80135091145833,neutral
94.209228515625,81.951904296875,73.418701171875,83.19327799479167,neutral
93.42578125,81.501953125,72.893798828125,82.607177734375,neutral
42.041259765625,46.7958984375,51.58349609375,46.806884765625,neutral
46.082763671875,53.27294921875,61.354248046875,53.569986979166664,neutral
57.301513671875,66.635009765625,73.68359375,65.87337239583333,neutral
25.342529296875,18.164306640625,20.46142578125,21.32275390625,neutral
27.915283203125,21.093505859375,21.812255859375,23.607014973958332,neutral
26.390625,19.604736328125,21.85888671875,22.618082682291668,neutral
26.53564453125,19.355224609375,21.551513671875,22.480794270833332,neutral
26.24072265625,18.774658203125,22.62158203125,22.545654296875,neutral
24.482666015625,18.56494140625,12.80078125,18.616129557291668,neutral
43.595458984375,33.901123046875,27.35693359375,34.951171875,neutral
54.105224609375,46.68896484375,39.236572265625,46.676920572916664,neutral
50.02978515625,40.312255859375,33.107666015625,41.14990234375,neutral
56.11962890625,48.612548828125,40.0234375,48.251871744791664,neutral
119.602294921875,112.13427734375,99.228759765625,110.32177734375,neutral
73.3515625,61.132568359375,50.183349609375,61.555826822916664,neutral
73.559814453125,61.674560546875,50.73876953125,61.991048177083336,neutral
41.986083984375,41.31689453125,44.689453125,42.664143880208336,neutral
56.860595703125,49.0029296875,42.85302734375,49.572184244791664,neutral
60.48974609375,51.181396484375,44.609130859375,52.093424479166664,neutral
61.00927734375,51.429443359375,45.06689453125,52.501871744791664,neutral
69.564208984375,57.978271484375,36.93603515625,54.826171875,neutral
89.333251953125,74.68701171875,52.340087890625,72.1201171875,neutral
105.721923828125,88.513916015625,59.4375,84.55777994791667,neutral
45.770263671875,39.59326171875,26.534423828125,37.29931640625,neutral
42.5595703125,38.813720703125,28.00732421875,36.460205078125,neutral
73.518798828125,61.328857421875,40.486328125,58.444661458333336,neutral
108.153076171875,87.71826171875,59.357177734375,85.076171875,neutral
52.268798828125,44.95849609375,29.4169921875,42.214762369791664,neutral
46.794921875,41.382080078125,26.2568359375,38.144612630208336,neutral
31.43408203125,19.71337890625,13.536376953125,21.561279296875,neutral
40.51904296875,17.572509765625,10.536376953125,22.8759765625,neutral
26.739013671875,24.2646484375,21.960205078125,24.3212890625,neutral
73.18359375,49.422607421875,39.86865234375,54.158284505208336,overhead
30.150146484375,35.157470703125,43.72998046875,36.345865885416664,overhead
51.54443359375,46.900146484375,40.978271484375,46.474283854166664,overhead
48.615478515625,35.534423828125,33.013671875,39.054524739583336,overhead
54.531494140625,48.574951171875,42.28369140625,48.46337890625,overhead
103.813720703125,104.068115234375,87.25048828125,98.37744140625,overhead
35.369384765625,37.213623046875,37.1181640625,36.567057291666664,overhead
52.778564453125,54.635009765625,62.050537109375,56.488037109375,overhead
54.358642578125,36.9609375,25.30419921875,38.874593098958336,overhead
63.750244140625,54.035888671875,44.2978515625,54.027994791666664,overhead
65.419677734375,53.883056640625,50.912841796875,56.738525390625,overhead
28.861328125,25.308349609375,27.5400390625,27.236572265625,overhead
77.1943359375,80.265869140625,85.039306640625,80.83317057291667,overhead
211.28076171875,203.78125,197.1650390625,204.07568359375,overhead
33.328857421875,38.1572265625,46.1953125,39.227132161458336,overhead
84.770263671875,12.77392578125,14.234375,37.259521484375,overhead
90.55908203125,90.55908203125,90.55908203125,90.55908203125,overhead
50.353759765625,23.690185546875,9.997802734375,28.013916015625,overhead
66.998779296875,66.998779296875,66.998779296875,66.998779296875,overhead
12.678466796875,16.950927734375,22.5458984375,17.391764322916668,overhead
139.8359375,140.699462890625,138.693115234375,139.74283854166666,overhead
97.3212890625,80.0625,78.384765625,85.25618489583333,overhead
139.984619140625,155.156005859375,155.245361328125,150.128662109375,overhead
80.578125,80.400634765625,74.417236328125,78.46533203125,overhead
74.9375,67.139404296875,52.40576171875,64.82755533854167,overhead
50.311279296875,30.680419921875,21.8466796875,34.279459635416664,overhead
51.5009765625,31.082763671875,22.485107421875,35.02294921875,overhead
16.84326171875,14.71142578125,16.8330078125,16.129231770833332,overhead
117.203857421875,118.68994140625,105.507568359375,113.80045572916667,overhead
161.84033203125,171.33154296875,171.388671875,168.18684895833334,overhead
108.067626953125,101.335693359375,96.86279296875,102.08870442708333,overhead
192.632568359375,171.579833984375,169.994384765625,178.06892903645834,overhead
26.6484375,27.012451171875,29.786865234375,27.81591796875,overhead
53.787109375,43.866455078125,36.412841796875,44.688802083333336,overhead
36.181396484375,39.7060546875,49.677734375,41.855061848958336,overhead
45.001953125,47.954833984375,53.876953125,48.944580078125,overhead
104.62841796875,97.838134765625,92.66259765625,98.37638346354167,overhead
59.197021484375,59.197021484375,59.197021484375,59.197021484375,overhead
37.048828125,28.394287109375,26.066162109375,30.503092447916668,overhead
65.718505859375,50.3466796875,43.408935546875,53.158040364583336,overhead
131.447998046875,144.37841796875,104.85693359375,126.89444986979167,overhead
117.623779296875,87.57861328125,52.315673828125,85.83935546875,overhead
52.95654296875,38.174072265625,34.904296875,42.011637369791664,overhead
98.564208984375,80.8203125,86.324462890625,88.56966145833333,overhead
153.647216796875,153.647216796875,153.647216796875,153.647216796875,overhead
168.1962890625,178.61279296875,179.504638671875,175.43790690104166,overhead
87.52294921875,96.7548828125,90.927978515625,91.73527018229167,overhead
59.22705078125,40.452392578125,27.65380859375,42.444417317708336,overhead
85.21826171875,93.189697265625,62.01904296875,80.142333984375,overhead
62.43359375,78.84228515625,84.90869140625,75.39485677083333,overhead
28.065673828125,25.0693359375,27.16259765625,26.765869140625,overhead
65.764404296875,43.12939453125,34.6962890625,47.863362630208336,overhead
22.5859375,19.398193359375,21.922607421875,21.30224609375,overhead
26.271484375,79.060302734375,89.4130859375,64.91495768229167,overhead
86.845458984375,62.14208984375,55.88037109375,68.289306640625,overhead
65.046142578125,51.3701171875,45.207763671875,53.874674479166664,overhead
36.506591796875,37.468994140625,36.344970703125,36.773518880208336,overhead
43.9599609375,40.326904296875,38.24072265625,40.842529296875,overhead
36.10595703125,25.286376953125,18.61572265625,26.669352213541668,overhead
100.38623046875,94.09033203125,80.22998046875,91.56884765625,overhead
20.8330078125,17.988037109375,20.43798828125,19.753011067708332,overhead
73.448974609375,78.408203125,64.614990234375,72.15738932291667,overhead
108.3662109375,133.190185546875,113.2021484375,118.25284830729167,overhead
70.934814453125,49.92431640625,41.769775390625,54.209635416666664,overhead
96.26123046875,96.532958984375,97.775146484375,96.8564453125,overhead
57.517333984375,59.02294921875,49.464111328125,55.334798177083336,overhead
59.684326171875,41.329345703125,37.387451171875,46.133707682291664,overhead
115.09814453125,103.927734375,94.851806640625,104.62589518229167,overhead
13.774169921875,17.883544921875,19.833251953125,17.163655598958332,overhead
20.62158203125,25.56640625,26.998291015625,24.395426432291668,overhead
53.962158203125,32.98974609375,24.563720703125,37.171875,overhead
43.519775390625,37.03173828125,34.60888671875,38.386800130208336,overhead
24.407470703125,26.102783203125,28.5009765625,26.337076822916668,overhead
56.01416015625,56.01416015625,56.01416015625,56.01416015625,overhead
39.3388671875,34.8017578125,30.833251953125,34.991292317708336,overhead
16.8876953125,14.55078125,17.8173828125,16.418619791666668,overhead
17.28173828125,14.344970703125,16.88134765625,16.169352213541668,overhead
104.16943359375,78.953857421875,68.291015625,83.80476888020833,overhead
56.11474609375,47.58154296875,40.194091796875,47.963460286458336,overhead
133.821044921875,133.821044921875,133.821044921875,133.821044921875,overhead
84.157958984375,58.49853515625,38.882080078125,60.512858072916664,overhead
57.3466796875,47.624755859375,39.492431640625,48.154622395833336,overhead
104.47119140625,78.857666015625,68.373291015625,83.90071614583333,overhead
79.51318359375,54.21533203125,43.951416015625,59.226643880208336,overhead
48.596923828125,59.261962890625,75.909912109375,61.256266276041664,overhead
58.373291015625,39.85693359375,27.133544921875,41.787923177083336,overhead
99.98291015625,79.07568359375,44.954833984375,74.671142578125,overhead
53.868408203125,39.095947265625,35.644775390625,42.869710286458336,overhead
48.64208984375,50.73583984375,51.73095703125,50.36962890625,overhead
96.0185546875,49.680419921875,57.6943359375,67.79777018229167,overhead
57.728515625,39.031494140625,26.9052734375,41.221761067708336,overhead
87.347412109375,70.052001953125,66.557373046875,74.65226236979167,overhead
63.416748046875,50.97705078125,48.65380859375,54.349202473958336,overhead
65.742431640625,50.717041015625,45.837890625,54.09912109375,overhead
9.3984375,30.849853515625,24.33935546875,21.529215494791668,overhead
57.99951171875,38.18505859375,33.09375,43.0927734375,overhead
51.02978515625,45.599609375,39.8291015625,45.486165364583336,overhead
17.833740234375,15.1015625,17.912109375,16.949137369791668,overhead
81.3427734375,55.234130859375,44.147705078125,60.241536458333336,overhead
65.05712890625,52.587890625,49.410888671875,55.685302734375,overhead
57.496337890625,39.2275390625,26.515380859375,41.079752604166664,overhead
154.353515625,149.15478515625,134.9375,146.14860026041666,overhead
64.870361328125,52.64404296875,50.120361328125,55.878255208333336,overhead
23.226318359375,20.085205078125,18.543212890625,20.618245442708332,overhead
71.223876953125,46.5322265625,37.1396484375,51.631917317708336,overhead
89.278076171875,81.292236328125,73.118408203125,81.22957356770833,overhead
70.37158203125,46.512939453125,37.890625,51.591715494791664,overhead
66.199462890625,43.2138671875,35.06103515625,48.158121744791664,overhead
49.463134765625,55.46435546875,105.9541015625,70.29386393229167,overhead
58.945068359375,45.5458984375,41.6318359375,48.707600911458336,overhead
45.971435546875,53.327880859375,56.98486328125,52.0947265625,overhead
29.440185546875,34.553466796875,43.673583984375,35.889078776041664,overhead
59.77734375,59.77734375,59.77734375,59.77734375,overhead
16.802490234375,14.6630859375,16.705078125,16.056884765625,overhead
16.96875,14.44189453125,16.67529296875,16.028645833333332,overhead
40.487060546875,25.632080078125,23.89697265625,30.00537109375,overhead
64.193359375,52.309326171875,49.88330078125,55.461995442708336,overhead
40.469482421875,34.470947265625,28.81494140625,34.585123697916664,overhead
41.746826171875,36.617431640625,31.781494140625,36.715250651041664,overhead
39.804443359375,32.31298828125,28.8857421875,33.667724609375,overhead
46.047119140625,45.779052734375,35.77783203125,42.53466796875,overhead
41.510009765625,35.75390625,32.771484375,36.678466796875,overhead
49.713134765625,42.997314453125,35.18798828125,42.6328125,overhead
38.3779296875,32.826416015625,29.682373046875,33.62890625,overhead
64.909423828125,52.235107421875,49.234375,55.459635416666664,overhead
46.740478515625,63.97265625,64.212890625,58.308675130208336,overhead
66.286865234375,47.114013671875,29.474609375,47.625162760416664,overhead
52.12060546875,41.443359375,26.883544921875,40.149169921875,overhead
87.97607421875,88.1083984375,84.910400390625,86.998291015625,overhead
39.94384765625,26.184326171875,23.11572265625,29.747965494791668,overhead
49.785888671875,30.5791015625,21.87353515625,34.079508463541664,overhead
61.58935546875,54.029052734375,43.3310546875,52.983154296875,overhead
16.45751953125,17.85693359375,27.72509765625,20.679850260416668,overhead
37.228271484375,32.4931640625,33.56103515625,34.427490234375,overhead
63.983642578125,49.16015625,42.501953125,51.881917317708336,overhead
51.099365234375,59.7763671875,64.65673828125,58.510823567708336,overhead
53.78515625,45.65087890625,38.995849609375,46.143961588541664,overhead
45.879150390625,44.18115234375,45.11865234375,45.059651692708336,overhead
63.495361328125,36.21435546875,27.7783203125,42.496012369791664,overhead
111.572998046875,97.817626953125,80.167236328125,96.519287109375,overhead
91.055419921875,123.08447265625,122.089111328125,112.07633463541667,overhead
57.7177734375,39.39794921875,26.68408203125,41.2666015625,overhead
57.615478515625,39.364990234375,26.66015625,41.213541666666664,overhead
53.296142578125,71.559326171875,78.755126953125,67.87019856770833,overhead
65.24853515625,53.478515625,51.003662109375,56.576904296875,overhead
70.484375,63.090576171875,59.73193359375,64.43562825520833,overhead
48.80419921875,35.37353515625,32.899658203125,39.025797526041664,overhead
55.397705078125,55.91015625,62.69873046875,58.002197265625,overhead
52.682861328125,53.216552734375,50.667236328125,52.188883463541664,overhead
120.1865234375,116.50830078125,96.15576171875,110.9501953125,overhead
40.77880859375,34.496826171875,29.7763671875,35.017333984375,overhead
14.63720703125,16.730224609375,27.360595703125,19.576009114583332,overhead
37.494384765625,30.79736328125,31.361083984375,33.217610677083336,overhead
26.28564453125,27.960205078125,28.043701171875,27.429850260416668,overhead
149.17236328125,115.6640625,131.422607421875,132.08634440104166,overhead
76.97314453125,52.613037109375,42.381103515625,57.322428385416664,overhead
65.310546875,48.138671875,36.449951171875,49.966389973958336,overhead
36.883544921875,34.898193359375,28.0029296875,33.261555989583336,overhead
41.36083984375,35.21142578125,31.07470703125,35.88232421875,overhead
67.91064453125,41.23876953125,47.352783203125,52.167399088541664,overhead
65.463134765625,53.1396484375,48.700927734375,55.767903645833336,overhead
41.2841796875,27.33154296875,24.48974609375,31.03515625,overhead
20.964599609375,24.072265625,32.350341796875,25.795735677083332,overhead
71.865234375,49.16845703125,39.8662109375,53.63330078125,overhead
40.497802734375,35.6953125,32.570556640625,36.254557291666664,overhead
193.076416015625,193.435302734375,196.72705078125,194.41292317708334,overhead
51.782470703125,42.806640625,37.182861328125,43.923990885416664,overhead
140.221435546875,119.2021484375,110.47265625,123.29874674479167,overhead
54.054931640625,36.864990234375,25.0166015625,38.6455078125,overhead
47.54248046875,52.911376953125,56.0087890625,52.154215494791664,overhead
47.733642578125,57.93505859375,74.019287109375,59.89599609375,overhead
25.92724609375,24.7978515625,27.206298828125,25.977132161458332,overhead
62.831298828125,53.87158203125,44.22314453125,53.642008463541664,overhead
111.0166015625,109.32861328125,111.899169921875,110.74812825520833,overhead
57.666748046875,47.335693359375,43.394287109375,49.465576171875,overhead
99.625732421875,81.486328125,80.1796875,87.09724934895833,overhead
89.033447265625,87.0390625,86.23486328125,87.435791015625,overhead
45.130615234375,67.063720703125,76.39892578125,62.864420572916664,overhead
60.125732421875,62.234130859375,45.961669921875,56.107177734375,overhead
50.260986328125,40.381103515625,34.03076171875,41.5576171875,overhead
66.441162109375,55.01416015625,46.568603515625,56.007975260416664,overhead
60.114501953125,52.52880859375,42.60302734375,51.748779296875,overhead
25.791259765625,24.955322265625,27.36767578125,26.0380859375,overhead
144.840576171875,145.9892578125,136.7900390625,142.53995768229166,overhead
32.388671875,31.9755859375,30.05908203125,31.474446614583332,overhead
54.841796875,40.130126953125,36.70703125,43.892985026041664,overhead
213.88671875,206.520751953125,200.012451171875,206.806640625,overhead
51.43359375,66.692138671875,73.26318359375,63.796305338541664,overhead
110.22412109375,100.6953125,85.6923828125,98.87060546875,overhead
90.7275390625,66.28369140625,51.629638671875,69.54695638020833,overhead
27.42529296875,37.428466796875,45.484375,36.779378255208336,overhead
58.945068359375,56.330322265625,49.301513671875,54.858968098958336,overhead
34.60986328125,37.30810546875,41.803955078125,37.907307942708336,overhead
110.0986328125,150.701171875,174.494384765625,145.09806315104166,overhead
26.025634765625,25.0361328125,27.39990234375,26.153889973958332,overhead
51.95703125,51.961669921875,51.861572265625,51.9267578125,overhead
68.64697265625,57.258544921875,44.98876953125,56.964762369791664,overhead
66.255859375,43.454833984375,34.906005859375,48.20556640625,overhead
98.636962890625,80.794677734375,86.384033203125,88.605224609375,overhead
12.609375,10.458251953125,11.1376953125,11.401774088541666,overhead
59.077880859375,40.436767578125,27.4921875,42.335611979166664,overhead
102.964111328125,95.9765625,81.707763671875,93.54947916666667,overhead
37.43408203125,38.342041015625,40.090576171875,38.622233072916664,overhead
56.8212890625,56.8212890625,56.8212890625,56.8212890625,overhead
16.9189453125,14.505859375,16.841552734375,16.088785807291668,overhead
61.61669921875,63.80615234375,47.09521484375,57.506022135416664,overhead
24.14599609375,21.1748046875,23.435546875,22.918782552083332,overhead
39.532470703125,32.5869140625,29.966796875,34.028727213541664,overhead
108.386474609375,99.683349609375,82.95654296875,97.0087890625,overhead
79.3251953125,52.99560546875,42.507080078125,58.275960286458336,overhead
35.67919921875,30.9111328125,31.82080078125,32.8037109375,overhead
11.344970703125,8.092529296875,12.389892578125,10.609130859375,overhead
35.175537109375,42.239990234375,48.796630859375,42.070719401041664,overhead
28.302734375,33.92431640625,41.73974609375,34.655598958333336,overhead
83.4658203125,100.18310546875,80.63037109375,88.09309895833333,overhead
126.212646484375,101.358642578125,95.3369140625,107.63606770833333,overhead
71.142578125,46.55859375,37.047607421875,51.582926432291664,overhead
71.8076171875,87.265869140625,13.09130859375,57.388264973958336,overhead
76.1240234375,50.814453125,40.181640625,55.706705729166664,overhead
44.203125,36.422607421875,31.4130859375,37.346272786458336,overhead
56.781494140625,67.343017578125,96.83642578125,73.65364583333333,overhead
12.783447265625,20.482177734375,22.41015625,18.55859375,overhead
46.3154296875,39.841796875,32.887939453125,39.681722005208336,overhead
26.082275390625,25.070068359375,27.39599609375,26.182779947916668,overhead
26.025634765625,23.2353515625,25.16845703125,24.809814453125,overhead
25.137451171875,26.83837890625,26.71533203125,26.230387369791668,overhead
82.787841796875,78.226806640625,68.54345703125,76.51936848958333,overhead
41.202880859375,33.611083984375,31.3408203125,35.384928385416664,overhead
39.382080078125,51.380859375,60.943359375,50.568766276041664,overhead
39.947021484375,45.21533203125,50.388916015625,45.183756510416664,overhead
49.876708984375,36.564697265625,33.841796875,40.094401041666664,overhead
65.1318359375,53.631103515625,50.67626953125,56.479736328125,overhead
96.986572265625,132.210205078125,206.40576171875,145.20084635416666,overhead
73.52001953125,68.78466796875,60.863037109375,67.72257486979167,overhead
100.626220703125,82.384765625,80.981689453125,87.99755859375,overhead
72.983154296875,48.4951171875,38.800537109375,53.42626953125,overhead
65.73486328125,52.63427734375,45.91650390625,54.761881510416664,overhead
21.337890625,18.298828125,21.2236328125,20.286783854166668,overhead
98.664794921875,80.822998046875,86.44287109375,88.6435546875,overhead
109.15966796875,93.649169921875,86.080078125,96.29630533854167,overhead
16.958251953125,14.435546875,16.410400390625,15.934733072916666,overhead
58.002685546875,64.608642578125,67.6220703125,63.4111328125,overhead
68.066162109375,49.020263671875,37.389404296875,51.491943359375,overhead
47.423828125,56.7119140625,54.268798828125,52.801513671875,overhead
59.5654296875,40.27978515625,36.282470703125,45.375895182291664,overhead
16.158447265625,18.400146484375,28.88916015625,21.149251302083332,overhead
41.890869140625,42.077392578125,38.477783203125,40.815348307291664,overhead
44.827880859375,46.517822265625,49.14990234375,46.831868489583336,overhead
101.669189453125,120.042236328125,122.566162109375,114.75919596354167,overhead
73.1484375,49.295654296875,40.13232421875,54.192138671875,overhead
70.3017578125,46.572509765625,37.737548828125,51.537272135416664,overhead
49.986572265625,40.556396484375,35.27099609375,41.93798828125,overhead
43.498046875,53.99462890625,59.884033203125,52.458902994791664,overhead
58.103759765625,40.14208984375,30.001220703125,42.7490234375,overhead
48.319091796875,107.676513671875,108.853271484375,88.282958984375,overhead
102.71240234375,109.601806640625,104.9453125,105.753173828125,overhead
16.833984375,14.432373046875,16.890869140625,16.052408854166668,overhead
117.302734375,90.760986328125,76.20849609375,94.75740559895833,overhead
77.29638671875,76.0546875,89.304443359375,80.88517252604167,overhead
29.31005859375,35.480224609375,25.91845703125,30.236246744791668,overhead
170.244873046875,172.015625,174.9716796875,172.41072591145834,overhead
35.51220703125,32.56787109375,35.1318359375,34.403971354166664,overhead
54.612060546875,36.18896484375,32.891845703125,41.23095703125,overhead
58.532470703125,38.856689453125,34.635009765625,44.008056640625,overhead
125.972900390625,101.139404296875,95.5263671875,107.54622395833333,overhead
57.91943359375,39.337158203125,26.978515625,41.411702473958336,overhead
61.420166015625,53.748291015625,43.162841796875,52.777099609375,overhead
54.345458984375,33.47021484375,24.22802734375,37.347900390625,overhead
32.823486328125,37.38525390625,43.301025390625,37.836588541666664,overhead
74.864990234375,74.864990234375,74.864990234375,74.864990234375,overhead
117.012939453125,105.37841796875,96.6904296875,106.360595703125,overhead
54.722412109375,45.2197265625,37.55615234375,45.832763671875,overhead
57.382568359375,38.82080078125,26.793212890625,40.998860677083336,overhead
80.491943359375,54.475830078125,43.865478515625,59.611083984375,overhead
97.3515625,114.313720703125,116.345947265625,109.33707682291667,overhead
157.28076171875,104.21923828125,80.50146484375,114.00048828125,overhead
67.832275390625,45.814208984375,37.402099609375,50.349527994791664,overhead
122.62451171875,96.8525390625,91.541015625,103.67268880208333,overhead
74.270263671875,63.639892578125,57.6826171875,65.19759114583333,overhead
41.84326171875,51.374267578125,61.93408203125,51.717203776041664,overhead
56.470947265625,37.29931640625,33.66943359375,42.479899088541664,overhead
15.77001953125,17.4658203125,28.103515625,20.446451822916668,overhead
42.370849609375,42.370849609375,42.370849609375,42.370849609375,overhead
50.754638671875,37.316162109375,34.974609375,41.01513671875,overhead
175.3974609375,168.80126953125,151.962646484375,165.38712565104166,overhead
5.418212890625,13.236328125,11.152099609375,9.935546875,overhead
73.4248046875,85.427490234375,45.4990234375,68.11710611979167,overhead
82.60791015625,102.636474609375,117.65380859375,100.966064453125,overhead
40.917724609375,34.802978515625,32.033447265625,35.918050130208336,overhead
15.972900390625,51.06591796875,22.448486328125,29.8291015625,overhead
50.172607421875,36.802734375,34.555908203125,40.510416666666664,overhead
57.242919921875,56.389892578125,62.031494140625,58.554768880208336,overhead
48.434326171875,31.280029296875,29.021728515625,36.245361328125,overhead
108.164794921875,7.107177734375,6.1875,40.486490885416664,overhead
21.410888671875,17.234130859375,11.681640625,16.775553385416668,overhead
23.8388671875,19.192138671875,12.92724609375,18.652750651041668,overhead
16.486328125,27.7890625,40.380126953125,28.218505859375,overhead
49.00048828125,29.880126953125,21.7021484375,33.527587890625,overhead
124.024658203125,102.60986328125,98.199951171875,108.27815755208333,overhead
125.510986328125,100.804931640625,95.144775390625,107.153564453125,overhead
137.95654296875,124.80029296875,125.52197265625,129.42626953125,overhead
26.05224609375,24.9599609375,27.3505859375,26.120930989583332,overhead
39.16064453125,33.8583984375,31.108154296875,34.709065755208336,overhead
65.99072265625,43.093017578125,34.8974609375,47.993733723958336,overhead
78.80322265625,78.80322265625,78.80322265625,78.80322265625,overhead
96.711181640625,164.21240234375,177.796875,146.24015299479166,overhead
58.289794921875,58.289794921875,58.289794921875,58.289794921875,overhead
44.98046875,50.001708984375,53.93212890625,49.638102213541664,overhead
49.165771484375,35.341064453125,33.256103515625,39.254313151041664,overhead
17.947021484375,14.559814453125,16.734130859375,16.413655598958332,overhead
58.828857421875,39.177734375,35.0830078125,44.363199869791664,overhead
39.196533203125,27.1396484375,19.771240234375,28.702473958333332,overhead
41.4521484375,36.091064453125,33.303466796875,36.948893229166664,overhead
58.623291015625,39.938232421875,35.962158203125,44.841227213541664,overhead
56.7509765625,38.34375,26.47802734375,40.524251302083336,overhead
76.277587890625,76.277587890625,76.277587890625,76.277587890625,overhead
50.9951171875,42.109130859375,35.47607421875,42.860107421875,overhead
81.106689453125,35.775146484375,66.235595703125,61.039143880208336,overhead
47.30517578125,34.15283203125,32.01123046875,37.823079427083336,overhead
27.5126953125,29.20849609375,28.7021484375,28.474446614583332,overhead
78.148681640625,76.334228515625,48.482421875,67.65511067708333,overhead
92.8056640625,66.078857421875,49.511962890625,69.46549479166667,overhead
54.26708984375,33.134033203125,24.314208984375,37.238444010416664,overhead
40.46337890625,34.604736328125,31.987548828125,35.685221354166664,overhead
121.404052734375,112.2666015625,106.624267578125,113.431640625,overhead
58.74951171875,40.244140625,27.2998046875,42.097819010416664,overhead
54.358642578125,46.441162109375,39.8916015625,46.897135416666664,overhead
46.630126953125,30.939208984375,20.775390625,32.781575520833336,overhead
99.23583984375,77.6513671875,67.607666015625,81.498291015625,overhead
175.751953125,215.802001953125,213.402099609375,201.65201822916666,overhead
63.779541015625,54.986572265625,45.509521484375,54.758544921875,overhead
67.8515625,49.85546875,37.427001953125,51.711344401041664,overhead
126.082763671875,101.196044921875,95.63671875,107.63850911458333,overhead
33.8232421875,32.430419921875,30.748291015625,32.333984375,overhead
16.9755859375,14.4658203125,16.828857421875,16.090087890625,overhead
30.44091796875,36.518798828125,46.38525390625,37.781656901041664,overhead
40.739013671875,46.2548828125,53.996826171875,46.996907552083336,overhead
63.948974609375,54.191162109375,45.07421875,54.40478515625,overhead
39.84375,73.51953125,51.7509765625,55.0380859375,overhead
71.20263671875,60.879150390625,53.065185546875,61.715657552083336,overhead
51.53369140625,38.07666015625,35.706787109375,41.772379557291664,overhead
117.047119140625,97.083740234375,95.10302734375,103.07796223958333,overhead
82.26904296875,57.775146484375,42.330078125,60.791422526041664,overhead
70.898193359375,63.75146484375,52.94482421875,62.531494140625,overhead
38.68896484375,50.205078125,59.61279296875,49.502278645833336,overhead
122.20556640625,119.36083984375,116.573974609375,119.380126953125,overhead
7.754638671875,25.56494140625,30.696044921875,21.338541666666668,overhead
67.85107421875,129.09619140625,143.979736328125,113.642333984375,overhead
42.791015625,50.038818359375,60.573974609375,51.134602864583336,overhead
33.26123046875,24.15234375,21.718994140625,26.377522786458332,overhead
73.917236328125,50.121826171875,40.651123046875,54.896728515625,overhead
30.274169921875,83.021240234375,119.949462890625,77.748291015625,overhead
61.741943359375,47.6650390625,42.193115234375,50.533365885416664,overhead
170.991943359375,174.03662109375,188.27099609375,177.76652018229166,overhead
49.4873046875,79.216064453125,130.592529296875,86.43196614583333,overhead
48.792724609375,35.79541015625,33.37158203125,39.319905598958336,overhead
26.5927734375,33.763427734375,37.60791015625,32.654703776041664,overhead
44.79296875,34.758544921875,29.036376953125,36.195963541666664,overhead
18.534912109375,15.7978515625,18.28369140625,17.538818359375,overhead
56.81201171875,52.04345703125,44.7021484375,51.185872395833336,overhead
49.802978515625,52.39306640625,60.755126953125,54.317057291666664,overhead
25.930419921875,24.7998046875,27.242431640625,25.990885416666668,overhead
52.784423828125,38.2998046875,34.678466796875,41.9208984375,overhead
89.052734375,64.360107421875,52.02099609375,68.47794596354167,overhead
43.107421875,44.120849609375,42.823486328125,43.3505859375,overhead
60.23828125,62.339599609375,46.062744140625,56.213541666666664,overhead
54.3056640625,43.015625,30.842041015625,42.721110026041664,overhead
50.604736328125,37.095458984375,34.45068359375,40.716959635416664,overhead
83.190673828125,57.58837890625,34.10205078125,58.293701171875,overhead
101.974609375,84.011474609375,81.633544921875,89.20654296875,overhead
57.90771484375,39.28955078125,27.0419921875,41.4130859375,overhead
70.810791015625,55.1572265625,52.831298828125,59.599772135416664,overhead
38.18701171875,24.870849609375,22.318359375,28.458740234375,overhead
57.4189453125,45.52490234375,36.675048828125,46.539632161458336,overhead
142.169189453125,171.40673828125,182.249755859375,165.27522786458334,overhead
102.23291015625,86.423828125,69.3486328125,86.00179036458333,overhead
55.54345703125,37.602783203125,25.82763671875,39.657958984375,overhead
40.230712890625,26.02978515625,23.300537109375,29.853678385416668,overhead
26.262451171875,51.791259765625,63.015380859375,47.023030598958336,overhead
60.177001953125,59.186279296875,80.804443359375,66.72257486979167,overhead
123.390380859375,110.8056640625,105.330322265625,113.17545572916667,overhead
75.33447265625,51.094970703125,41.121826171875,55.850423177083336,overhead
134.476318359375,121.75634765625,93.653564453125,116.62874348958333,overhead
124.62841796875,113.82666015625,105.16748046875,114.54085286458333,overhead
56.99169921875,47.42529296875,39.47314453125,47.96337890625,overhead
23.591064453125,24.269775390625,23.36328125,23.741373697916668,overhead
65.4560546875,52.996337890625,49.439697265625,55.964029947916664,overhead
35.072509765625,16.332275390625,22.514892578125,24.639892578125,overhead
19.31494140625,16.498046875,18.860107421875,18.224365234375,overhead
60.0185546875,60.0185546875,60.0185546875,60.0185546875,overhead
57.95703125,50.537353515625,40.836181640625,49.77685546875,overhead
63.18212890625,48.938720703125,44.5,52.206949869791664,overhead
17.16552734375,14.613037109375,17.4912109375,16.423258463541668,overhead
56.8056640625,56.8056640625,56.8056640625,56.8056640625,overhead
39.44384765625,41.713623046875,44.433837890625,41.86376953125,overhead
67.28466796875,53.3876953125,55.3037109375,58.65869140625,overhead
14.532958984375,16.3798828125,27.23681640625,19.383219401041668,overhead
214.171630859375,130.9501953125,135.864501953125,160.32877604166666,overhead
58.844482421875,58.844482421875,58.844482421875,58.844482421875,overhead
53.35302734375,32.39306640625,23.486572265625,36.410888671875,overhead
57.20166015625,38.8212890625,26.574462890625,40.865804036458336,overhead
67.54736328125,64.71142578125,61.767333984375,64.67537434895833,overhead
77.2705078125,80.367919921875,85.063720703125,80.90071614583333,overhead
42.84521484375,48.740234375,51.609619140625,47.731689453125,overhead
107.011474609375,84.286865234375,41.214111328125,77.504150390625,overhead
130.726318359375,116.4033203125,43.12255859375,96.750732421875,overhead
125.86328125,100.8916015625,95.48046875,107.41178385416667,overhead
158.781005859375,145.389404296875,145.76318359375,149.97786458333334,overhead
50.28515625,43.4345703125,35.54931640625,43.089680989583336,overhead
40.4111328125,35.5126953125,31.59375,35.839192708333336,overhead
93.072509765625,108.2587890625,109.718505859375,103.68326822916667,overhead
41.086181640625,35.430908203125,32.87939453125,36.465494791666664,overhead
39.56201171875,51.412353515625,60.94873046875,50.641031901041664,overhead
37.518798828125,32.776611328125,29.015869140625,33.103759765625,overhead
59.490478515625,45.602294921875,41.372802734375,48.821858723958336,overhead
50.72802734375,61.60986328125,58.111328125,56.81640625,overhead
44.150146484375,52.8125,63.188232421875,53.383626302083336,overhead
100.8603515625,79.27197265625,65.931884765625,82.02140299479167,overhead
135.45556640625,138.909423828125,109.399658203125,127.92154947916667,overhead
53.61767578125,52.98388671875,48.866943359375,51.822835286458336,overhead
24.781494140625,30.275390625,38.7958984375,31.284261067708332,overhead
50.287841796875,55.900146484375,65.953369140625,57.380452473958336,overhead
52.623291015625,38.447265625,35.71240234375,42.260986328125,overhead
83.669921875,63.339599609375,51.45556640625,66.155029296875,overhead
109.445556640625,32.898193359375,9.350341796875,50.564697265625,overhead
113.246337890625,113.246337890625,113.246337890625,113.246337890625,overhead
60.79736328125,62.938720703125,46.618408203125,56.784830729166664,overhead
48.94482421875,67.208740234375,47.7509765625,54.634847005208336,overhead
75.94384765625,75.94384765625,75.94384765625,75.94384765625,overhead
70.99658203125,46.280517578125,36.989990234375,51.42236328125,overhead
101.99853515625,83.9111328125,81.686279296875,89.19864908854167,overhead
65.878662109375,48.58251953125,36.767822265625,50.40966796875,overhead
90.93505859375,84.0009765625,72.248779296875,82.39493815104167,overhead
20.52587890625,17.623291015625,20.275146484375,19.474772135416668,overhead
15.3046875,17.31201171875,27.4345703125,20.01708984375,overhead
37.74853515625,31.2353515625,31.853759765625,33.612548828125,overhead
67.5615234375,65.560302734375,61.434814453125,64.85221354166667,overhead
60.03515625,62.072265625,45.64404296875,55.917154947916664,overhead
80.97607421875,54.9091796875,44.319091796875,60.068115234375,overhead
65.270263671875,53.410888671875,50.89111328125,56.524088541666664,overhead
20.082275390625,17.210693359375,19.74072265625,19.01123046875,overhead
54.35302734375,45.498779296875,38.594970703125,46.14892578125,overhead
17.086181640625,14.298095703125,16.61328125,15.999186197916666,overhead
53.997314453125,33.76220703125,24.505615234375,37.421712239583336,overhead
57.9052734375,48.01953125,40.052734375,48.6591796875,overhead
52.902099609375,43.90576171875,36.89794921875,44.568603515625,overhead
142.67822265625,125.025146484375,113.6728515625,127.12540690104167,overhead
17.67822265625,14.466796875,16.887451171875,16.344156901041668,overhead
18.27880859375,24.9052734375,30.138671875,24.44091796875,overhead
71.07373046875,46.33984375,36.73681640625,51.383463541666664,overhead
2.881591796875,3.08251953125,4.0107421875,3.324951171875,overhead
106.77978515625,87.121337890625,95.67724609375,96.526123046875,overhead
58.320068359375,38.45263671875,33.96826171875,43.580322265625,overhead
43.87841796875,28.754150390625,27.405517578125,33.346028645833336,overhead
23.722412109375,26.28955078125,28.26904296875,26.093668619791668,overhead
22.783203125,29.703857421875,42.58544921875,31.690836588541668,overhead
36.119384765625,31.57958984375,32.223876953125,33.3076171875,overhead
86.2265625,86.2265625,86.2265625,86.2265625,overhead
54.836181640625,37.699462890625,27.53759765625,40.0244140625,overhead
101.96630859375,83.65087890625,81.674072265625,89.09708658854167,overhead
41.91552734375,34.477783203125,31.27197265625,35.888427734375,overhead
142.857177734375,125.450439453125,114.381103515625,127.56290690104167,overhead
39.5078125,39.5078125,39.5078125,39.5078125,overhead
51.048583984375,37.2880859375,34.039306640625,40.7919921875,overhead
54.825439453125,32.93408203125,23.634033203125,37.131184895833336,overhead
79.75,56.46533203125,46.685302734375,60.966878255208336,overhead
125.6318359375,100.80224609375,95.349609375,107.26123046875,overhead
109.408203125,107.390625,100.88427734375,105.89436848958333,overhead
162.6640625,155.370361328125,139.9326171875,152.65568033854166,overhead
146.22412109375,143.07568359375,131.2548828125,140.18489583333334,overhead
